gap_index_n,c_n,c_n_plus_1,delta_c,log10_delta_c,p_n,q_n,k_n,d_n,p_n_plus_1,q_n_plus_1,k_n_plus_1,d_n_plus_1
1,10841,13719821,13708980,7.137005142838,29,100,0,1,1459,5031,1,2
2,13719821,14832325,1112504,6.046301581158,1459,5031,1,2,1517,5231,1,2
3,14832325,15988193,1155868,6.062908240534,1517,5231,1,2,1575,5431,1,2
4,15988193,17187425,1199232,6.078903208598,1575,5431,1,2,1633,5631,1,2
5,17187425,18430021,1242596,6.094329951256,1633,5631,1,2,1691,5831,1,2
6,18430021,19715981,1285960,6.109227459996,1691,5831,1,2,1749,6031,1,2
7,19715981,21045305,1329324,6.123630845700,1749,6031,1,2,1807,6231,1,2
8,21045305,22417993,1372688,6.137571837108,1807,6231,1,2,1865,6431,1,2
9,22417993,23834045,1416052,6.151079201728,1865,6431,1,2,1923,6631,1,2
10,23834045,25293461,1459416,6.164179103239,1923,6631,1,2,1981,6831,1,2
11,25293461,26796241,1502780,6.176895406549,1981,6831,1,2,2039,7031,1,2
12,26796241,28342385,1546144,6.189249939448,2039,7031,1,2,2097,7231,1,2
13,28342385,28541305,198920,5.298678450560,2097,7231,1,2,1488,5131,1,1
14,28541305,29931893,1390588,6.143198477346,1488,5131,1,1,2155,7431,1,2
15,29931893,30809677,877784,5.943387660383,2155,7431,1,2,1546,5331,1,1
16,30809677,31564765,755088,5.877997568434,1546,5331,1,1,2213,7631,1,2
17,31564765,33164777,1600012,6.204123239852,2213,7631,1,2,1604,5531,1,1
18,33164777,33241001,76224,4.882091735467,1604,5531,1,1,2271,7831,1,2
19,33241001,34960601,1719600,6.235427436445,2271,7831,1,2,2329,8031,1,2
20,34960601,35606605,646004,5.810235207117,2329,8031,1,2,1662,5731,1,1
21,35606605,36723565,1116960,6.048037620662,1662,5731,1,1,2387,8231,1,2
22,36723565,38135161,1411596,6.149710419042,2387,8231,1,2,1720,5931,1,1
23,38135161,38529893,394732,5.596302335061,1720,5931,1,1,2445,8431,1,2
24,38529893,40379585,1849692,6.267099418221,2445,8431,1,2,2503,8631,1,2
25,40379585,40750445,370860,5.569209993975,2503,8631,1,2,1778,6131,1,1
26,40750445,42272641,1522196,6.182470576375,1778,6131,1,1,2561,8831,1,2
27,42272641,43452457,1179816,6.071814281530,2561,8831,1,2,1836,6331,1,1
28,43452457,44209061,756604,5.878868632983,1836,6331,1,1,2619,9031,1,2
29,44209061,46188845,1979784,6.296617810097,2619,9031,1,2,2677,9231,1,2
30,46188845,46241197,52352,4.718933277655,2677,9231,1,2,1894,6531,1,1
31,46241197,48211993,1970796,6.294641672144,1894,6531,1,1,2735,9431,1,2
32,48211993,49116665,904672,5.956491148918,2735,9431,1,2,1952,6731,1,1
33,49116665,50278505,1161840,6.065146324352,1952,6731,1,1,2793,9631,1,2
34,50278505,52078861,1800356,6.255358390408,2793,9631,1,2,2010,6931,1,1
35,52078861,52388381,309520,5.490688716713,2010,6931,1,1,2851,9831,1,2
36,52388381,54541621,2153240,6.333092438958,2851,9831,1,2,2909,10031,1,2
37,54541621,55127785,586164,5.768019142179,2909,10031,1,2,2068,7131,1,1
38,55127785,56738225,1610440,6.206944548992,2068,7131,1,1,2967,10231,1,2
39,56738225,58263437,1525212,6.183330213539,2967,10231,1,2,2126,7331,1,1
40,58263437,58978193,714756,5.854157809719,2126,7331,1,1,3025,10431,1,2
41,58978193,61261525,2283332,6.358569063170,3025,10431,1,2,3083,10631,1,2
42,61261525,61485817,224292,5.350813783535,3083,10631,1,2,2184,7531,1,1
43,61485817,63588221,2102404,6.322716174162,2184,7531,1,1,3141,10831,1,2
44,63588221,64794925,1206704,6.081600752341,3141,10831,1,2,2242,7731,1,1
45,64794925,65958281,1163356,6.065712634055,2242,7731,1,1,3199,11031,1,2
46,65958281,68190761,2232480,6.348787576887,3199,11031,1,2,2300,7931,1,1
47,68190761,68371705,180944,5.257544186725,2300,7931,1,1,3257,11231,1,2
48,68371705,70828493,2456788,6.390367682161,3257,11231,1,2,3315,11431,1,2
49,70828493,71673325,844832,5.926770355427,3315,11431,1,2,2358,8131,1,1
50,71673325,73328645,1655320,6.218881962342,2358,8131,1,1,3373,11631,1,2
51,73328645,75242617,1913972,6.281935580079,3373,11631,1,2,2416,8331,1,1
52,75242617,75872161,629544,5.799026089153,2416,8331,1,1,3431,11831,1,2
53,75872161,78459041,2586880,6.412776283163,3431,11831,1,2,3489,12031,1,2
54,78459041,78898637,439596,5.643053732009,3489,12031,1,2,2474,8531,1,1
55,78898637,81089285,2190648,6.340572599405,2474,8531,1,1,3547,12231,1,2
56,81089285,82641385,1552100,6.190919698913,3547,12231,1,2,2532,8731,1,1
57,82641385,83762893,1121508,6.049802375862,2532,8731,1,1,3605,12431,1,2
58,83762893,86470861,2707968,6.432643527995,3605,12431,1,2,2590,8931,1,1
59,86470861,86479865,9004,3.954435486328,2590,8931,1,1,3663,12631,1,2
60,86479865,89240201,2760336,6.440961949480,3663,12631,1,2,3721,12831,1,2
61,89240201,90387065,1146864,6.059511920472,3721,12831,1,2,2648,9131,1,1
62,90387065,92043901,1656836,6.219279522409,2648,9131,1,1,3779,13031,1,2
63,92043901,94389997,2346096,6.370345779057,3779,13031,1,2,2706,9331,1,1
64,94389997,94890965,500968,5.699809985613,2706,9331,1,1,3837,13231,1,2
65,94890965,97781393,2890428,6.460962155655,3837,13231,1,2,3895,13431,1,2
66,97781393,98479657,698264,5.844019651945,3895,13431,1,2,2764,9531,1,1
67,98479657,100715185,2235528,6.349380113779,2764,9531,1,1,3953,13631,1,2
68,100715185,102656045,1940860,6.287994209566,3953,13631,1,2,2822,9731,1,1
69,102656045,103692341,1036296,6.015483821824,2822,9731,1,1,4011,13831,1,2
70,103692341,106712861,3020520,6.480081715702,4011,13831,1,2,4069,14031,1,2
71,106712861,106919161,206300,5.314499227973,4069,14031,1,2,2880,9931,1,1
72,106919161,109776745,2857584,6.455999005542,2880,9931,1,1,4127,14231,1,2
73,109776745,111269005,1492260,6.173844497887,4127,14231,1,2,2938,10131,1,1
74,111269005,111951053,682048,5.833814939761,2938,10131,1,1,2947,10162,2,1
75,111951053,112883993,932940,5.969853713943,2947,10162,2,1,4185,14431,1,2
76,112883993,115705577,2821584,6.450492983968,4185,14431,1,2,2996,10331,1,1
77,115705577,116034605,329028,5.517232857610,2996,10331,1,1,4243,14631,1,2
78,116034605,116401069,366464,5.564031317669,4243,14631,1,2,3005,10362,2,1
79,116401069,119228581,2827512,6.451404456753,3005,10362,2,1,4301,14831,1,2
80,119228581,120228877,1000296,6.000128532145,4301,14831,1,2,3054,10531,1,1
81,120228877,120937813,708936,5.850607030527,3054,10531,1,1,3063,10562,2,1
82,120937813,122465921,1528108,6.184154049362,3063,10562,2,1,4359,15031,1,2
83,122465921,124838905,2372984,6.375294809968,4359,15031,1,2,3112,10731,1,1
84,124838905,125561285,722380,5.858765713482,3112,10731,1,1,3121,10762,2,1
85,125561285,125746625,185340,5.267969158685,3121,10762,2,1,4417,15231,1,2
86,125746625,126772537,1025912,6.011110109749,4417,15231,1,2,4435,15293,3,2
87,126772537,129070693,2298156,6.361379505484,4435,15293,3,2,4475,15431,1,2
88,129070693,129535661,464968,5.667423064929,4475,15431,1,2,3170,10931,1,1
89,129535661,130110049,574388,5.759205358135,3170,10931,1,1,4493,15493,3,2
90,130110049,130271485,161436,5.208000388242,4493,15493,3,2,3179,10962,2,1
91,130271485,132438125,2166640,6.335786756727,3179,10962,2,1,4533,15631,1,2
92,132438125,134319145,1881020,6.274393413224,4533,15631,1,2,3228,11131,1,1
93,134319145,135068413,749268,5.874637184993,3228,11131,1,1,3237,11162,2,1
94,135068413,135848921,780508,5.892377358825,3237,11162,2,1,4591,15831,1,2
95,135848921,136915165,1066244,6.027856600308,4591,15831,1,2,4609,15893,3,2
96,136915165,139189357,2274192,6.356827127467,4609,15893,3,2,3286,11331,1,1
97,139189357,139303081,113724,5.055852126672,3286,11331,1,1,4649,16031,1,2
98,139303081,139952069,648988,5.812236666628,4649,16031,1,2,3295,11362,2,1
99,139952069,140382769,430700,5.634174871763,3295,11362,2,1,4667,16093,3,2
100,140382769,142800605,2417836,6.383426839655,4667,16093,3,2,4707,16231,1,2
101,142800605,144146297,1345692,6.128945670581,4707,16231,1,2,3344,11531,1,1
102,144146297,144922453,776156,5.889949019106,3344,11531,1,1,3353,11562,2,1
103,144922453,146341493,1419040,6.151994637554,3353,11562,2,1,4765,16431,1,2
104,146341493,147448069,1106576,6.043981246774,4765,16431,1,2,4783,16493,3,2
105,147448069,149189965,1741896,6.241022221869,4783,16493,3,2,3402,11731,1,1
106,149189965,149925745,735780,5.866747978646,3402,11731,1,1,4823,16631,1,2
107,149925745,149979565,53820,4.730943693428,4823,16631,1,2,3411,11762,2,1
108,149979565,151045765,1066200,6.027838678189,3411,11762,2,1,4841,16693,3,2
109,151045765,153553361,2507596,6.399257568401,4841,16693,3,2,4881,16831,1,2
110,153553361,154320361,767000,5.884795363949,4881,16831,1,2,3460,11931,1,1
111,154320361,155123405,803044,5.904739341585,3460,11931,1,1,3469,11962,2,1
112,155123405,157224341,2100936,6.322412822863,3469,11962,2,1,4939,17031,1,2
113,157224341,158371249,1146908,6.059528582073,4939,17031,1,2,4957,17093,3,2
114,158371249,159537485,1166236,6.066786443328,4957,17093,3,2,3518,12131,1,1
115,159537485,160353973,816488,5.911949806253,3518,12131,1,1,3527,12162,2,1
116,160353973,160938685,584712,5.766942006921,3527,12162,2,1,4997,17231,1,2
117,160938685,162099037,1160352,6.064589755148,4997,17231,1,2,5015,17293,3,2
118,162099037,164696393,2597356,6.414531479179,5015,17293,3,2,5055,17431,1,2
119,164696393,164841337,144944,5.161200242314,5055,17431,1,2,3576,12331,1,1
120,164841337,165671269,829932,5.919042510166,3576,12331,1,1,3585,12362,2,1
121,165671269,168497465,2826196,6.451202277388,3585,12362,2,1,5113,17631,1,2
122,168497465,169684705,1187240,6.074538520252,5113,17631,1,2,5131,17693,3,2
123,169684705,170231917,547212,5.738155612609,5131,17693,3,2,3634,12531,1,1
124,170231917,171075293,843376,5.926021238111,3634,12531,1,1,3643,12562,2,1
125,171075293,172341901,1266608,6.102642226740,3643,12562,2,1,5171,17831,1,2
126,172341901,173542585,1200684,6.079428723378,5171,17831,1,2,5189,17893,3,2
127,173542585,175709225,2166640,6.335786756727,5189,17893,3,2,3692,12731,1,1
128,175709225,176229701,520476,5.716400708279,3692,12731,1,1,5229,18031,1,2
129,176229701,176566045,336344,5.526783684761,5229,18031,1,2,3701,12762,2,1
130,176566045,180160865,3594820,6.555677149249,3701,12762,2,1,5287,18231,1,2
131,180160865,181273261,1112396,6.046259418541,5287,18231,1,2,3750,12931,1,1
132,181273261,181388437,115176,5.061361991644,3750,12931,1,1,5305,18293,3,2
133,181388437,182143525,755088,5.877997568434,5305,18293,3,2,3759,12962,2,1
134,182143525,184135393,1991868,6.299260554584,3759,12962,2,1,5345,18431,1,2
135,184135393,185376409,1241016,6.093777380747,5345,18431,1,2,5363,18493,3,2
136,185376409,186924025,1547616,6.189663211018,5363,18493,3,2,3808,13131,1,1
137,186924025,187807733,883708,5.946308786577,3808,13131,1,1,3817,13162,2,1
138,187807733,188153285,345552,5.538513410940,3817,13162,2,1,5403,18631,1,2
139,188153285,192214541,4061256,6.608660365970,5403,18631,1,2,5461,18831,1,2
140,192214541,192661517,446976,5.650284204681,5461,18831,1,2,3866,13331,1,1
141,192661517,193482445,820928,5.914305068722,3866,13331,1,1,5479,18893,3,2
142,193482445,193558669,76224,4.882091735467,5479,18893,3,2,3875,13362,2,1
143,193558669,196319161,2760492,6.440986492878,3875,13362,2,1,5519,19031,1,2
144,196319161,197600509,1281348,6.107667095361,5519,19031,1,2,5537,19093,3,2
145,197600509,198485737,885228,5.947055142324,5537,19093,3,2,3924,13531,1,1
146,198485737,199396333,910596,5.959325738239,3924,13531,1,1,3933,13562,2,1
147,199396333,200467145,1070812,6.029713229441,3933,13562,2,1,5577,19231,1,2
148,200467145,204396685,3929540,6.594341713949,5577,19231,1,2,3982,13731,1,1
149,204396685,204658493,261808,5.417982913043,3982,13731,1,1,5635,19431,1,2
150,204658493,205320725,662232,5.821010162655,5635,19431,1,2,3991,13762,2,1
151,205320725,205966729,646004,5.810235207117,3991,13762,2,1,5653,19493,3,2
152,205966729,208893205,2926476,6.466344966820,5653,19493,3,2,5693,19631,1,2
153,208893205,210214885,1321680,6.121126318193,5693,19631,1,2,5711,19693,3,2
154,210214885,210394361,179476,5.254006381803,5711,19693,3,2,4040,13931,1,1
155,210394361,211331845,937484,5.971963864377,4040,13931,1,1,4049,13962,2,1
156,211331845,213171281,1839436,6.264684681903,4049,13962,2,1,5751,19831,1,2
157,213171281,216478765,3307484,6.519497751959,5751,19831,1,2,4098,14131,1,1
158,216478765,217429693,950928,5.978147635353,4098,14131,1,1,4107,14162,2,1
159,217429693,217492721,63028,4.799533526343,4107,14162,2,1,5809,20031,1,2
160,217492721,218841289,1348568,6.129872850144,5809,20031,1,2,5827,20093,3,2
161,218841289,221857525,3016236,6.479465319123,5827,20093,3,2,5867,20231,1,2
162,221857525,222649897,792372,5.898929120501,5867,20231,1,2,4156,14331,1,1
163,222649897,223219537,569640,5.755600477766,4156,14331,1,1,5885,20293,3,2
164,223219537,223614269,394732,5.596302335061,5885,20293,3,2,4165,14362,2,1
165,223614269,226265693,2651424,6.423479183084,4165,14362,2,1,5925,20431,1,2
166,226265693,228907757,2642064,6.421943333532,5925,20431,1,2,4214,14531,1,1
167,228907757,229885573,977816,5.990257139345,4214,14531,1,1,4223,14562,2,1
168,229885573,230717225,831652,5.919941636272,4223,14562,2,1,5983,20631,1,2
169,230717225,232106125,1388900,6.142670977911,5983,20631,1,2,6001,20693,3,2
170,232106125,235212121,3105996,6.492200892095,6001,20693,3,2,6041,20831,1,2
171,235212121,235252345,40224,4.604485256006,6041,20831,1,2,4272,14731,1,1
172,235252345,236243605,991260,5.996187581585,4272,14731,1,1,4281,14762,2,1
173,236243605,236614465,370860,5.569209993975,4281,14762,2,1,6059,20893,3,2
174,236614465,239750381,3135916,6.496364420969,6059,20893,3,2,6099,21031,1,2
175,239750381,241683661,1933280,6.286294758141,6099,21031,1,2,4330,14931,1,1
176,241683661,242688365,1004704,6.002038131307,4330,14931,1,1,4339,14962,2,1
177,242688365,244332005,1643640,6.215806701809,4339,14962,2,1,6157,21231,1,2
178,244332005,245761237,1429232,6.155102731339,6157,21231,1,2,6175,21293,3,2
179,245761237,248201705,2440468,6.387473117457,6175,21293,3,2,4388,15131,1,1
180,248201705,248956993,755288,5.878112584690,4388,15131,1,1,6215,21431,1,2
181,248956993,249219853,262860,5.419724503562,6215,21431,1,2,4397,15162,2,1
182,249219853,250240085,1020232,6.008698941235,4397,15162,2,1,4406,15193,3,1
183,250240085,250399669,159584,5.202989346538,4406,15193,3,1,6233,21493,3,2
184,250399669,253625345,3225676,6.508620742942,6233,21493,3,2,6273,21631,1,2
185,253625345,254806477,1181132,6.072298435859,6273,21631,1,2,4446,15331,1,1
186,254806477,255838069,1031592,6.013507965524,4446,15331,1,1,4455,15362,2,1
187,255838069,258337061,2498992,6.397764865826,4455,15362,2,1,6331,21831,1,2
188,258337061,259806625,1469564,6.167188504489,6331,21831,1,2,6349,21893,3,2
189,259806625,261497977,1691352,6.228234001299,6349,21893,3,2,4504,15531,1,1
190,261497977,262543013,1045036,6.019131251530,4504,15531,1,1,4513,15562,2,1
191,262543013,263092141,549128,5.739673588921,4513,15562,2,1,6389,22031,1,2
192,263092141,263590133,497992,5.697222366085,6389,22031,1,2,4522,15593,3,1
193,263590133,264575149,985016,5.993443284970,4522,15593,3,1,6407,22093,3,2
194,264575149,267890585,3315436,6.520540648862,6407,22093,3,2,6447,22231,1,2
195,267890585,268276205,385620,5.586159550294,6447,22231,1,2,4562,15731,1,1
196,268276205,269334685,1058480,6.024682656430,4562,15731,1,1,4571,15762,2,1
197,269334685,270395249,1060564,6.025536881253,4571,15762,2,1,4580,15793,3,1
198,270395249,272732393,2337144,6.368685471690,4580,15793,3,1,6505,22431,1,2
199,272732393,274242289,1509896,6.178947034590,6505,22431,1,2,6523,22493,3,2
200,274242289,275141161,898872,5.953697852299,6523,22493,3,2,4620,15931,1,1
201,275141161,276213085,1071924,6.030163994731,4620,15931,1,1,4629,15962,2,1
202,276213085,277617565,1404480,6.147515559165,4629,15962,2,1,6563,22631,1,2
203,277617565,279140905,1523340,6.182796845978,6563,22631,1,2,6581,22693,3,2
204,279140905,282092845,2951940,6.470107525938,6581,22693,3,2,4678,16131,1,1
205,282092845,282546101,453256,5.656343561802,4678,16131,1,1,6621,22831,1,2
206,282546101,283178213,632112,5.800794035043,6621,22831,1,2,4687,16162,2,1
207,283178213,284265665,1087452,6.036410096344,4687,16162,2,1,4696,16193,3,1
208,284265665,287518001,3252336,6.512195406359,4696,16193,3,1,6679,23031,1,2
209,287518001,289068229,1550228,6.190395576790,6679,23031,1,2,6697,23093,3,2
210,289068229,289131257,63028,4.799533526343,6697,23093,3,2,4736,16331,1,1
211,289131257,290230069,1098812,6.040923393655,4736,16331,1,1,4745,16362,2,1
212,290230069,291330965,1100896,6.041746293759,4745,16362,2,1,4754,16393,3,1
213,291330965,292533265,1202300,6.080012847108,4754,16393,3,1,6737,23231,1,2
214,292533265,294096937,1563672,6.194145659511,6737,23231,1,2,6755,23293,3,2
215,294096937,296256397,2159460,6.334345163956,6755,23293,3,2,4794,16531,1,1
216,296256397,297368653,1112256,6.046204757203,4794,16531,1,1,4803,16562,2,1
217,297368653,297591893,223240,5.348772013845,4803,16562,2,1,6795,23431,1,2
218,297591893,302693885,5101992,6.707739773294,6795,23431,1,2,6853,23631,1,2
219,302693885,303468265,774380,5.888954127872,6853,23631,1,2,4852,16731,1,1
220,303468265,304284445,816180,5.911785948443,4852,16731,1,1,6871,23693,3,2
221,304284445,304593965,309520,5.490688716713,6871,23693,3,2,4861,16762,2,1
222,304593965,305721749,1127784,6.052225928911,4861,16762,2,1,4870,16793,3,1
223,305721749,307839241,2117492,6.325821778218,4870,16793,3,1,6911,23831,1,2
224,307839241,309443245,1604004,6.205205446975,6911,23831,1,2,6929,23893,3,2
225,309443245,310766861,1323616,6.121762008314,6929,23893,3,2,4910,16931,1,1
226,310766861,311906005,1139144,6.056578627022,4910,16931,1,1,4919,16962,2,1
227,311906005,313027961,1121956,6.049975825430,4919,16962,2,1,6969,24031,1,2
228,313027961,313047233,19272,4.284926786990,6969,24031,1,2,4928,16993,3,1
229,313047233,318152185,5104952,6.707991662930,4928,16993,3,1,4968,17131,1,1
230,318152185,318260045,107860,5.032860415952,4968,17131,1,1,7027,24231,1,2
231,318260045,319304773,1044728,6.019003234490,7027,24231,1,2,4977,17162,2,1
232,319304773,319890937,586164,5.768019142179,4977,17162,2,1,7045,24293,3,2
233,319890937,323535493,3644556,6.561644627717,7045,24293,3,2,7085,24431,1,2
234,323535493,325179829,1644336,6.215990565051,7085,24431,1,2,7103,24493,3,2
235,325179829,325624237,444408,5.647781868281,7103,24493,3,2,5026,17331,1,1
236,325624237,326790269,1166032,6.066710469147,5026,17331,1,1,5035,17362,2,1
237,326790269,327958385,1168116,6.067485972621,5035,17362,2,1,5044,17393,3,1
238,327958385,328854305,895920,5.952269231638,5044,17393,3,1,7143,24631,1,2
239,328854305,333183017,4328712,6.636358692080,7143,24631,1,2,5084,17531,1,1
240,333183017,334216481,1033464,6.014295352880,5084,17531,1,1,7201,24831,1,2
241,334216481,334362493,146012,5.164388549754,7201,24831,1,2,5093,17562,2,1
242,334362493,335544053,1181560,6.072455780143,5093,17562,2,1,5102,17593,3,1
243,335544053,335887705,343652,5.536118875777,5102,17593,3,1,7219,24893,3,2
244,335887705,339622021,3734316,6.572211065421,7219,24893,3,2,7259,25031,1,2
245,339622021,340828525,1206504,6.081528766092,7259,25031,1,2,5142,17731,1,1
246,340828525,341306689,478164,5.679576875858,5142,17731,1,1,7277,25093,3,2
247,341306689,342021445,714756,5.854157809719,7277,25093,3,2,5151,17762,2,1
248,342021445,345070925,3049480,6.484225789385,5151,17762,2,1,7317,25231,1,2
249,345070925,348471317,3400392,6.531528985755,7317,25231,1,2,7353,25355,5,2
250,348471317,348560761,89444,4.951551212938,7353,25355,5,2,5200,17931,1,1
251,348560761,349767125,1206364,6.081478368616,5200,17931,1,1,5209,17962,2,1
252,349767125,350563193,796068,5.900950166687,5209,17962,2,1,7375,25431,1,2
253,350563193,350975573,412380,5.615297594293,7375,25431,1,2,5218,17993,3,1
254,350975573,352274749,1299176,6.113667989142,5218,17993,3,1,7393,25493,3,2
255,352274749,353990473,1715724,6.234447426335,7393,25493,3,2,7411,25555,5,2
256,353990473,356098825,2108352,6.323943120248,7411,25555,5,2,7433,25631,1,2
257,356098825,356379725,280900,5.448551739202,7433,25631,1,2,5258,18131,1,1
258,356379725,357599533,1219808,6.086291477312,5258,18131,1,1,5267,18162,2,1
259,357599533,357823825,224292,5.350813783535,5267,18162,2,1,7451,25693,3,2
260,357823825,358821425,997600,5.998956440470,7451,25693,3,2,5276,18193,3,1
261,358821425,359552993,731568,5.864254700458,5276,18193,3,1,7469,25755,5,2
262,359552993,361677821,2124828,6.327323780657,7469,25755,5,2,7491,25831,1,2
263,361677821,364285417,2607596,6.416240306170,7491,25831,1,2,5316,18331,1,1
264,364285417,365158877,873460,5.941243021309,5316,18331,1,1,7527,25955,5,2
265,365158877,365518669,359792,5.556051502549,7527,25955,5,2,5325,18362,2,1
266,365518669,367300181,1781512,6.250788752040,5325,18362,2,1,7549,26031,1,2
267,367300181,369052069,1751888,6.243506337827,7549,26031,1,2,7567,26093,3,2
268,369052069,372277837,3225768,6.508633129345,7567,26093,3,2,5374,18531,1,1
269,372277837,372965905,688068,5.837631360569,5374,18531,1,1,7607,26231,1,2
270,372965905,373524533,558628,5.747122699966,7607,26231,1,2,5383,18562,2,1
271,373524533,374731237,1206704,6.081600752341,5383,18562,2,1,7625,26293,3,2
272,374731237,374773313,42076,4.624034446438,7625,26293,3,2,5392,18593,3,1
273,374773313,376500737,1727424,6.237398949183,5392,18593,3,1,7643,26355,5,2
274,376500737,378674993,2174256,6.337310677212,7643,26355,5,2,7665,26431,1,2
275,378674993,380356985,1681992,6.225823925847,7665,26431,1,2,5432,18731,1,1
276,380356985,381617125,1260140,6.100418797379,5432,18731,1,1,5441,18762,2,1
277,381617125,382236713,619588,5.792102997880,5441,18762,2,1,7701,26555,5,2
278,382236713,382879349,642636,5.807965050757,7701,26555,5,2,5450,18793,3,1
279,382879349,384427445,1548096,6.189797888503,5450,18793,3,1,7723,26631,1,2
280,384427445,386219665,1792220,6.253391319456,7723,26631,1,2,7741,26693,3,2
281,386219665,388016053,1796388,6.254400145282,7741,26693,3,2,7759,26755,5,2
282,388016053,388522861,506808,5.704843461635,7759,26755,5,2,5490,18931,1,1
283,388522861,389796445,1273584,6.105027594398,5490,18931,1,1,5499,18962,2,1
284,389796445,390223261,426816,5.630240691403,5499,18962,2,1,7781,26831,1,2
285,390223261,392028925,1805664,6.256636939487,7781,26831,1,2,7799,26893,3,2
286,392028925,393838757,1809832,6.257638262792,7799,26893,3,2,7817,26955,5,2
287,393838757,396062441,2223684,6.347073071216,7817,26955,5,2,7839,27031,1,2
288,396062441,396775465,713024,5.853104148214,7839,27031,1,2,5548,19131,1,1
289,396775465,398062493,1287028,6.109587995322,5548,19131,1,1,5557,19162,2,1
290,398062493,399351605,1289112,6.110290651154,5557,19162,2,1,5566,19193,3,1
291,399351605,401944985,2593380,6.413866157268,5566,19193,3,1,7897,27231,1,2
292,401944985,403777537,1832552,6.263056306911,7897,27231,1,2,7915,27293,3,2
293,403777537,405114797,1337260,6.126215854223,7915,27293,3,2,5606,19331,1,1
294,405114797,405614257,499460,5.698500712833,5606,19331,1,1,7933,27355,5,2
295,405614257,406415269,801012,5.903639022320,7933,27355,5,2,5615,19362,2,1
296,406415269,407717825,1302556,6.114796403732,5615,19362,2,1,5624,19393,3,1
297,407717825,407870893,153068,5.184884407707,5624,19393,3,1,7955,27431,1,2
298,407870893,409716889,1845996,6.266230755639,7955,27431,1,2,7973,27493,3,2
299,409716889,411567053,1850164,6.267210226316,7973,27493,3,2,7991,27555,5,2
300,411567053,413540857,1973804,6.295304024755,7991,27555,5,2,5664,19531,1,1
301,413540857,413840165,299308,5.476118324957,5664,19531,1,1,8013,27631,1,2
302,413840165,414854773,1014608,6.006298282328,8013,27631,1,2,5673,19562,2,1
303,414854773,417563213,2708440,6.432719219116,5673,19562,2,1,8049,27755,5,2
304,417563213,419852801,2289588,6.359757340233,8049,27755,5,2,8071,27831,1,2
305,419852801,421725685,1872884,6.272510879500,8071,27831,1,2,8089,27893,3,2
306,421725685,422053645,327960,5.515820877740,8089,27893,3,2,5722,19731,1,1
307,422053645,423381005,1327360,6.122988726037,5722,19731,1,1,5731,19762,2,1
308,423381005,423602737,221732,5.345828374308,5731,19762,2,1,8107,27955,5,2
309,423602737,424710449,1107712,6.044426860511,8107,27955,5,2,5740,19793,3,1
310,424710449,425908801,1198352,6.078584405034,5740,19793,3,1,8129,28031,1,2
311,425908801,427795129,1886328,6.275617211309,8129,28031,1,2,8147,28093,3,2
312,427795129,430653161,2858032,6.456067087067,8147,28093,3,2,5780,19931,1,1
313,430653161,431993965,1340804,6.127365296912,5780,19931,1,1,5789,19962,2,1
314,431993965,432008165,14200,4.152288344383,5789,19962,2,1,8187,28231,1,2
315,432008165,433336853,1328688,6.123423012706,8187,28231,1,2,5798,19993,3,1
316,433336853,434681825,1344972,6.128713243170,5798,19993,3,1,5807,20024,4,1
317,434681825,435811877,1130052,6.053098428256,5807,20024,4,1,8223,28355,5,2
318,435811877,438150893,2339016,6.369033192603,8223,28355,5,2,8245,28431,1,2
319,438150893,439339405,1188512,6.075003571009,8245,28431,1,2,5838,20131,1,1
320,439339405,440064109,724704,5.860160658411,5838,20131,1,1,8263,28493,3,2
321,440064109,440693653,629544,5.799026089153,8263,28493,3,2,5847,20162,2,1
322,440693653,441981493,1287840,6.109861910048,5847,20162,2,1,8281,28555,5,2
323,441981493,443408401,1426908,6.154395972848,8281,28555,5,2,5865,20224,4,1
324,443408401,444336985,928584,5.967821196268,5865,20224,4,1,8303,28631,1,2
325,444336985,446263645,1926660,6.284805080949,8303,28631,1,2,8321,28693,3,2
326,446263645,448112377,1848732,6.266873958559,8321,28693,3,2,5896,20331,1,1
327,448112377,448194473,82096,4.914321997311,5896,20331,1,1,8339,28755,5,2
328,448194473,449480069,1285596,6.109104512495,8339,28755,5,2,5905,20362,2,1
329,449480069,450566441,1086372,6.035978563635,5905,20362,2,1,8361,28831,1,2
330,450566441,450849845,283404,5.452405975642,8361,28831,1,2,5914,20393,3,1
331,450849845,452221705,1371860,6.137309793346,5914,20393,3,1,5923,20424,4,1
332,452221705,454450817,2229112,6.348131889817,5923,20424,4,1,8397,28955,5,2
333,454450817,456839261,2388444,6.378115063172,8397,28955,5,2,8419,29031,1,2
334,456839261,456972077,132816,5.123250396517,8419,29031,1,2,5954,20531,1,1
335,456972077,458353213,1381136,6.140236445517,5954,20531,1,1,5963,20562,2,1
336,458353213,458792809,439596,5.643053732009,5963,20562,2,1,8437,29093,3,2
337,458792809,459736433,943624,5.974798978139,8437,29093,3,2,5972,20593,3,1
338,459736433,461121737,1385304,6.141545088227,5972,20593,3,1,5981,20624,4,1
339,461121737,463155445,2033708,6.308288597017,5981,20624,4,1,8477,29231,1,2
340,463155445,465122437,1966992,6.293802593594,8477,29231,1,2,8495,29293,3,2
341,465122437,465918505,796068,5.900950166687,8495,29293,3,2,6012,20731,1,1
342,465918505,467093597,1175092,6.070071869610,6012,20731,1,1,8513,29355,5,2
343,467093597,467313085,219488,5.341410781178,8513,29355,5,2,6021,20762,2,1
344,467313085,469514993,2201908,6.342799169346,6021,20762,2,1,8535,29431,1,2
345,469514993,470108497,593504,5.773423650287,8535,29431,1,2,6039,20824,4,1
346,470108497,473480033,3371536,6.527827801271,6039,20824,4,1,8571,29555,5,2
347,473480033,474951661,1471628,6.167798042362,8571,29555,5,2,6070,20931,1,1
348,474951661,475917905,966244,5.985086810135,6070,20931,1,1,8593,29631,1,2
349,475917905,476359685,441780,5.645206050860,8593,29631,1,2,6079,20962,2,1
350,476359685,477769793,1410108,6.149252376491,6079,20962,2,1,6088,20993,3,1
351,477769793,477911785,141992,5.152263876399,6088,20993,3,1,8611,29693,3,2
352,477911785,479181985,1270200,6.103872108403,8611,29693,3,2,6097,21024,4,1
353,479181985,479909833,727848,5.862040692976,6097,21024,4,1,8629,29755,5,2
354,479909833,482364181,2454348,6.389936141017,8629,29755,5,2,8651,29831,1,2
355,482364181,484071545,1707364,6.232326120025,8651,29831,1,2,6128,21131,1,1
356,484071545,484371505,299960,5.477063344928,6128,21131,1,1,8669,29893,3,2
357,484371505,485493013,1121508,6.049802375862,8669,29893,3,2,6137,21162,2,1
358,485493013,486382997,889984,5.949382199033,6137,21162,2,1,8687,29955,5,2
359,486382997,486916565,533568,5.727189775481,8687,29955,5,2,6146,21193,3,1
360,486916565,488342201,1425636,6.154008653587,6146,21193,3,1,6155,21224,4,1
361,488342201,488853821,511620,5.708947513367,6155,21224,4,1,8709,30031,1,2
362,488853821,493278157,4424336,6.645848101435,8709,30031,1,2,6186,21331,1,1
363,493278157,494713069,1434912,6.156825267560,6186,21331,1,1,6195,21362,2,1
364,494713069,495386825,673756,5.828502645735,6195,21362,2,1,8767,30231,1,2
365,495386825,497421037,2034212,6.308396211926,8767,30231,1,2,8785,30293,3,2
366,497421037,497589145,168108,5.225588381335,8785,30293,3,2,6213,21424,4,1
367,497589145,499459417,1870272,6.271904772049,6213,21424,4,1,8803,30355,5,2
368,499459417,501963193,2503776,6.398595472176,8803,30355,5,2,8825,30431,1,2
369,501963193,502571497,608304,5.784120672245,8825,30431,1,2,6244,21531,1,1
370,502571497,504010849,1439352,6.158167015593,6244,21531,1,1,8843,30493,3,2
371,504010849,504019853,9004,3.954435486328,8843,30493,3,2,6253,21562,2,1
372,504019853,505470293,1450440,6.161499768156,6253,21562,2,1,6262,21593,3,1
373,505470293,506062673,592380,5.772600387398,6262,21593,3,1,8861,30555,5,2
374,506062673,506922817,860144,5.934571164232,8861,30555,5,2,6271,21624,4,1
375,506922817,508582925,1660108,6.220136342425,6271,21624,4,1,8883,30631,1,2
376,508582925,511951565,3368640,6.527454601255,8883,30631,1,2,6302,21731,1,1
377,511951565,512709293,757728,5.879513335845,6302,21731,1,1,8919,30755,5,2
378,512709293,513413365,704072,5.847617073352,8919,30755,5,2,6311,21762,2,1
379,513413365,514877249,1463884,6.165506664048,6311,21762,2,1,6320,21793,3,1
380,514877249,515246021,368772,5.566757938664,6320,21793,3,1,8941,30831,1,2
381,515246021,516343217,1097196,6.040284215647,8941,30831,1,2,6329,21824,4,1
382,516343217,517320565,977348,5.990049228580,6329,21824,4,1,8959,30893,3,2
383,517320565,519399277,2078712,6.317794323158,8959,30893,3,2,8977,30955,5,2
384,519399277,521418361,2019084,6.305154387283,8977,30955,5,2,6360,21931,1,1
385,521418361,521952481,534120,5.727638840330,6360,21931,1,1,8999,31031,1,2
386,521952481,522893605,941124,5.973646848685,8999,31031,1,2,6369,21962,2,1
387,522893605,524040469,1146864,6.059511920472,6369,21962,2,1,9017,31093,3,2
388,524040469,525850345,1809876,6.257648821079,9017,31093,3,2,6387,22024,4,1
389,525850345,528702305,2851960,6.455143430050,6387,22024,4,1,9057,31231,1,2
390,528702305,530971885,2269580,6.355945495713,9057,31231,1,2,6418,22131,1,1
391,530971885,532460573,1488688,6.172803687627,6418,22131,1,1,6427,22162,2,1
392,532460573,532909337,448764,5.652018010395,6427,22162,2,1,9093,31355,5,2
393,532909337,533951345,1042008,6.017871053265,9093,31355,5,2,6436,22193,3,1
394,533951345,535444201,1492856,6.174017917958,6436,22193,3,1,6445,22224,4,1
395,535444201,535495493,51292,4.710049633595,6445,22224,4,1,9115,31431,1,2
396,535495493,537610369,2114876,6.325284908782,9115,31431,1,2,9133,31493,3,2
397,537610369,539729413,2119044,6.326139974530,9133,31493,3,2,9151,31555,5,2
398,539729413,540612137,882724,5.945824934592,9151,31555,5,2,6476,22331,1,1
399,540612137,542114269,1502132,6.176708098016,6476,22331,1,1,6485,22362,2,1
400,542114269,542332045,217776,5.338010016642,6485,22362,2,1,9173,31631,1,2
401,542332045,543618485,1286440,6.109389535376,9173,31631,1,2,6494,22393,3,1
402,543618485,544460365,841880,5.925250192388,6494,22393,3,1,9191,31693,3,2
403,544460365,545124785,664420,5.822442696866,9191,31693,3,2,6503,22424,4,1
404,545124785,546592853,1468068,6.166746172297,6503,22424,4,1,9209,31755,5,2
405,546592853,549211961,2619108,6.418153407107,9209,31755,5,2,9231,31831,1,2
406,549211961,550339117,1127156,6.051984027182,9231,31831,1,2,6534,22531,1,1
407,550339117,551854693,1515576,6.180577719360,6534,22531,1,1,6543,22562,2,1
408,551854693,553499657,1644964,6.216156397865,6543,22562,2,1,9267,31955,5,2
409,553499657,554892097,1392440,6.143776490574,9267,31955,5,2,6561,22624,4,1
410,554892097,556135241,1243144,6.094521438202,6561,22624,4,1,9289,32031,1,2
411,556135241,558290449,2155208,6.333489190456,9289,32031,1,2,9307,32093,3,2
412,558290449,560152825,1862376,6.270067366355,9307,32093,3,2,6592,22731,1,1
413,560152825,561681845,1529020,6.184413166140,6592,22731,1,1,6601,22762,2,1
414,561681845,563101885,1420040,6.152300577858,6601,22762,2,1,9347,32231,1,2
415,563101885,563212949,111064,5.045573310651,9347,32231,1,2,6610,22793,3,1
416,563212949,564746137,1533188,6.185595411447,6610,22793,3,1,6619,22824,4,1
417,564746137,565270537,524400,5.719662683018,6619,22824,4,1,9365,32293,3,2
418,565270537,567443357,2172820,6.337023750138,9365,32293,3,2,9383,32355,5,2
419,567443357,570053261,2609904,6.416624532995,9383,32355,5,2,6650,22931,1,1
420,570053261,570111893,58632,4.768134708685,6650,22931,1,1,9405,32431,1,2
421,570111893,571595725,1483832,6.171384732747,9405,32431,1,2,6659,22962,2,1
422,571595725,573140273,1544548,6.188801409440,6659,22962,2,1,6668,22993,3,1
423,573140273,574480253,1339980,6.127098316309,6668,22993,3,1,9441,32555,5,2
424,574480253,574686905,206652,5.315239612786,9441,32555,5,2,6677,23024,4,1
425,574686905,577165265,2478360,6.394164391087,6677,23024,4,1,9463,32631,1,2
426,577165265,579360805,2195540,6.341541353816,9463,32631,1,2,9481,32693,3,2
427,579360805,580040425,679620,5.832266150894,9481,32693,3,2,6708,23131,1,1
428,580040425,581560513,1520088,6.181868730582,6708,23131,1,1,9499,32755,5,2
429,581560513,581596333,35820,4.554125581513,9499,32755,5,2,6717,23162,2,1
430,581596333,584262001,2665668,6.425806058526,6717,23162,2,1,9521,32831,1,2
431,584262001,584714401,452400,5.655522596253,9521,32831,1,2,6735,23224,4,1
432,584714401,586470985,1756584,6.244668922625,6735,23224,4,1,9539,32893,3,2
433,586470985,588684137,2213152,6.345011242438,9539,32893,3,2,9557,32955,5,2
434,588684137,590114317,1430180,6.155390700463,9557,32955,5,2,6766,23331,1,1
435,590114317,591402101,1287784,6.109843024922,6766,23331,1,1,9579,33031,1,2
436,591402101,591683669,281568,5.449583296020,9579,33031,1,2,6775,23362,2,1
437,591683669,593255105,1571436,6.196296698168,6775,23362,2,1,6784,23393,3,1
438,593255105,594828625,1573520,6.196872267322,6784,23393,3,1,6793,23424,4,1
439,594828625,598585565,3756940,6.574834259243,6793,23424,4,1,9637,33231,1,2
440,598585565,600274937,1689372,6.227725291820,9637,33231,1,2,6824,23531,1,1
441,600274937,600821437,546500,5.737590166286,6824,23531,1,1,9655,33293,3,2
442,600821437,601857733,1036296,6.015483821824,9655,33293,3,2,6833,23562,2,1
443,601857733,603061477,1203744,6.080534135419,6833,23562,2,1,9673,33355,5,2
444,603061477,603442613,381136,5.581079971766,9673,33355,5,2,6842,23593,3,1
445,603442613,605029577,1586964,6.200567074972,6842,23593,3,1,6851,23624,4,1
446,605029577,605812393,782816,5.893659693635,6851,23624,4,1,9695,33431,1,2
447,605812393,608061709,2249316,6.352050472517,9695,33431,1,2,9713,33493,3,2
448,608061709,610315193,2253484,6.352854478876,9713,33493,3,2,9731,33555,5,2
449,610315193,610522285,207092,5.316163322346,9731,33555,5,2,6882,23731,1,1
450,610522285,612118525,1596240,6.203098189546,6882,23731,1,1,6891,23762,2,1
451,612118525,613082585,964060,5.984104063839,6891,23762,2,1,9753,33631,1,2
452,613082585,615317257,2234672,6.349213787404,9753,33631,1,2,6909,23824,4,1
453,615317257,617612273,2295016,6.360785717624,6909,23824,4,1,9789,33755,5,2
454,617612273,620396141,2783868,6.444648638902,9789,33755,5,2,9811,33831,1,2
455,620396141,620856361,460220,5.662965488085,9811,33831,1,2,6940,23931,1,1
456,620856361,622466045,1609684,6.206740627258,6940,23931,1,1,6949,23962,2,1
457,622466045,622672345,206300,5.314499227973,6949,23962,2,1,9829,33893,3,2
458,622672345,624077813,1405468,6.147820961945,9829,33893,3,2,6958,23993,3,1
459,624077813,624952717,874904,5.941960402099,6958,23993,3,1,9847,33955,5,2
460,624952717,625691665,738948,5.868613878033,9847,33955,5,2,6967,24024,4,1
461,625691665,627753061,2061396,6.314161428992,6967,24024,4,1,9869,34031,1,2
462,627753061,630042709,2289648,6.359768721026,9869,34031,1,2,9887,34093,3,2
463,630042709,631277165,1234456,6.091475614885,9887,34093,3,2,6998,24131,1,1
464,631277165,632900293,1623128,6.210352769673,6998,24131,1,1,7007,24162,2,1
465,632900293,634525505,1625212,6.210910020346,7007,24162,2,1,7016,24193,3,1
466,634525505,635153345,627840,5.797848981364,7016,24193,3,1,9927,34231,1,2
467,635153345,636152801,999456,5.999763679517,9927,34231,1,2,7025,24224,4,1
468,636152801,639763697,3610896,6.557614980181,7025,24224,4,1,9963,34355,5,2
469,639763697,641784697,2021000,6.305566313515,9963,34355,5,2,7056,24331,1,1
470,641784697,642596993,812296,5.909714314638,7056,24331,1,1,9985,34431,1,2
471,642596993,643421269,824276,5.916072654909,9985,34431,1,2,7065,24362,2,1
472,643421269,644913529,1492260,6.173844497887,7065,24362,2,1,10003,34493,3,2
473,644913529,646700665,1787136,6.252157603318,10003,34493,3,2,7083,24424,4,1
474,646700665,647234233,533568,5.727189775481,7083,24424,4,1,10021,34555,5,2
475,647234233,650084005,2849772,6.454810115060,10021,34555,5,2,10043,34631,1,2
476,650084005,652378957,2294952,6.360773606495,10043,34631,1,2,7114,24531,1,1
477,652378957,652413985,35028,4.544415341036,7114,24531,1,1,10061,34693,3,2
478,652413985,654028973,1614988,6.208169299699,10061,34693,3,2,7123,24562,2,1
479,654028973,654748133,719160,5.856825523744,7123,24562,2,1,10079,34755,5,2
480,654748133,655681073,932940,5.969853713943,10079,34755,5,2,7132,24593,3,1
481,655681073,657335257,1654184,6.218583815821,7132,24593,3,1,7141,24624,4,1
482,657335257,657614381,279124,5.445797180163,7141,24624,4,1,10101,34831,1,2
483,657614381,662305397,4691016,6.671266914230,10101,34831,1,2,10137,34955,5,2
484,662305397,663059945,754548,5.877686872305,10137,34955,5,2,7172,24731,1,1
485,663059945,664657157,1597212,6.203362564429,7172,24731,1,1,10155,35017,7,2
486,664657157,664723405,66248,4.821172771634,10155,35017,7,2,7181,24762,2,1
487,664723405,665188121,464716,5.667187625335,7181,24762,2,1,10159,35031,1,2
488,665188121,666388949,1200828,6.079480805904,10159,35031,1,2,7190,24793,3,1
489,666388949,667544989,1156040,6.062972861315,7190,24793,3,1,10177,35093,3,2
490,667544989,668056577,511588,5.708920348952,10177,35093,3,2,7199,24824,4,1
491,668056577,672805225,4748648,6.676569978105,7199,24824,4,1,10217,35231,1,2
492,672805225,673827661,1022436,6.009636132604,10217,35231,1,2,7230,24931,1,1
493,673827661,675175537,1347876,6.129649940424,7230,24931,1,1,10235,35293,3,2
494,675175537,675504565,329028,5.517232857610,10235,35293,3,2,7239,24962,2,1
495,675504565,677550017,2045452,6.310789292497,7239,24962,2,1,10253,35355,5,2
496,677550017,678864625,1314608,6.118796270836,10253,35355,5,2,7257,25024,4,1
497,678864625,679928665,1064040,6.026957954512,7257,25024,4,1,10271,35417,7,2
498,679928665,680465693,537028,5.729996929887,10271,35417,7,2,10275,35431,1,2
499,680465693,680547781,82088,4.914279674602,10275,35431,1,2,7266,25055,5,1
500,680547781,684682105,4134324,6.616404508551,7266,25055,5,1,7288,25131,1,1
501,684682105,685237373,555268,5.744502645877,7288,25131,1,1,10311,35555,5,2
502,685237373,686372453,1135080,6.055026471515,10311,35555,5,2,7297,25162,2,1
503,686372453,687629465,1257012,6.099339423676,7297,25162,2,1,10329,35617,7,2
504,687629465,688064885,435420,5.638908373465,10329,35617,7,2,7306,25193,3,1
505,688064885,688169525,104640,5.019697730980,7306,25193,3,1,10333,35631,1,2
506,688169525,689759401,1589876,6.201363253493,10333,35631,1,2,7315,25224,4,1
507,689759401,690566725,807324,5.907047863313,7315,25224,4,1,10351,35693,3,2
508,690566725,691456001,889276,5.949036571627,10351,35693,3,2,7324,25255,5,1
509,691456001,692968093,1512092,6.179578215687,7324,25255,5,1,10369,35755,5,2
510,692968093,695373629,2405536,6.381211860712,10369,35755,5,2,10387,35817,7,2
511,695373629,695623277,249648,5.397328091150,10387,35817,7,2,7346,25331,1,1
512,695623277,695916721,293444,5.467525233994,7346,25331,1,1,10391,35831,1,2
513,695916721,697327069,1410348,6.149326287004,10391,35831,1,2,7355,25362,2,1
514,697327069,698327365,1000296,6.000128532145,7355,25362,2,1,10409,35893,3,2
515,698327365,699032945,705580,5.848546262015,10409,35893,3,2,7364,25393,3,1
516,699032945,700740905,1707960,6.232477695403,7364,25393,3,1,7373,25424,4,1
517,700740905,700742177,1272,3.104487111312,7373,25424,4,1,10427,35955,5,2
518,700742177,702450949,1708772,6.232684119042,10427,35955,5,2,7382,25455,5,1
519,702450949,703161157,710208,5.851385560019,7382,25455,5,1,10445,36017,7,2
520,703161157,703707281,546124,5.737291262488,10445,36017,7,2,10449,36031,1,2
521,703707281,706651177,2943896,6.468922463470,10449,36031,1,2,7404,25531,1,1
522,706651177,708368413,1717236,6.234829984418,7404,25531,1,1,7413,25562,2,1
523,708368413,710992049,2623636,6.418903581406,7413,25562,2,1,10503,36217,7,2
524,710992049,711541205,549156,5.739695733003,10503,36217,7,2,10507,36231,1,2
525,711541205,711809137,267932,5.428024585924,10507,36231,1,2,7431,25624,4,1
526,711809137,713978737,2169600,6.336379672187,7431,25624,4,1,10525,36293,3,2
527,713978737,716420437,2441700,6.387692303201,10525,36293,3,2,10543,36355,5,2
528,716420437,717765805,1345368,6.128841093639,10543,36355,5,2,7462,25731,1,1
529,717765805,718866305,1100500,6.041590046889,7462,25731,1,1,10561,36417,7,2
530,718866305,719418493,552188,5.742086964436,10561,36417,7,2,10565,36431,1,2
531,719418493,719496485,77992,4.892050057382,10565,36431,1,2,7471,25762,2,1
532,719496485,721229249,1732764,6.238739416449,7471,25762,2,1,7480,25793,3,1
533,721229249,721869469,640220,5.806329237059,7480,25793,3,1,10583,36493,3,2
534,721869469,722964097,1094628,6.039266552970,10583,36493,3,2,7489,25824,4,1
535,722964097,724324613,1360516,6.133703653555,7489,25824,4,1,10601,36555,5,2
536,724324613,724701029,376416,5.575668075340,10601,36555,5,2,7498,25855,5,1
537,724701029,727339145,2638116,6.421293887894,7498,25855,5,1,10623,36631,1,2
538,727339145,728967161,1628016,6.211658668783,10623,36631,1,2,7520,25931,1,1
539,728967161,730711285,1744124,6.241577358235,7520,25931,1,1,7529,25962,2,1
540,730711285,732272153,1560868,6.193366177056,7529,25962,2,1,10659,36755,5,2
541,732272153,732457493,185340,5.267969158685,10659,36755,5,2,7538,25993,3,1
542,732457493,734205785,1748292,6.242613970288,7538,25993,3,1,7547,26024,4,1
543,734205785,734744909,539124,5.731688665599,7547,26024,4,1,10677,36817,7,2
544,734744909,735303161,558252,5.746830287655,10677,36817,7,2,10681,36831,1,2
545,735303161,735956161,653000,5.814913181275,10681,36831,1,2,7556,26055,5,1
546,735956161,737781025,1824864,6.261230503724,7556,26055,5,1,10699,36893,3,2
547,737781025,740255245,2474220,6.393438313134,10699,36893,3,2,7578,26131,1,1
548,740255245,740263057,7812,3.892762234616,7578,26131,1,1,10717,36955,5,2
549,740263057,742012813,1749756,6.242977491405,10717,36955,5,2,7587,26162,2,1
550,742012813,742749257,736444,5.867139728211,7587,26162,2,1,10735,37017,7,2
551,742749257,743310541,561284,5.749182662368,10735,37017,7,2,10739,37031,1,2
552,743310541,745534201,2223660,6.347068383894,10739,37031,1,2,7605,26224,4,1
553,745534201,745801849,267648,5.427564002466,7605,26224,4,1,10757,37093,3,2
554,745801849,747298021,1496172,6.174981522911,10757,37093,3,2,7614,26255,5,1
555,747298021,750796969,3498948,6.543937488216,7614,26255,5,1,10793,37217,7,2
556,750796969,751361285,564316,5.751522363956,10793,37217,7,2,10797,37231,1,2
557,751361285,751630057,268772,5.429384023017,10797,37231,1,2,7636,26331,1,1
558,751630057,753401069,1771012,6.248221503887,7636,26331,1,1,7645,26362,2,1
559,753401069,755174165,1773096,6.248732250063,7645,26362,2,1,7654,26393,3,1
560,755174165,756374957,1200792,6.079467785858,7654,26393,3,1,10833,37355,5,2
561,756374957,756949345,574388,5.759205358135,10833,37355,5,2,7663,26424,4,1
562,756949345,758726609,1777264,6.249751943971,7663,26424,4,1,7672,26455,5,1
563,758726609,758888045,161436,5.208000388242,7672,26455,5,1,10851,37417,7,2
564,758888045,759455393,567348,5.753849528238,10851,37417,7,2,10855,37431,1,2
565,759455393,761973589,2518196,6.401089529746,10855,37431,1,2,10873,37493,3,2
566,761973589,763091597,1118008,6.048444911192,10873,37493,3,2,7694,26531,1,1
567,763091597,764495953,1404356,6.147477214088,7694,26531,1,1,10891,37555,5,2
568,764495953,764876053,380100,5.579897869603,10891,37555,5,2,7703,26562,2,1
569,764876053,766662593,1786540,6.252012744347,7703,26562,2,1,7712,26593,3,1
570,766662593,767022485,359892,5.556172192876,7712,26593,3,1,10909,37617,7,2
571,767022485,767592865,570380,5.756164288860,10909,37617,7,2,10913,37631,1,2
572,767592865,768451217,858352,5.933665423406,10913,37631,1,2,7721,26624,4,1
573,768451217,770124505,1673288,6.223570696519,7721,26624,4,1,10931,37693,3,2
574,770124505,772660313,2535808,6.404116367626,10931,37693,3,2,10949,37755,5,2
575,772660313,774639865,1979552,6.296566914533,10949,37755,5,2,7752,26731,1,1
576,774639865,775200289,560424,5.748516725551,7752,26731,1,1,10967,37817,7,2
577,775200289,775773701,573412,5.758466777343,10967,37817,7,2,10971,37831,1,2
578,775773701,776437765,664064,5.822209937060,10971,37831,1,2,7761,26762,2,1
579,776437765,780039817,3602052,6.556549978098,7761,26762,2,1,7779,26824,4,1
580,780039817,780868037,828220,5.918145713711,7779,26824,4,1,11007,37955,5,2
581,780868037,781843969,975932,5.989419558390,11007,37955,5,2,7788,26855,5,1
582,781843969,783997901,2153932,6.333231988428,7788,26855,5,1,11029,38031,1,2
583,783997901,786274861,2276960,6.357355401308,11029,38031,1,2,7810,26931,1,1
584,786274861,786556429,281568,5.449583296020,7810,26931,1,1,11047,38093,3,2
585,786556429,788086205,1529776,6.184627843180,11047,38093,3,2,7819,26962,2,1
586,788086205,789899633,1813428,6.258500317113,7819,26962,2,1,7828,26993,3,1
587,789899633,791685989,1786356,6.251968013023,7828,26993,3,1,11083,38217,7,2
588,791685989,791715145,29156,4.464727941557,11083,38217,7,2,7837,27024,4,1
589,791715145,792265465,550320,5.740615296442,7837,27024,4,1,11087,38231,1,2
590,792265465,793532741,1267276,6.102871210166,11087,38231,1,2,7846,27055,5,1
591,793532741,794837437,1304696,6.115509330906,7846,27055,5,1,11105,38293,3,2
592,794837437,797413577,2576140,6.410969461007,11105,38293,3,2,11123,38355,5,2
593,797413577,797996585,583008,5.765674514162,11123,38355,5,2,7868,27131,1,1
594,797996585,799821373,1824788,6.261212416311,7868,27131,1,1,7877,27162,2,1
595,799821373,799993885,172512,5.236819310149,7877,27162,2,1,11141,38417,7,2
596,799993885,800576393,582508,5.765301894217,11141,38417,7,2,11145,38431,1,2
597,800576393,801648245,1071852,6.030134822651,11145,38431,1,2,7886,27193,3,1
598,801648245,803477201,1828956,6.262203257588,7886,27193,3,1,7895,27224,4,1
599,803477201,805308241,1831040,6.262697831789,7895,27224,4,1,7904,27255,5,1
600,805308241,805751393,443152,5.646552713670,7904,27255,5,1,11181,38555,5,2
601,805751393,808345145,2593752,6.413928448934,11181,38555,5,2,11199,38617,7,2
602,808345145,808930685,585540,5.767556568385,11199,38617,7,2,11203,38631,1,2
603,808930685,809805037,874352,5.941686307785,11203,38631,1,2,7926,27331,1,1
604,809805037,811529545,1724508,6.236665213402,7926,27331,1,1,11221,38693,3,2
605,811529545,811643269,113724,5.055852126672,11221,38693,3,2,7935,27362,2,1
606,811643269,814132573,2489304,6.396077936970,7935,27362,2,1,11239,38755,5,2
607,814132573,815325985,1193412,6.076790400449,11239,38755,5,2,7953,27424,4,1
608,815325985,816739769,1413784,6.150383062379,7953,27424,4,1,11257,38817,7,2
609,816739769,817170469,430700,5.634174871763,11257,38817,7,2,7962,27455,5,1
610,817170469,817328341,157872,5.198305110858,7962,27455,5,1,11261,38831,1,2
611,817328341,819940645,2612304,6.417023715421,11261,38831,1,2,11279,38893,3,2
612,819940645,821700217,1759572,6.245407042449,11279,38893,3,2,7984,27531,1,1
613,821700217,822557117,856900,5.932930142831,7984,27531,1,1,11297,38955,5,2
614,822557117,823551893,994776,5.997725298921,11297,38955,5,2,7993,27562,2,1
615,823551893,825177757,1625864,6.211084214985,7993,27562,2,1,11315,39017,7,2
616,825177757,825405653,227896,5.357736702569,11315,39017,7,2,8002,27593,3,1
617,825405653,825769361,363708,5.560752853757,8002,27593,3,1,11319,39031,1,2
618,825769361,827261497,1492136,6.173808408497,11319,39031,1,2,8011,27624,4,1
619,827261497,833659109,6397612,6.806017897616,8011,27624,4,1,11373,39217,7,2
620,833659109,833682125,23016,4.362029848882,11373,39217,7,2,8042,27731,1,1
621,833682125,834253745,571620,5.757107415601,8042,27731,1,1,11377,39231,1,2
622,834253745,835547245,1293500,6.111766433053,11377,39231,1,2,8051,27762,2,1
623,835547245,836892937,1345692,6.128945670581,8051,27762,2,1,11395,39293,3,2
624,836892937,837414449,521512,5.717264306001,11395,39293,3,2,8060,27793,3,1
625,837414449,839283737,1869288,6.271676218005,8060,27793,3,1,8069,27824,4,1
626,839283737,839536297,252560,5.402364568884,8069,27824,4,1,11413,39355,5,2
627,839536297,841155109,1618812,6.209196415088,11413,39355,5,2,8078,27855,5,1
628,841155109,842781493,1626384,6.211223093160,8078,27855,5,1,11435,39431,1,2
629,842781493,845434129,2652636,6.423677659316,11435,39431,1,2,11453,39493,3,2
630,845434129,845750761,316632,5.500554804150,11453,39493,3,2,8100,27931,1,1
631,845750761,847629325,1878564,6.273825995446,8100,27931,1,1,8109,27962,2,1
632,847629325,848090933,461608,5.664273326850,8109,27962,2,1,11471,39555,5,2
633,848090933,850751905,2660972,6.425040304724,11471,39555,5,2,11489,39617,7,2
634,850751905,851352605,600700,5.778657631947,11489,39617,7,2,11493,39631,1,2
635,851352605,851392705,40100,4.603144372620,11493,39631,1,2,8127,28024,4,1
636,851392705,853277521,1884816,6.275268959802,8127,28024,4,1,8136,28055,5,1
637,853277521,856688933,3411412,6.532934172800,8136,28055,5,1,11529,39755,5,2
638,856688933,857906125,1217192,6.085359089293,11529,39755,5,2,8158,28131,1,1
639,857906125,859363349,1457224,6.163526315316,8158,28131,1,1,11547,39817,7,2
640,859363349,859798133,434784,5.638273553723,11547,39817,7,2,8167,28162,2,1
641,859798133,859967081,168948,5.227753054980,8167,28162,2,1,11551,39831,1,2
642,859967081,861692225,1725144,6.236825352044,11551,39831,1,2,8176,28193,3,1
643,861692225,862646605,954380,5.979721329677,8176,28193,3,1,11569,39893,3,2
644,862646605,863588401,941796,5.973956841573,11569,39893,3,2,8185,28224,4,1
645,863588401,865330297,1741896,6.241022221869,8185,28224,4,1,11587,39955,5,2
646,865330297,865486661,156364,5.194136771735,11587,39955,5,2,8194,28255,5,1
647,865486661,868018157,2531496,6.403377245498,8194,28255,5,1,11605,40017,7,2
648,868018157,868624921,606764,5.783019805692,11605,40017,7,2,11609,40031,1,2
649,868624921,870148217,1523296,6.182784301679,11609,40031,1,2,8216,28331,1,1
650,870148217,871317889,1169672,6.068064093745,8216,28331,1,1,11627,40093,3,2
651,871317889,872053669,735780,5.866747978646,11627,40093,3,2,8225,28362,2,1
652,872053669,873961205,1907536,6.280472742933,8225,28362,2,1,8234,28393,3,1
653,873961205,875870825,1909620,6.280946954514,8234,28393,3,1,8243,28424,4,1
654,875870825,876716329,845504,5.927115666545,8243,28424,4,1,11663,40217,7,2
655,876716329,877326125,609796,5.785184571253,11663,40217,7,2,11667,40231,1,2
656,877326125,877782529,456404,5.659349441991,11667,40231,1,2,8252,28455,5,1
657,877782529,882477037,4694508,6.671590083486,8252,28455,5,1,8274,28531,1,1
658,882477037,882743117,266080,5.425012231875,8274,28531,1,1,11703,40355,5,2
659,882743117,884395933,1652816,6.218224508361,11703,40355,5,2,8283,28562,2,1
660,884395933,885457865,1061932,6.026096707922,8283,28562,2,1,11721,40417,7,2
661,885457865,886070693,612828,5.787338599914,11721,40417,7,2,11725,40431,1,2
662,886070693,888239977,2169284,6.336316413037,11725,40431,1,2,8301,28624,4,1
663,888239977,888790549,550572,5.740814121052,8301,28624,4,1,11743,40493,3,2
664,888790549,891514573,2724024,6.435210929607,11743,40493,3,2,11761,40555,5,2
665,891514573,894242765,2728192,6.435874931089,11761,40555,5,2,11779,40617,7,2
666,894242765,894858625,615860,5.789481997655,11779,40617,7,2,11783,40631,1,2
667,894858625,894892585,33960,4.530967681572,11783,40631,1,2,8332,28731,1,1
668,894892585,896824925,1932340,6.286083543991,8332,28731,1,1,8341,28762,2,1
669,896824925,897591925,767000,5.884795363949,8341,28762,2,1,11801,40693,3,2
670,897591925,898759349,1167424,6.067228617328,11801,40693,3,2,8350,28793,3,1
671,898759349,900329393,1570044,6.195911823549,8350,28793,3,1,11819,40755,5,2
672,900329393,900695857,366464,5.564031317669,11819,40755,5,2,8359,28824,4,1
673,900695857,902634449,1938592,6.287486416199,8359,28824,4,1,8368,28855,5,1
674,902634449,903689921,1055472,6.023446716652,8368,28855,5,1,11841,40831,1,2
675,903689921,907394861,3704940,6.568781179149,11841,40831,1,2,8390,28931,1,1
676,907394861,909187577,1792716,6.253511494581,8390,28931,1,1,11877,40955,5,2
677,909187577,909340645,153068,5.184884407707,11877,40955,5,2,8399,28962,2,1
678,909340645,911288513,1947868,6.289559522967,8399,28962,2,1,8408,28993,3,1
679,911288513,911942657,654144,5.815673362271,8408,28993,3,1,11895,41017,7,2
680,911942657,912564581,621924,5.793737316528,11895,41017,7,2,11899,41031,1,2
681,912564581,913238465,673884,5.828585145058,11899,41031,1,2,8417,29024,4,1
682,913238465,915190501,1952036,6.290487822786,8417,29024,4,1,8426,29055,5,1
683,915190501,915324769,134268,5.127972519896,8426,29055,5,1,11917,41093,3,2
684,915324769,919983865,4659096,6.668301659115,11917,41093,3,2,8448,29131,1,1
685,919983865,920857649,873784,5.941404088010,8448,29131,1,1,11953,41217,7,2
686,920857649,921482605,624956,5.795849441936,11953,41217,7,2,11957,41231,1,2
687,921482605,921943093,460488,5.663218317265,11957,41231,1,2,8457,29162,2,1
688,921943093,924256237,2313144,6.364202669718,8457,29162,2,1,11975,41293,3,2
689,924256237,925867801,1611564,6.207247557317,11975,41293,3,2,8475,29224,4,1
690,925867801,927034037,1166236,6.066786443328,8475,29224,4,1,11993,41355,5,2
691,927034037,927833281,799244,5.902679384666,11993,41355,5,2,8484,29255,5,1
692,927833281,929816005,1982724,6.297262263565,8484,29255,5,1,12011,41417,7,2
693,929816005,930443993,627988,5.797951345037,12011,41417,7,2,12015,41431,1,2
694,930443993,932659597,2215604,6.345492140541,12015,41431,1,2,8506,29331,1,1
695,932659597,934632269,1972672,6.295054880269,8506,29331,1,1,8515,29362,2,1
696,934632269,936022313,1390044,6.143028547488,8515,29362,2,1,12051,41555,5,2
697,936022313,936607025,584712,5.766942006921,12051,41555,5,2,8524,29393,3,1
698,936607025,938583865,1976840,6.295971520134,8524,29393,3,1,8533,29424,4,1
699,938583865,938817725,233860,5.368955945346,8533,29424,4,1,12069,41617,7,2
700,938817725,939448745,631020,5.800043124303,12069,41617,7,2,12073,41631,1,2
701,939448745,940562789,1114044,6.046902343961,12073,41631,1,2,8542,29455,5,1
702,940562789,942249265,1686476,6.226980165186,8542,29455,5,1,12091,41693,3,2
703,942249265,945053953,2804688,6.447884556353,12091,41693,3,2,12109,41755,5,2
704,945053953,945422057,368104,5.565970536731,12109,41755,5,2,8564,29531,1,1
705,945422057,947408173,1986116,6.298004610065,8564,29531,1,1,8573,29562,2,1
706,947408173,947862809,454636,5.657663822023,8573,29562,2,1,12127,41817,7,2
707,947862809,948496861,634052,5.802124876789,12127,41817,7,2,12131,41831,1,2
708,948496861,949396373,899512,5.954006961455,12131,41831,1,2,8582,29593,3,1
709,949396373,951310825,1914452,6.282044481994,8582,29593,3,1,12149,41893,3,2
710,951310825,951386657,75832,4.879852510259,12149,41893,3,2,8591,29624,4,1
711,951386657,954128957,2742300,6.438114963662,8591,29624,4,1,12167,41955,5,2
712,954128957,956951257,2822300,6.450603175761,12167,41955,5,2,12185,42017,7,2
713,956951257,957588341,637084,5.804196698162,12185,42017,7,2,12189,42031,1,2
714,957588341,958271245,682904,5.834359656536,12189,42031,1,2,8622,29731,1,1
715,958271245,960270805,1999560,6.300934440366,8622,29731,1,1,8631,29762,2,1
716,960270805,964276177,4005372,6.602642857510,8631,29762,2,1,8649,29824,4,1
717,964276177,966281989,2005812,6.302290225200,8649,29824,4,1,8658,29855,5,1
718,966281989,966723185,441196,5.644631566357,8658,29855,5,1,12247,42231,1,2
719,966723185,969564037,2840852,6.453448608852,12247,42231,1,2,12265,42293,3,2
720,969564037,971207161,1643124,6.215670339140,12265,42293,3,2,8680,29931,1,1
721,971207161,972409057,1201896,6.079866889813,8680,29931,1,1,12283,42355,5,2
722,972409057,973220165,811108,5.909078684891,12283,42355,5,2,8689,29962,2,1
723,973220165,975235253,2015088,6.304294016770,8689,29962,2,1,8698,29993,3,1
724,975235253,975258245,22992,4.361576750790,8698,29993,3,1,12301,42417,7,2
725,975258245,975901393,643148,5.808310923449,12301,42417,7,2,12305,42431,1,2
726,975901393,977252425,1351032,6.130665635668,12305,42431,1,2,8707,30024,4,1
727,977252425,978755689,1503264,6.177035257150,8707,30024,4,1,12323,42493,3,2
728,978755689,979271681,515992,5.712642968327,12323,42493,3,2,8716,30055,5,1
729,979271681,981293021,2021340,6.305639370272,8716,30055,5,1,8725,30086,6,1
730,981293021,981614153,321132,5.506683584081,8725,30086,6,1,12341,42555,5,2
731,981614153,984229805,2615652,6.417579962690,12341,42555,5,2,8738,30131,1,1
732,984229805,984476785,246980,5.392661786291,8738,30131,1,1,12359,42617,7,2
733,984476785,985122965,646180,5.810353511985,12359,42617,7,2,12363,42631,1,2
734,985122965,986256253,1133288,6.054340290196,12363,42631,1,2,8747,30162,2,1
735,986256253,988284785,2028532,6.307181863070,8747,30162,2,1,8756,30193,3,1
736,988284785,990315401,2030616,6.307627803834,8756,30193,3,1,8765,30224,4,1
737,990315401,990862613,547212,5.738155612609,8765,30224,4,1,12399,42755,5,2
738,990862613,992348101,1485488,6.171869147856,12399,42755,5,2,8774,30255,5,1
739,992348101,993738689,1390588,6.143198477346,8774,30255,5,1,12417,42817,7,2
740,993738689,994382885,644196,5.809018023832,12417,42817,7,2,8783,30286,6,1
741,994382885,994387901,5016,3.700357527823,8783,30286,6,1,12421,42831,1,2
742,994387901,997269085,2881184,6.459570994356,12421,42831,1,2,12439,42893,3,2
743,997269085,997339177,70092,4.845668452287,12439,42893,3,2,8796,30331,1,1
744,997339177,999379069,2039892,6.309607174756,8796,30331,1,1,8805,30362,2,1
745,999379069,1000154437,775368,5.889507873393,8805,30362,2,1,12457,42955,5,2
746,1000154437,1003043957,2889520,6.460825704810,12457,42955,5,2,12475,43017,7,2
747,1003043957,1003465105,421148,5.624434742601,12475,43017,7,2,8823,30424,4,1
748,1003465105,1003696201,231096,5.363792428417,8823,30424,4,1,12479,43031,1,2
749,1003696201,1005511249,1815048,6.258888114694,12479,43031,1,2,8832,30455,5,1
750,1005511249,1006590829,1079580,6.033254830340,8832,30455,5,1,12497,43093,3,2
751,1006590829,1010535277,3944448,6.595986235092,12497,43093,3,2,8854,30531,1,1
752,1010535277,1012392589,1857312,6.268884864697,8854,30531,1,1,12533,43217,7,2
753,1012392589,1012588613,196024,5.292309247017,12533,43217,7,2,8863,30562,2,1
754,1012588613,1013047865,459252,5.662051056294,8863,30562,2,1,12537,43231,1,2
755,1013047865,1014644033,1596168,6.203078599817,12537,43231,1,2,8872,30593,3,1
756,1014644033,1016701537,2057504,6.313340688198,8872,30593,3,1,8881,30624,4,1
757,1016701537,1018868177,2166640,6.335786756727,8881,30624,4,1,12573,43355,5,2
758,1018868177,1020822797,1954620,6.291062338231,12573,43355,5,2,8899,30686,6,1
759,1020822797,1021784585,961788,5.983079354183,8899,30686,6,1,12591,43417,7,2
760,1021784585,1022442893,658308,5.818429132830,12591,43417,7,2,12595,43431,1,2
761,1022442893,1023818105,1375212,6.138369653318,12595,43431,1,2,8912,30731,1,1
762,1023818105,1025364409,1546304,6.189294879326,8912,30731,1,1,12613,43493,3,2
763,1025364409,1025884885,520476,5.716400708279,12613,43493,3,2,8921,30762,2,1
764,1025884885,1027953749,2068864,6.315731942579,8921,30762,2,1,8930,30793,3,1
765,1027953749,1028290093,336344,5.526783684761,8930,30793,3,1,12631,43555,5,2
766,1028290093,1030024697,1734604,6.239200343539,12631,43555,5,2,8939,30824,4,1
767,1030024697,1031881285,1856588,6.268715539077,8939,30824,4,1,12653,43631,1,2
768,1031881285,1032097729,216444,5.335345551327,12653,43631,1,2,8948,30855,5,1
769,1032097729,1034172845,2075116,6.317042379001,8948,30855,5,1,8957,30886,6,1
770,1034172845,1034816245,643400,5.808481056566,8957,30886,6,1,12671,43693,3,2
771,1034816245,1037187661,2371416,6.375007745736,12671,43693,3,2,8970,30931,1,1
772,1037187661,1037755373,567712,5.754128074213,8970,30931,1,1,12689,43755,5,2
773,1037755373,1039267885,1512512,6.179698828953,12689,43755,5,2,8979,30962,2,1
774,1039267885,1040698669,1430784,6.155574074928,8979,30962,2,1,12707,43817,7,2
775,1040698669,1041363041,664372,5.822411320797,12707,43817,7,2,12711,43831,1,2
776,1041363041,1043434585,2071544,6.316294162232,12711,43831,1,2,8997,31024,4,1
777,1043434585,1045521061,2086476,6.319413393540,8997,31024,4,1,9006,31055,5,1
778,1045521061,1047264017,1742956,6.241286423714,9006,31055,5,1,12747,43955,5,2
779,1047264017,1050220757,2956740,6.470813136657,12747,43955,5,2,12765,44017,7,2
780,1050220757,1050643945,423188,5.626533344264,12765,44017,7,2,9028,31131,1,1
781,1050643945,1050888161,244216,5.387774113680,9028,31131,1,1,12769,44031,1,2
782,1050888161,1052737613,1849452,6.267043064278,12769,44031,1,2,9037,31162,2,1
783,1052737613,1053850009,1112396,6.046259418541,9037,31162,2,1,12787,44093,3,2
784,1053850009,1054833365,983356,5.992710771999,12787,44093,3,2,9046,31193,3,1
785,1054833365,1056931201,2097836,6.321771533868,9046,31193,3,1,9055,31224,4,1
786,1056931201,1059031121,2099920,6.322202749867,9055,31224,4,1,9064,31255,5,1
787,1059031121,1059786209,755088,5.877997568434,9064,31255,5,1,12823,44217,7,2
788,1059786209,1060456645,670436,5.826357326299,12823,44217,7,2,12827,44231,1,2
789,1060456645,1061133125,676480,5.830254961291,12827,44231,1,2,9073,31286,6,1
790,1061133125,1063431937,2298812,6.361503455523,9073,31286,6,1,12845,44293,3,2
791,1063431937,1064186957,755020,5.877958455966,12845,44293,3,2,9086,31331,1,1
792,1064186957,1066294069,2107112,6.323687620416,9086,31331,1,1,9095,31362,2,1
793,1066294069,1066411397,117328,5.069401667652,9095,31362,2,1,12863,44355,5,2
794,1066411397,1068403265,1991868,6.299260554584,12863,44355,5,2,9104,31393,3,1
795,1068403265,1069395025,991760,5.996406588196,9104,31393,3,1,12881,44417,7,2
796,1069395025,1070068493,673468,5.828316964939,12881,44417,7,2,12885,44431,1,2
797,1070068493,1070514545,446052,5.649385490992,12885,44431,1,2,9113,31424,4,1
798,1070514545,1072627909,2113364,6.324974305181,9113,31424,4,1,9122,31455,5,1
799,1072627909,1074743357,2115448,6.325402354370,9122,31455,5,1,9131,31486,6,1
800,1074743357,1076050133,1306776,6.116201149707,9131,31486,6,1,12921,44555,5,2
801,1076050133,1077816697,1766564,6.247129375902,12921,44555,5,2,9144,31531,1,1
802,1077816697,1079047205,1230508,6.090084441561,9144,31531,1,1,12939,44617,7,2
803,1079047205,1079723705,676500,5.830267800934,12939,44617,7,2,12943,44631,1,2
804,1079723705,1079937253,213548,5.329495508364,12943,44631,1,2,9153,31562,2,1
805,1079937253,1082725885,2788632,6.445391206660,9153,31562,2,1,12961,44693,3,2
806,1082725885,1084184617,1458732,6.163975510117,12961,44693,3,2,9171,31624,4,1
807,1084184617,1085732233,1547616,6.189663211018,9171,31624,4,1,12979,44755,5,2
808,1085732233,1088742749,3010516,6.478640939696,12979,44755,5,2,12997,44817,7,2
809,1088742749,1089422281,679532,5.832209913013,12997,44817,7,2,13001,44831,1,2
810,1089422281,1091533165,2110884,6.324464368057,13001,44831,1,2,9202,31731,1,1
811,1091533165,1092437905,904740,5.956523791594,9202,31731,1,1,13019,44893,3,2
812,1092437905,1093667165,1229260,6.089643749952,13019,44893,3,2,9211,31762,2,1
813,1093667165,1095457697,1790532,6.252982087034,9211,31762,2,1,13037,44955,5,2
814,1095457697,1095803249,345552,5.538513410940,13037,44955,5,2,9220,31793,3,1
815,1095803249,1097941417,2138168,6.330041825572,9220,31793,3,1,9229,31824,4,1
816,1097941417,1099164221,1222804,6.087356850708,9229,31824,4,1,13059,45031,1,2
817,1099164221,1100081669,917448,5.962581458261,13059,45031,1,2,9238,31855,5,1
818,1100081669,1101509785,1428116,6.154763484831,9238,31855,5,1,13073,45079,9,2
819,1101509785,1102224005,714220,5.853832007391,13073,45079,9,2,9247,31886,6,1
820,1102224005,1105336361,3112356,6.493089266979,9247,31886,6,1,9260,31931,1,1
821,1105336361,1107483805,2147444,6.331921847331,9260,31931,1,1,9269,31962,2,1
822,1107483805,1108263929,780124,5.892163638890,9269,31962,2,1,13113,45217,7,2
823,1108263929,1108949525,685596,5.836068275101,13113,45217,7,2,13117,45231,1,2
824,1108949525,1109633333,683808,5.834934177384,13117,45231,1,2,9278,31993,3,1
825,1109633333,1111784945,2151612,6.332763957770,9278,31993,3,1,9287,32024,4,1
826,1111784945,1111992037,207092,5.316163322346,9287,32024,4,1,13135,45293,3,2
827,1111992037,1113938641,1946604,6.289277611455,13135,45293,3,2,9296,32055,5,1
828,1113938641,1115038717,1100076,6.041422689922,9296,32055,5,1,13153,45355,5,2
829,1115038717,1116094421,1055704,6.023542167074,13153,45355,5,2,9305,32086,6,1
830,1116094421,1118089565,1995144,6.299974246463,9305,32086,6,1,13171,45417,7,2
831,1118089565,1118778193,688628,5.837984677384,13171,45417,7,2,13175,45431,1,2
832,1118778193,1119226285,448092,5.651367190316,13175,45431,1,2,9318,32131,1,1
833,1119226285,1121144581,1918296,6.282915621212,9318,32131,1,1,13189,45479,9,2
834,1121144581,1121387173,242592,5.384876474959,13189,45479,9,2,9327,32162,2,1
835,1121387173,1121834149,446976,5.650284204681,9327,32162,2,1,13193,45493,3,2
836,1121834149,1124894273,3060124,6.485739024986,13193,45493,3,2,13211,45555,5,2
837,1124894273,1125715201,820928,5.914305068722,13211,45555,5,2,9345,32224,4,1
838,1125715201,1127882341,2167140,6.335886968202,9345,32224,4,1,9354,32255,5,1
839,1127882341,1127958565,76224,4.882091735467,9354,32255,5,1,13229,45617,7,2
840,1127958565,1128650225,691660,5.839892660337,13229,45617,7,2,13233,45631,1,2
841,1128650225,1131027025,2376800,6.375992638796,13233,45631,1,2,13247,45679,9,2
842,1131027025,1133202937,2175912,6.337641327291,13247,45679,9,2,9376,32331,1,1
843,1133202937,1134793193,1590256,6.201467042835,9376,32331,1,1,13269,45755,5,2
844,1134793193,1135377269,584076,5.766469361210,13269,45755,5,2,9385,32362,2,1
845,1135377269,1137553685,2176416,6.337741909977,9385,32362,2,1,9394,32393,3,1
846,1137553685,1137870929,317244,5.501393417082,9394,32393,3,1,13287,45817,7,2
847,1137870929,1138565621,694692,5.841792297614,13287,45817,7,2,13291,45831,1,2
848,1138565621,1139732185,1166564,6.066908570035,13291,45831,1,2,9403,32424,4,1
849,1139732185,1141648465,1916280,6.282458966940,9403,32424,4,1,13309,45893,3,2
850,1141648465,1141912769,264304,5.422103735832,13309,45893,3,2,9412,32455,5,1
851,1141912769,1144095437,2182668,6.338987681319,9412,32455,5,1,9421,32486,6,1
852,1144095437,1144735477,640040,5.806207116541,9421,32486,6,1,13327,45955,5,2
853,1144735477,1147266317,2530840,6.403264689878,13327,45955,5,2,9434,32531,1,1
854,1147266317,1147826657,560340,5.748451625786,9434,32531,1,1,13345,46017,7,2
855,1147826657,1148524381,697724,5.843683661905,13345,46017,7,2,13349,46031,1,2
856,1148524381,1149454093,929712,5.968348436531,13349,46031,1,2,9443,32562,2,1
857,1149454093,1150922005,1467912,6.166700020798,9443,32562,2,1,13363,46079,9,2
858,1150922005,1151620669,698664,5.844268365976,13363,46079,9,2,13367,46093,3,2
859,1151620669,1151643953,23284,4.367057590613,13367,46093,3,2,9452,32593,3,1
860,1151643953,1153835897,2191944,6.340829454556,9452,32593,3,1,9461,32624,4,1
861,1153835897,1157825749,3989852,6.600956786219,9461,32624,4,1,13403,46217,7,2
862,1157825749,1158226037,400288,5.602372570840,13403,46217,7,2,9479,32686,6,1
863,1158226037,1158526505,300468,5.477798226211,9479,32686,6,1,13407,46231,1,2
864,1158526505,1160934541,2408036,6.381662975312,13407,46231,1,2,13421,46279,9,2
865,1160934541,1161416425,481884,5.682942506656,13421,46279,9,2,9492,32731,1,1
866,1161416425,1163617645,2201220,6.342663450100,9492,32731,1,1,9501,32762,2,1
867,1163617645,1164750137,1132492,6.054035142810,9501,32762,2,1,13443,46355,5,2
868,1164750137,1168026337,3276200,6.515370405984,13443,46355,5,2,9519,32824,4,1
869,1168026337,1168571993,545656,5.736918935041,9519,32824,4,1,13465,46431,1,2
870,1168571993,1170233809,1661816,6.220582936050,13465,46431,1,2,9528,32855,5,1
871,1170233809,1171695169,1461360,6.164757215766,9528,32855,5,1,13483,46493,3,2
872,1171695169,1174822513,3127344,6.495175655175,13483,46493,3,2,13501,46555,5,2
873,1174822513,1175653261,830748,5.919469304402,13501,46555,5,2,9550,32931,1,1
874,1175653261,1177867925,2214664,6.345307846128,9550,32931,1,1,9559,32962,2,1
875,1177867925,1177954025,86100,4.935003151454,9559,32962,2,1,13519,46617,7,2
876,1177954025,1178660845,706820,5.849308829695,13519,46617,7,2,13523,46631,1,2
877,1178660845,1180084673,1423828,6.153457529215,13523,46631,1,2,9568,32993,3,1
878,1180084673,1181089705,1005032,6.002179889818,9568,32993,3,1,13537,46679,9,2
879,1181089705,1181797465,707760,5.849886014263,13537,46679,9,2,13541,46693,3,2
880,1181797465,1182303505,506040,5.704184847062,13541,46693,3,2,9577,33024,4,1
881,1182303505,1184524421,2220916,6.346532132872,9577,33024,4,1,9586,33055,5,1
882,1184524421,1184938253,413832,5.616824069911,9586,33055,5,1,13559,46755,5,2
883,1184938253,1186747421,1809168,6.257478897476,13559,46755,5,2,9595,33086,6,1
884,1186747421,1188083209,1335788,6.125737537679,9595,33086,6,1,13577,46817,7,2
885,1188083209,1188793061,709852,5.851167810292,13577,46817,7,2,13581,46831,1,2
886,1188793061,1189976825,1183764,6.073265128304,13581,46831,1,2,9608,33131,1,1
887,1189976825,1191232333,1255508,6.098819484349,9608,33131,1,1,13595,46879,9,2
888,1191232333,1192204933,972600,5.987934265232,13595,46879,9,2,9617,33162,2,1
889,1192204933,1194435125,2230192,6.348342253609,9617,33162,2,1,9626,33193,3,1
890,1194435125,1195097357,662232,5.821010162655,9626,33193,3,1,13617,46955,5,2
891,1195097357,1196667401,1570044,6.195911823549,13617,46955,5,2,9635,33224,4,1
892,1196667401,1198255757,1588356,6.200947847907,9635,33224,4,1,13635,47017,7,2
893,1198255757,1198901761,646004,5.810235207117,13635,47017,7,2,9644,33255,5,1
894,1198901761,1198968641,66880,4.825296264431,9644,33255,5,1,13639,47031,1,2
895,1198968641,1201138205,2169564,6.336372465913,13639,47031,1,2,9653,33286,6,1
896,1201138205,1202132149,993944,5.997361916413,9653,33286,6,1,13657,47093,3,2
897,1202132149,1204387117,2254968,6.353140383233,13657,47093,3,2,9666,33331,1,1
898,1204387117,1206628669,2241552,6.350548818174,9666,33331,1,1,9675,33362,2,1
899,1206628669,1208471669,1843000,6.265525335219,9675,33362,2,1,13693,47217,7,2
900,1208471669,1209187585,715916,5.854862068570,13693,47217,7,2,13697,47231,1,2
901,1209187585,1211118025,1930440,6.285656307864,13697,47231,1,2,9693,33424,4,1
902,1211118025,1211647681,529656,5.723993896381,9693,33424,4,1,13711,47279,9,2
903,1211647681,1212364537,716856,5.855431924585,13711,47279,9,2,13715,47293,3,2
904,1212364537,1213365829,1001292,6.000560746306,13715,47293,3,2,9702,33455,5,1
905,1213365829,1215545657,2179828,6.338422226817,9702,33455,5,1,13733,47355,5,2
906,1215545657,1218730945,3185288,6.503148705480,13733,47355,5,2,13751,47417,7,2
907,1218730945,1218884137,153192,5.185236086141,13751,47417,7,2,9724,33531,1,1
908,1218884137,1219449893,565756,5.752629168465,9724,33531,1,1,13755,47431,1,2
909,1219449893,1221139133,1689240,6.227691356659,13755,47431,1,2,9733,33562,2,1
910,1221139133,1221920401,781268,5.892800036382,9733,33562,2,1,13769,47479,9,2
911,1221920401,1223396213,1475812,6.169031037323,13769,47479,9,2,9742,33593,3,1
912,1223396213,1225655377,2259164,6.353947758902,9742,33593,3,1,9751,33624,4,1
913,1225655377,1225834853,179476,5.254006381803,9751,33624,4,1,13791,47555,5,2
914,1225834853,1229033585,3198732,6.504977855027,13791,47555,5,2,13809,47617,7,2
915,1229033585,1229755565,721980,5.858525167085,13809,47617,7,2,13813,47631,1,2
916,1229755565,1230179957,424392,5.627767188640,13813,47631,1,2,9769,33686,6,1
917,1230179957,1232959405,2779448,6.443958553343,9769,33686,6,1,13831,47693,3,2
918,1232959405,1233467885,508480,5.706273875527,13831,47693,3,2,9782,33731,1,1
919,1233467885,1235736325,2268440,6.355727296710,9782,33731,1,1,9791,33762,2,1
920,1235736325,1236167413,431088,5.634565933765,9791,33762,2,1,13849,47755,5,2
921,1236167413,1238006849,1839436,6.264684681903,13849,47755,5,2,9800,33793,3,1
922,1238006849,1240104601,2097752,6.321754143820,9800,33793,3,1,13871,47831,1,2
923,1240104601,1240279457,174856,5.242680539260,13871,47831,1,2,9809,33824,4,1
924,1240279457,1242554149,2274692,6.356922600221,9809,33824,4,1,9818,33855,5,1
925,1242554149,1242595933,41784,4.621010012829,9818,33855,5,1,13885,47879,9,2
926,1242595933,1243321885,725952,5.860907906066,13885,47879,9,2,13889,47893,3,2
927,1243321885,1244830925,1509040,6.178700751737,13889,47893,3,2,9827,33886,6,1
928,1244830925,1246543337,1712412,6.233608262561,9827,33886,6,1,13907,47955,5,2
929,1246543337,1248138361,1595024,6.202767222183,13907,47955,5,2,9840,33931,1,1
930,1248138361,1249768957,1630596,6.212346372626,9840,33931,1,1,13925,48017,7,2
931,1249768957,1250420245,651288,5.813773076360,13925,48017,7,2,9849,33962,2,1
932,1250420245,1250497001,76756,4.885112334182,9849,33962,2,1,13929,48031,1,2
933,1250497001,1252998745,2501744,6.398242866878,13929,48031,1,2,13943,48079,9,2
934,1252998745,1254990265,1991520,6.299184672205,13943,48079,9,2,9867,34024,4,1
935,1254990265,1257278401,2288136,6.359481834061,9867,34024,4,1,9876,34055,5,1
936,1257278401,1260201689,2923288,6.465871603811,9876,34055,5,1,13983,48217,7,2
937,1260201689,1260932765,731076,5.863962526978,13983,48217,7,2,13987,48231,1,2
938,1260932765,1262895565,1962800,6.292876049309,13987,48231,1,2,9898,34131,1,1
939,1262895565,1264176937,1281372,6.107675229740,9898,34131,1,1,14005,48293,3,2
940,1264176937,1265190893,1013956,6.006019109463,14005,48293,3,2,9907,34162,2,1
941,1265190893,1267425277,2234384,6.349157812804,9907,34162,2,1,14023,48355,5,2
942,1267425277,1267488305,63028,4.799533526343,14023,48355,5,2,9916,34193,3,1
943,1267488305,1269787801,2299496,6.361632658450,9916,34193,3,1,9925,34224,4,1
944,1269787801,1270677785,889984,5.949382199033,9925,34224,4,1,14041,48417,7,2
945,1270677785,1271411893,734108,5.865759956856,14041,48417,7,2,14045,48431,1,2
946,1271411893,1272089381,677488,5.830901607178,14045,48431,1,2,9934,34255,5,1
947,1272089381,1273934461,1845080,6.266015201284,9934,34255,5,1,14059,48479,9,2
948,1273934461,1274393045,458584,5.661418898120,14059,48479,9,2,9943,34286,6,1
949,1274393045,1274669509,276464,5.441638587289,9943,34286,6,1,14063,48493,3,2
950,1274669509,1277739497,3069988,6.487136677906,14063,48493,3,2,9956,34331,1,1
951,1277739497,1277931293,191796,5.282839545504,9956,34331,1,1,14081,48555,5,2
952,1277931293,1280048269,2116976,6.325715934483,14081,48555,5,2,9965,34362,2,1
953,1280048269,1281197245,1148976,6.060310957168,9965,34362,2,1,14099,48617,7,2
954,1281197245,1281934385,737140,5.867549978298,14099,48617,7,2,14103,48631,1,2
955,1281934385,1282359125,424740,5.628123162712,14103,48631,1,2,9974,34393,3,1
956,1282359125,1284467365,2108240,6.323920049018,9974,34393,3,1,14117,48679,9,2
957,1284467365,1284672065,204700,5.311117842663,14117,48679,9,2,9983,34424,4,1
958,1284672065,1286987089,2315024,6.364555497736,9983,34424,4,1,9992,34455,5,1
959,1286987089,1288480673,1493584,6.174229652592,9992,34455,5,1,14139,48755,5,2
960,1288480673,1289304197,823524,5.915676260355,14139,48755,5,2,10001,34486,6,1
961,1289304197,1291760069,2455872,6.390205727639,10001,34486,6,1,14157,48817,7,2
962,1291760069,1292500241,740172,5.869332652124,14157,48817,7,2,14161,48831,1,2
963,1292500241,1292670157,169916,5.230234275776,14161,48831,1,2,10014,34531,1,1
964,1292670157,1294992373,2322216,6.365902613010,10014,34531,1,1,10023,34562,2,1
965,1294992373,1295784745,792372,5.898929120501,10023,34562,2,1,14179,48893,3,2
966,1295784745,1299073417,3288672,6.517020560715,14179,48893,3,2,14197,48955,5,2
967,1299073417,1299643057,569640,5.755600477766,14197,48955,5,2,10041,34624,4,1
968,1299643057,1302366257,2723200,6.435079538404,10041,34624,4,1,14215,49017,7,2
969,1302366257,1303109461,743204,5.871108038409,14215,49017,7,2,14219,49031,1,2
970,1303109461,1305663265,2553804,6.407187562863,14219,49031,1,2,14233,49079,9,2
971,1305663265,1306407409,744144,5.871656984409,14233,49079,9,2,14237,49093,3,2
972,1306407409,1307687545,1280136,6.107256110985,14237,49093,3,2,10072,34731,1,1
973,1307687545,1310023205,2335660,6.368409623170,10072,34731,1,1,10081,34762,2,1
974,1310023205,1312360949,2337744,6.368796951020,10081,34762,2,1,10090,34793,3,1
975,1312360949,1313762045,1401096,6.146467893203,10090,34793,3,1,14277,49231,1,2
976,1313762045,1314700777,938732,5.972541622581,14277,49231,1,2,10099,34824,4,1
977,1314700777,1316326261,1625484,6.210982698996,10099,34824,4,1,14291,49279,9,2
978,1316326261,1317042689,716428,5.855172550946,14291,49279,9,2,10108,34855,5,1
979,1317042689,1319386685,2343996,6.369956866229,10108,34855,5,1,10117,34886,6,1
980,1319386685,1320388997,1002312,6.001002929901,10117,34886,6,1,14313,49355,5,2
981,1320388997,1322791661,2402664,6.380693041237,14313,49355,5,2,10130,34931,1,1
982,1322791661,1323708725,917064,5.962399645241,10130,34931,1,1,14331,49417,7,2
983,1323708725,1324457993,749268,5.874637184993,14331,49417,7,2,14335,49431,1,2
984,1324457993,1325140765,682772,5.834275702696,14335,49431,1,2,10139,34962,2,1
985,1325140765,1327491953,2351188,6.371287356517,10139,34962,2,1,10148,34993,3,1
986,1327491953,1327782829,290876,5.463707889354,10148,34993,3,1,14353,49493,3,2
987,1327782829,1329845225,2062396,6.314372057700,14353,49493,3,2,10157,35024,4,1
988,1329845225,1331111833,1266608,6.102642226740,10157,35024,4,1,14371,49555,5,2
989,1331111833,1332200581,1088748,6.036927370229,14371,49555,5,2,10166,35055,5,1
990,1332200581,1334445005,2244424,6.351104904040,10166,35055,5,1,14389,49617,7,2
991,1334445005,1334558021,113016,5.053139932154,14389,49617,7,2,10175,35086,6,1
992,1334558021,1335197305,639284,5.805693835048,10175,35086,6,1,14393,49631,1,2
993,1335197305,1336917545,1720240,6.235589041910,14393,49631,1,2,10184,35117,7,1
994,1336917545,1337782345,864800,5.936915680945,10184,35117,7,1,14407,49679,9,2
995,1337782345,1337982505,200160,5.301377292349,14407,49679,9,2,10188,35131,1,1
996,1337982505,1338535585,553080,5.742787954172,10188,35131,1,1,14411,49693,3,2
997,1338535585,1340345053,1809468,6.257550907120,14411,49693,3,2,10197,35162,2,1
998,1340345053,1341878033,1532980,6.185536488875,10197,35162,2,1,14429,49755,5,2
999,1341878033,1345076401,3198368,6.504928431635,14429,49755,5,2,10215,35224,4,1
1000,1345076401,1345224649,148248,5.170988843049,10215,35224,4,1,14447,49817,7,2
1001,1345224649,1345979981,755332,5.878137884180,14447,49817,7,2,14451,49831,1,2
1002,1345979981,1347445201,1465220,6.165902838078,14451,49831,1,2,10224,35255,5,1
1003,1347445201,1348575433,1130232,6.053167599216,10224,35255,5,1,14465,49879,9,2
1004,1348575433,1352189053,3613620,6.557942481213,14465,49879,9,2,10242,35317,7,1
1005,1352189053,1352687597,498544,5.697703493869,10242,35317,7,1,14487,49955,5,2
1006,1352687597,1353260077,572480,5.757760318887,14487,49955,5,2,10246,35331,1,1
1007,1353260077,1355636069,2375992,6.375844974036,10246,35331,1,1,10255,35362,2,1
1008,1355636069,1356047657,411588,5.614462704259,10255,35362,2,1,14505,50017,7,2
1009,1356047657,1356806021,758364,5.879877708596,14505,50017,7,2,14509,50031,1,2
1010,1356806021,1358014145,1208124,6.082111511894,14509,50031,1,2,10264,35393,3,1
1011,1358014145,1360171189,2157044,6.333859004056,10264,35393,3,1,14527,50093,3,2
1012,1360171189,1360394305,223116,5.348530715342,14527,50093,3,2,10273,35424,4,1
1013,1360394305,1362776549,2382244,6.376986241793,10273,35424,4,1,10282,35455,5,1
1014,1362776549,1365160877,2384328,6.377365998883,10282,35455,5,1,10291,35486,6,1
1015,1365160877,1366914029,1753152,6.243819571484,10291,35486,6,1,14563,50217,7,2
1016,1366914029,1367547289,633260,5.801582056592,14563,50217,7,2,10300,35517,7,1
1017,1367547289,1367675425,128136,5.107671162570,10300,35517,7,1,14567,50231,1,2
1018,1367675425,1368624377,948952,5.977244245449,14567,50231,1,2,10304,35531,1,1
1019,1368624377,1370291701,1667324,6.222020001591,10304,35531,1,1,14581,50279,9,2
1020,1370291701,1371013813,722112,5.858604562126,14581,50279,9,2,10313,35562,2,1
1021,1371013813,1371054037,40224,4.604485256006,10313,35562,2,1,14585,50293,3,2
1022,1371054037,1373405333,2351296,6.371307305039,14585,50293,3,2,10322,35593,3,1
1023,1373405333,1374436817,1031484,6.013462495745,10322,35593,3,1,14603,50355,5,2
1024,1374436817,1375798937,1362120,6.134215369722,14603,50355,5,2,10331,35624,4,1
1025,1375798937,1377823765,2024828,6.306388137761,10331,35624,4,1,14621,50417,7,2
1026,1377823765,1378588193,764428,5.883336586314,14621,50417,7,2,14625,50431,1,2
1027,1378588193,1380592397,2004204,6.301941924563,14625,50431,1,2,10349,35686,6,1
1028,1380592397,1381214881,622484,5.794128193035,10349,35686,6,1,14639,50479,9,2
1029,1381214881,1382992253,1777372,6.249778334186,14639,50479,9,2,10358,35717,7,1
1030,1382992253,1384075405,1083152,6.034689405960,10358,35717,7,1,10362,35731,1,1
1031,1384075405,1385376473,1301068,6.114299995449,10362,35731,1,1,14661,50555,5,2
1032,1385376473,1386478285,1101812,6.042107498029,14661,50555,5,2,10371,35762,2,1
1033,1386478285,1389544325,3066040,6.486577816424,10371,35762,2,1,14683,50631,1,2
1034,1389544325,1391290297,1745972,6.242037274683,14683,50631,1,2,10389,35824,4,1
1035,1391290297,1392949825,1659528,6.219984584339,10389,35824,4,1,14701,50693,3,2
1036,1392949825,1393699429,749604,5.874831895347,14701,50693,3,2,10398,35855,5,1
1037,1393699429,1396359493,2660064,6.424892085696,10398,35855,5,1,14719,50755,5,2
1038,1396359493,1399613161,3253668,6.512373236024,14719,50755,5,2,10420,35931,1,1
1039,1399613161,1399773329,160168,5.204575752625,10420,35931,1,1,14737,50817,7,2
1040,1399773329,1400543821,770492,5.886768133809,14737,50817,7,2,14741,50831,1,2
1041,1400543821,1402029485,1485664,6.171920599838,14741,50831,1,2,10429,35962,2,1
1042,1402029485,1403191333,1161848,6.065149314733,10429,35962,2,1,14755,50879,9,2
1043,1403191333,1403962765,771432,5.887297650002,14755,50879,9,2,14759,50893,3,2
1044,1403962765,1404447893,485128,5.685856341405,14759,50893,3,2,10438,35993,3,1
1045,1404447893,1406868385,2420492,6.383903651587,10438,35993,3,1,10447,36024,4,1
1046,1406868385,1407385877,517492,5.713903640346,10447,36024,4,1,14777,50955,5,2
1047,1407385877,1409290961,1905084,6.279914129582,14777,50955,5,2,10456,36055,5,1
1048,1409290961,1410813157,1522196,6.182470576375,10456,36055,5,1,14795,51017,7,2
1049,1410813157,1411586681,773524,5.888473793027,14795,51017,7,2,14799,51031,1,2
1050,1411586681,1411715621,128940,5.110387665875,14799,51031,1,2,10465,36086,6,1
1051,1411715621,1414142365,2426744,6.385023964527,10465,36086,6,1,10474,36117,7,1
1052,1414142365,1414244605,102240,5.009620840814,10474,36117,7,1,14813,51079,9,2
1053,1414244605,1415237645,993040,5.996966742382,14813,51079,9,2,10478,36131,1,1
1054,1415237645,1417667413,2429768,6.385564808113,10478,36131,1,1,10487,36162,2,1
1055,1417667413,1420099265,2431852,6.385937140692,10487,36162,2,1,10496,36193,3,1
1056,1420099265,1421896349,1797084,6.254568377545,10496,36193,3,1,14853,51217,7,2
1057,1421896349,1422533201,636852,5.804038517027,14853,51217,7,2,10505,36224,4,1
1058,1422533201,1422672905,139704,5.145208840996,10505,36224,4,1,14857,51231,1,2
1059,1422672905,1424969221,2296316,6.361031651850,14857,51231,1,2,10514,36255,5,1
1060,1424969221,1426118737,1149516,6.060515020549,10514,36255,5,1,14875,51293,3,2
1061,1426118737,1427407325,1288588,6.110114082654,14875,51293,3,2,10523,36286,6,1
1062,1427407325,1429568737,2161412,6.334737558309,10523,36286,6,1,14893,51355,5,2
1063,1429568737,1429847513,278776,5.445255382352,14893,51355,5,2,10532,36317,7,1
1064,1429847513,1430948857,1101344,6.041922990150,10532,36317,7,1,10536,36331,1,1
1065,1430948857,1433022905,2074048,6.316818803111,10536,36331,1,1,14911,51417,7,2
1066,1433022905,1433392069,369164,5.567219343048,14911,51417,7,2,10545,36362,2,1
1067,1433392069,1433802493,410424,5.613232748699,10545,36362,2,1,14915,51431,1,2
1068,1433802493,1436481241,2678748,6.427931859798,14915,51431,1,2,14929,51479,9,2
1069,1436481241,1437261769,780528,5.892388487190,14929,51479,9,2,14933,51493,3,2
1070,1437261769,1438284745,1022976,6.009865444866,14933,51493,3,2,10563,36424,4,1
1071,1438284745,1440725213,2440468,6.387473117457,10563,36424,4,1,14951,51555,5,2
1072,1440725213,1440734209,8996,3.954049446764,14951,51555,5,2,10572,36455,5,1
1073,1440734209,1444192825,3458616,6.538902346247,10572,36455,5,1,14969,51617,7,2
1074,1444192825,1444975445,782620,5.893550942183,14969,51617,7,2,14973,51631,1,2
1075,1444975445,1445639389,663944,5.822131450578,14973,51631,1,2,10590,36517,7,1
1076,1445639389,1446746797,1107408,6.044307656564,10590,36517,7,1,10594,36531,1,1
1077,1446746797,1447664605,917808,5.962751838868,10594,36531,1,1,14987,51679,9,2
1078,1447664605,1449203453,1538848,6.187195724431,14987,51679,9,2,10603,36562,2,1
1079,1449203453,1451662193,2458740,6.390712606602,10603,36562,2,1,10612,36593,3,1
1080,1451662193,1451925053,262860,5.419724503562,10612,36593,3,1,15009,51755,5,2
1081,1451925053,1454123017,2197964,6.342020574926,15009,51755,5,2,10621,36624,4,1
1082,1454123017,1455406109,1283092,6.108257797185,10621,36624,4,1,15027,51817,7,2
1083,1455406109,1456191761,785652,5.895230220407,15027,51817,7,2,15031,51831,1,2
1084,1456191761,1459050917,2859156,6.456237851787,15031,51831,1,2,10639,36686,6,1
1085,1459050917,1459677925,627008,5.797273082033,10639,36686,6,1,15049,51893,3,2
1086,1459677925,1461517993,1840068,6.264833872726,15049,51893,3,2,10648,36717,7,1
1087,1461517993,1462631465,1113472,6.046679300491,10648,36717,7,1,10652,36731,1,1
1088,1462631465,1463168257,536792,5.729806034766,10652,36731,1,1,15067,51955,5,2
1089,1463168257,1465101565,1933308,6.286301048051,15067,51955,5,2,10661,36762,2,1
1090,1465101565,1467451441,2349876,6.371044945703,10661,36762,2,1,15089,52031,1,2
1091,1467451441,1467573749,122308,5.087454864577,15089,52031,1,2,10670,36793,3,1
1092,1467573749,1470048017,2474268,6.393446738388,10670,36793,3,1,10679,36824,4,1
1093,1470048017,1470161425,113408,5.054643691535,10679,36824,4,1,15103,52079,9,2
1094,1470161425,1470951049,789624,5.897420339901,15103,52079,9,2,15107,52093,3,2
1095,1470951049,1472524369,1573320,6.196817063437,15107,52093,3,2,10688,36855,5,1
1096,1472524369,1475002805,2478436,6.394177708714,10688,36855,5,1,10697,36886,6,1
1097,1475002805,1477483325,2480520,6.394542733027,10697,36886,6,1,10706,36917,7,1
1098,1477483325,1477962769,479444,5.680737888021,10706,36917,7,1,15143,52217,7,2
1099,1477962769,1478602861,640092,5.806242399329,15143,52217,7,2,10710,36931,1,1
1100,1478602861,1478754485,151624,5.180767949598,10710,36931,1,1,15147,52231,1,2
1101,1478754485,1481086405,2331920,6.367713647221,15147,52231,1,2,10719,36962,2,1
1102,1481086405,1481474881,388476,5.589364193305,10719,36962,2,1,15161,52279,9,2
1103,1481474881,1485784757,4309876,6.634464775198,15161,52279,9,2,15183,52355,5,2
1104,1485784757,1486059745,274988,5.439313742385,15183,52355,5,2,10737,37024,4,1
1105,1486059745,1488549541,2489796,6.396163764885,10737,37024,4,1,10746,37055,5,1
1106,1488549541,1489306145,756604,5.878868632983,10746,37055,5,1,15201,52417,7,2
1107,1489306145,1490100893,794748,5.900229443677,15201,52417,7,2,15205,52431,1,2
1108,1490100893,1493535385,3434492,6.535862509107,15205,52431,1,2,10764,37117,7,1
1109,1493535385,1493627389,92004,4.963806709304,10764,37117,7,1,15223,52493,3,2
1110,1493627389,1494660985,1033596,6.014350819942,15223,52493,3,2,10768,37131,1,1
1111,1494660985,1497157973,2496988,6.397416455228,10768,37131,1,1,10777,37162,2,1
1112,1497157973,1497158053,80,1.903089986992,10777,37162,2,1,15241,52555,5,2
1113,1497158053,1499657045,2498992,6.397764865826,15241,52555,5,2,10786,37193,3,1
1114,1499657045,1500692885,1035840,6.015292677722,10786,37193,3,1,15259,52617,7,2
1115,1500692885,1501490665,797780,5.901883144535,15259,52617,7,2,15263,52631,1,2
1116,1501490665,1502158201,667536,5.824474692029,15263,52631,1,2,10795,37224,4,1
1117,1502158201,1504231885,2073684,6.316742576782,10795,37224,4,1,15277,52679,9,2
1118,1504231885,1504661441,429556,5.633019789601,15277,52679,9,2,10804,37255,5,1
1119,1504661441,1505030605,369164,5.567219343048,10804,37255,5,1,15281,52693,3,2
1120,1505030605,1507166765,2136160,6.329633778560,15281,52693,3,2,10813,37286,6,1
1121,1507166765,1508574713,1407948,6.148586615225,10813,37286,6,1,15299,52755,5,2
1122,1508574713,1510805837,2231124,6.348523707899,15299,52755,5,2,10826,37331,1,1
1123,1510805837,1512122989,1317152,6.119635895654,10826,37331,1,1,15317,52817,7,2
1124,1512122989,1512923801,800812,5.903530572332,15317,52817,7,2,15321,52831,1,2
1125,1512923801,1513316269,392468,5.593804252190,15321,52831,1,2,10835,37362,2,1
1126,1513316269,1515675433,2359164,6.372758132416,10835,37362,2,1,15335,52879,9,2
1127,1515675433,1515828785,153352,5.185689444377,15335,52879,9,2,10844,37393,3,1
1128,1515828785,1518343385,2514600,6.400468911217,10844,37393,3,1,10853,37424,4,1
1129,1518343385,1520034737,1691352,6.228234001299,10853,37424,4,1,15357,52955,5,2
1130,1520034737,1520860069,825332,5.916628684021,15357,52955,5,2,10862,37455,5,1
1131,1520860069,1523378837,2518768,6.401188167117,10862,37455,5,1,10871,37486,6,1
1132,1523378837,1523596457,217620,5.337698805964,10871,37486,6,1,15375,53017,7,2
1133,1523596457,1524400301,803844,5.905171774479,15375,53017,7,2,15379,53031,1,2
1134,1524400301,1525899689,1499388,6.175914030750,15379,53031,1,2,10880,37517,7,1
1135,1525899689,1527037417,1137728,6.056038446401,10880,37517,7,1,10884,37531,1,1
1136,1527037417,1527967129,929712,5.968348436531,10884,37531,1,1,15397,53093,3,2
1137,1527967129,1529561293,1594164,6.202532997506,15397,53093,3,2,10893,37562,2,1
1138,1529561293,1534615297,5054004,6.703635581307,10893,37562,2,1,10911,37624,4,1
1139,1534615297,1535113289,497992,5.697222366085,10911,37624,4,1,15433,53217,7,2
1140,1535113289,1535920165,806876,5.906806797853,15433,53217,7,2,15437,53231,1,2
1141,1535920165,1538692621,2772456,6.442864662447,15437,53231,1,2,15451,53279,9,2
1142,1538692621,1539500437,807816,5.907312450769,15451,53279,9,2,15455,53293,3,2
1143,1539500437,1542211933,2711496,6.433208968101,15455,53293,3,2,10938,37717,7,1
1144,1542211933,1543084877,872944,5.940986384289,10938,37717,7,1,15473,53355,5,2
1145,1543084877,1543355725,270848,5.432725633011,15473,53355,5,2,10942,37731,1,1
1146,1543355725,1545893045,2537320,6.404375242732,10942,37731,1,1,10951,37762,2,1
1147,1545893045,1547483393,1590348,6.201492167052,10951,37762,2,1,15495,53431,1,2
1148,1547483393,1548432449,949056,5.977291839164,15495,53431,1,2,10960,37793,3,1
1149,1548432449,1550266261,1833812,6.263354810316,10960,37793,3,1,15509,53479,9,2
1150,1550266261,1550973937,707676,5.849834467268,15509,53479,9,2,10969,37824,4,1
1151,1550973937,1553517509,2543572,6.405444035563,10969,37824,4,1,10978,37855,5,1
1152,1553517509,1554674993,1157484,6.063514996442,10978,37855,5,1,15531,53555,5,2
1153,1554674993,1556063165,1388172,6.142443280256,15531,53555,5,2,10987,37886,6,1
1154,1556063165,1558277045,2213880,6.345154076908,10987,37886,6,1,15549,53617,7,2
1155,1558277045,1558610905,333860,5.523564389046,15549,53617,7,2,10996,37917,7,1
1156,1558610905,1559089985,479080,5.680408040883,10996,37917,7,1,15553,53631,1,2
1157,1559089985,1559760761,670776,5.826577515392,15553,53631,1,2,11000,37931,1,1
1158,1559760761,1562311525,2550764,6.406670278979,11000,37931,1,1,11009,37962,2,1
1159,1562311525,1562697145,385620,5.586159550294,11009,37962,2,1,15571,53693,3,2
1160,1562697145,1564864373,2167228,6.335904603029,15571,53693,3,2,11018,37993,3,1
1161,1564864373,1566308473,1444100,6.159597267987,11018,37993,3,1,15589,53755,5,2
1162,1566308473,1567419305,1110832,6.045648382082,15589,53755,5,2,11027,38024,4,1
1163,1567419305,1569923969,2504664,6.398749473623,11027,38024,4,1,15607,53817,7,2
1164,1569923969,1569976321,52352,4.718933277655,15607,53817,7,2,11036,38055,5,1
1165,1569976321,1570739941,763620,5.882877294494,11036,38055,5,1,15611,53831,1,2
1166,1570739941,1572535421,1795480,6.254180571847,15611,53831,1,2,11045,38086,6,1
1167,1572535421,1573543633,1008212,6.003551862218,11045,38086,6,1,15625,53879,9,2
1168,1573543633,1574360545,816912,5.912175275660,15625,53879,9,2,15629,53893,3,2
1169,1574360545,1575096605,736060,5.866913217336,15629,53893,3,2,11054,38117,7,1
1170,1575096605,1576252525,1155920,6.062927778063,11054,38117,7,1,11058,38131,1,1
1171,1576252525,1577985317,1732792,6.238746434224,11058,38131,1,1,15647,53955,5,2
1172,1577985317,1578816733,831416,5.919818377934,15647,53955,5,2,11067,38162,2,1
1173,1578816733,1581614257,2797524,6.446773821035,11067,38162,2,1,15665,54017,7,2
1174,1581614257,1582433261,819004,5.913286022852,15665,54017,7,2,15669,54031,1,2
1175,1582433261,1583951401,1518140,6.181311823222,15669,54031,1,2,11085,38224,4,1
1176,1583951401,1585247365,1295964,6.112592937631,11085,38224,4,1,15683,54079,9,2
1177,1585247365,1586521861,1274496,6.105338476776,15683,54079,9,2,11094,38255,5,1
1178,1586521861,1591669033,5147172,6.711568681054,11094,38255,5,1,11112,38317,7,1
1179,1591669033,1592831017,1161984,6.065200148055,11112,38317,7,1,11116,38331,1,1
1180,1592831017,1593347909,516892,5.713399810591,11116,38331,1,1,15723,54217,7,2
1181,1593347909,1594169945,822036,5.914890837320,15723,54217,7,2,15727,54231,1,2
1182,1594169945,1595408669,1238724,6.092974552034,15727,54231,1,2,11125,38362,2,1
1183,1595408669,1597817437,2408768,6.381794973028,11125,38362,2,1,15745,54293,3,2
1184,1597817437,1597988405,170968,5.232914831305,15745,54293,3,2,11134,38393,3,1
1185,1597988405,1600570225,2581820,6.411925960730,11134,38393,3,1,11143,38424,4,1
1186,1600570225,1601469097,898872,5.953697852299,11143,38424,4,1,15763,54355,5,2
1187,1601469097,1603154129,1685032,6.226608152858,15763,54355,5,2,11152,38455,5,1
1188,1603154129,1605124925,1970796,6.294641672144,11152,38455,5,1,15781,54417,7,2
1189,1605124925,1605740117,615192,5.789010679234,15781,54417,7,2,11161,38486,6,1
1190,1605740117,1605949993,209876,5.321962778442,11161,38486,6,1,15785,54431,1,2
1191,1605949993,1608328189,2378196,6.376247644316,15785,54431,1,2,11170,38517,7,1
1192,1608328189,1608784921,456732,5.659661440634,11170,38517,7,1,15799,54479,9,2
1193,1608784921,1609496237,711316,5.852062577619,15799,54479,9,2,11174,38531,1,1
1194,1609496237,1609610929,114692,5.059533126035,11174,38531,1,1,15803,54493,3,2
1195,1609610929,1612087333,2476404,6.393821496834,15803,54493,3,2,11183,38562,2,1
1196,1612087333,1613276033,1188700,6.075072262706,11183,38562,2,1,15821,54555,5,2
1197,1613276033,1614680513,1404480,6.147515559165,15821,54555,5,2,11192,38593,3,1
1198,1614680513,1616945305,2264792,6.355028322287,11192,38593,3,1,15839,54617,7,2
1199,1616945305,1617275777,330472,5.519134668782,15839,54617,7,2,11201,38624,4,1
1200,1617275777,1617773405,497628,5.696904808788,11201,38624,4,1,15843,54631,1,2
1201,1617773405,1620618745,2845340,6.454134169255,15843,54631,1,2,15857,54679,9,2
1202,1620618745,1622472557,1853812,6.268065689084,15857,54679,9,2,11219,38686,6,1
1203,1622472557,1625126333,2653776,6.423864262134,11219,38686,6,1,15879,54755,5,2
1204,1625126333,1626248185,1121852,6.049935566525,15879,54755,5,2,11232,38731,1,1
1205,1626248185,1628852725,2604540,6.415731031627,11232,38731,1,1,11241,38762,2,1
1206,1628852725,1629640181,787456,5.896226296441,11241,38762,2,1,15901,54831,1,2
1207,1629640181,1633328005,3687824,6.566770186337,15901,54831,1,2,15919,54893,3,2
1208,1633328005,1634068057,740052,5.869262236649,15919,54893,3,2,11259,38824,4,1
1209,1634068057,1636678849,2610792,6.416772273259,11259,38824,4,1,11268,38855,5,1
1210,1636678849,1637019997,341148,5.532942829547,11268,38855,5,1,15937,54955,5,2
1211,1637019997,1640716157,3696160,6.567750762768,15937,54955,5,2,15955,55017,7,2
1212,1640716157,1641550321,834164,5.921251443075,15955,55017,7,2,15959,55031,1,2
1213,1641550321,1641906685,356364,5.551893825020,15959,55031,1,2,11286,38917,7,1
1214,1641906685,1643086861,1180176,6.071946778602,11286,38917,7,1,11290,38931,1,1
1215,1643086861,1644416485,1329624,6.123728845620,11290,38931,1,1,15973,55079,9,2
1216,1644416485,1645251589,835104,5.921740563883,15973,55079,9,2,15977,55093,3,2
1217,1645251589,1645704845,453256,5.656343561802,15977,55093,3,2,11299,38962,2,1
1218,1645704845,1648120981,2416136,6.383121376301,11299,38962,2,1,15991,55141,11,2
1219,1648120981,1648324913,203932,5.309485378466,15991,55141,11,2,11308,38993,3,1
1220,1648324913,1650947065,2622152,6.418657863116,11308,38993,3,1,11317,39024,4,1
1221,1650947065,1652666629,1719564,6.235418344351,11317,39024,4,1,16013,55217,7,2
1222,1652666629,1653503825,837196,5.922827144676,16013,55217,7,2,16017,55231,1,2
1223,1653503825,1653571301,67476,4.829149329557,16017,55231,1,2,11326,39055,5,1
1224,1653571301,1656197621,2626320,6.419347640934,11326,39055,5,1,11335,39086,6,1
1225,1656197621,1656380401,182780,5.261928672991,11335,39086,6,1,16031,55279,9,2
1226,1656380401,1658826025,2445624,6.388389687665,16031,55279,9,2,11344,39117,7,1
1227,1658826025,1660012265,1186240,6.074172564349,11344,39117,7,1,11348,39131,1,1
1228,1660012265,1660937417,925152,5.966213092023,11348,39131,1,1,16053,55355,5,2
1229,1660937417,1662643693,1706276,6.232049282155,16053,55355,5,2,11357,39162,2,1
1230,1662643693,1664660465,2016772,6.304656803151,11357,39162,2,1,16071,55417,7,2
1231,1664660465,1665277205,616740,5.790102116443,16071,55417,7,2,11366,39193,3,1
1232,1665277205,1665500693,223488,5.349254209017,11366,39193,3,1,16075,55431,1,2
1233,1665500693,1667912801,2412108,6.382396749054,16075,55431,1,2,11375,39224,4,1
1234,1667912801,1669228849,1316048,6.119271729517,11375,39224,4,1,16093,55493,3,2
1235,1669228849,1670550481,1321632,6.121110545454,16093,55493,3,2,11384,39255,5,1
1236,1670550481,1672119065,1568584,6.195507780770,11384,39255,5,1,16107,55541,11,2
1237,1672119065,1672961173,842108,5.925367793158,16107,55541,11,2,16111,55555,5,2
1238,1672961173,1673190245,229072,5.359972007615,16111,55555,5,2,11393,39286,6,1
1239,1673190245,1675832093,2641848,6.421907826655,11393,39286,6,1,11402,39317,7,1
1240,1675832093,1676697665,865572,5.937303199193,11402,39317,7,1,16129,55617,7,2
1241,1676697665,1677024397,326732,5.514191671184,16129,55617,7,2,11406,39331,1,1
1242,1677024397,1677540925,516528,5.713093868771,11406,39331,1,1,16133,55631,1,2
1243,1677540925,1679669269,2128344,6.328041823448,16133,55631,1,2,11415,39362,2,1
1244,1679669269,1680438325,769056,5.885957964776,11415,39362,2,1,16147,55679,9,2
1245,1680438325,1681282525,844200,5.926445347818,16147,55679,9,2,16151,55693,3,2
1246,1681282525,1684183153,2900628,6.462492034936,16151,55693,3,2,16165,55741,11,2
1247,1684183153,1684965265,782112,5.893268949350,16165,55741,11,2,11433,39424,4,1
1248,1684965265,1685028293,63028,4.799533526343,11433,39424,4,1,16169,55755,5,2
1249,1685028293,1687616389,2588096,6.412980381540,16169,55755,5,2,11442,39455,5,1
1250,1687616389,1688778229,1161840,6.065146324352,11442,39455,5,1,16187,55817,7,2
1251,1688778229,1689624521,846292,5.927520235508,16187,55817,7,2,16191,55831,1,2
1252,1689624521,1692532333,2907812,6.463566324470,16191,55831,1,2,16205,55879,9,2
1253,1692532333,1692924889,392556,5.593901619696,16205,55879,9,2,11460,39517,7,1
1254,1692924889,1694123257,1198368,6.078590203552,11460,39517,7,1,11464,39531,1,1
1255,1694123257,1696290605,2167348,6.335928649366,11464,39531,1,1,16223,55941,11,2
1256,1696290605,1696781573,490968,5.691053186876,16223,55941,11,2,11473,39562,2,1
1257,1696781573,1697138777,357204,5.552916313509,11473,39562,2,1,16227,55955,5,2
1258,1697138777,1699441973,2303196,6.362330897624,16227,55955,5,2,11482,39593,3,1
1259,1699441973,1700902157,1460184,6.164407585339,11482,39593,3,1,16245,56017,7,2
1260,1700902157,1701751481,849324,5.929073396451,16245,56017,7,2,16249,56031,1,2
1261,1701751481,1702104457,352976,5.547745177280,16249,56031,1,2,11491,39624,4,1
1262,1702104457,1705519969,3415512,6.533455815516,11491,39624,4,1,16267,56093,3,2
1263,1705519969,1707435677,1915708,6.282329312857,16267,56093,3,2,11509,39686,6,1
1264,1707435677,1708441421,1005744,6.002487450366,11509,39686,6,1,16281,56141,11,2
1265,1708441421,1710104413,1662992,6.220890160005,16281,56141,11,2,11518,39717,7,1
1266,1710104413,1711308845,1204432,6.080782285564,11518,39717,7,1,11522,39731,1,1
1267,1711308845,1713921805,2612960,6.417132761464,11522,39731,1,1,16307,56231,1,2
1268,1713921805,1713980605,58800,4.769377326076,16307,56231,1,2,11531,39762,2,1
1269,1713980605,1716654449,2673844,6.427136065635,11531,39762,2,1,11540,39793,3,1
1270,1716654449,1716850441,195992,5.292238344689,11540,39793,3,1,16321,56279,9,2
1271,1716850441,1717703737,853296,5.931099709793,16321,56279,9,2,16325,56293,3,2
1272,1717703737,1719330377,1626640,6.211291447643,16325,56293,3,2,11549,39824,4,1
1273,1719330377,1720635601,1305224,6.115685050843,11549,39824,4,1,16339,56341,11,2
1274,1720635601,1721489837,854236,5.931577869914,16339,56341,11,2,16343,56355,5,2
1275,1721489837,1722008389,518552,5.714792313629,16343,56355,5,2,11558,39855,5,1
1276,1722008389,1724688485,2680096,6.428150350567,11558,39855,5,1,11567,39886,6,1
1277,1724688485,1725280105,591620,5.772042847108,11567,39886,6,1,16361,56417,7,2
1278,1725280105,1726135493,855388,5.932163153367,16361,56417,7,2,16365,56431,1,2
1279,1726135493,1727370665,1235172,6.091727438122,16365,56431,1,2,11576,39917,7,1
1280,1727370665,1728581161,1210496,6.082963358684,11576,39917,7,1,11580,39931,1,1
1281,1728581161,1729074541,493380,5.693181540643,11580,39931,1,1,16379,56479,9,2
1282,1729074541,1731266365,2191824,6.340805678052,16379,56479,9,2,11589,39962,2,1
1283,1731266365,1732873145,1606780,6.205956417319,11589,39962,2,1,16397,56541,11,2
1284,1732873145,1733730413,857268,5.933116612735,16397,56541,11,2,16401,56555,5,2
1285,1733730413,1736643025,2912612,6.464282634479,16401,56555,5,2,11607,40024,4,1
1286,1736643025,1737534125,891100,5.949926443668,11607,40024,4,1,16419,56617,7,2
1287,1737534125,1738392545,858420,5.933699827537,16419,56617,7,2,16423,56631,1,2
1288,1738392545,1739334481,941936,5.974021395584,16423,56631,1,2,11616,40055,5,1
1289,1739334481,1742201365,2866884,6.457410120858,11616,40055,5,1,16441,56693,3,2
1290,1742201365,1745154053,2952688,6.470217559042,16441,56693,3,2,16455,56741,11,2
1291,1745154053,1745940205,786152,5.895506523621,16455,56741,11,2,11638,40131,1,1
1292,1745940205,1746014353,74148,4.870099441262,11638,40131,1,1,16459,56755,5,2
1293,1746014353,1747421353,1407000,6.148294097435,16459,56755,5,2,11643,40148,8,1
1294,1747421353,1748638853,1217500,6.085468969887,11643,40148,8,1,11647,40162,2,1
1295,1748638853,1749831509,1192656,6.076515197363,11647,40162,2,1,16477,56817,7,2
1296,1749831509,1750692961,861452,5.935231083623,16477,56817,7,2,16481,56831,1,2
1297,1750692961,1751339585,646624,5.810651819784,16481,56831,1,2,11656,40193,3,1
1298,1751339585,1753652833,2313248,6.364222195355,11656,40193,3,1,16495,56879,9,2
1299,1753652833,1754042401,389568,5.590583275737,16495,56879,9,2,11665,40224,4,1
1300,1754042401,1754515225,472824,5.674699512719,11665,40224,4,1,16499,56893,3,2
1301,1754515225,1756747301,2232076,6.348708977819,16499,56893,3,2,11674,40255,5,1
1302,1756747301,1757478325,731024,5.863931635366,11674,40255,5,1,16513,56941,11,2
1303,1757478325,1758341657,863332,5.936177838636,16513,56941,11,2,16517,56955,5,2
1304,1758341657,1759454285,1112628,6.046349985043,16517,56955,5,2,11683,40286,6,1
1305,1759454285,1762163353,2709068,6.432819906345,11683,40286,6,1,11692,40317,7,1
1306,1762163353,1762172257,8904,3.949585151327,11692,40317,7,1,16535,57017,7,2
1307,1762172257,1763036741,864484,5.936756959697,16535,57017,7,2,16539,57031,1,2
1308,1763036741,1763385977,349236,5.543119005353,16539,57031,1,2,11696,40331,1,1
1309,1763385977,1764874505,1488528,6.172757008369,11696,40331,1,1,11701,40348,8,1
1310,1764874505,1766007025,1132520,6.054045880277,11701,40348,8,1,16553,57079,9,2
1311,1766007025,1766098069,91044,4.959251330112,16553,57079,9,2,11705,40362,2,1
1312,1766098069,1768812245,2714176,6.433638005944,11705,40362,2,1,11714,40393,3,1
1313,1768812245,1769845961,1033716,6.014401238396,11714,40393,3,1,16571,57141,11,2
1314,1769845961,1771528505,1682544,6.225966430226,16571,57141,11,2,11723,40424,4,1
1315,1771528505,1774246849,2718344,6.434304414813,11723,40424,4,1,11732,40455,5,1
1316,1774246849,1774556369,309520,5.490688716713,11732,40455,5,1,16593,57217,7,2
1317,1774556369,1775423885,867516,5.938277493431,16593,57217,7,2,16597,57231,1,2
1318,1775423885,1776967277,1543392,6.188476244803,16597,57231,1,2,11741,40486,6,1
1319,1776967277,1779273037,2305760,6.362814100834,11741,40486,6,1,16615,57293,3,2
1320,1779273037,1779689789,416752,5.619877692692,16615,57293,3,2,11750,40517,7,1
1321,1779689789,1780918477,1228688,6.089441616751,11750,40517,7,1,11754,40531,1,1
1322,1780918477,1782256961,1338484,6.126613184075,11754,40531,1,1,16629,57341,11,2
1323,1782256961,1782414385,157424,5.197070943226,16629,57341,11,2,11759,40548,8,1
1324,1782414385,1783126357,711972,5.852462914305,11759,40548,8,1,16633,57355,5,2
1325,1783126357,1783644013,517656,5.714041252157,16633,57355,5,2,11763,40562,2,1
1326,1783644013,1786983845,3339832,6.523724621510,11763,40562,2,1,16651,57417,7,2
1327,1786983845,1787854393,870548,5.939792722105,16651,57417,7,2,16655,57431,1,2
1328,1787854393,1789101337,1246944,6.095846949840,16655,57431,1,2,11781,40624,4,1
1329,1789101337,1790845501,1744164,6.241587318295,11781,40624,4,1,16669,57479,9,2
1330,1790845501,1791716989,871488,5.940261411446,16669,57479,9,2,16673,57493,3,2
1331,1791716989,1795583753,3866764,6.587347666610,16673,57493,3,2,16691,57555,5,2
1332,1795583753,1797302953,1719200,6.235326402483,16691,57555,5,2,11808,40717,7,1
1333,1797302953,1798537705,1234752,6.091579738286,11808,40717,7,1,11812,40731,1,1
1334,1798537705,1800040993,1503288,6.177042190719,11812,40731,1,1,11817,40748,8,1
1335,1800040993,1800328265,287272,5.458293297979,11817,40748,8,1,16713,57631,1,2
1336,1800328265,1801276685,948420,5.977000703676,16713,57631,1,2,11821,40762,2,1
1337,1801276685,1803329785,2053100,6.312410102995,11821,40762,2,1,16727,57679,9,2
1338,1803329785,1804017749,687964,5.837565712930,16727,57679,9,2,11830,40793,3,1
1339,1804017749,1806760897,2743148,6.438249239558,11830,40793,3,1,11839,40824,4,1
1340,1806760897,1807209053,448156,5.651429215217,11839,40824,4,1,16745,57741,11,2
1341,1807209053,1808084513,875460,5.942236307843,16745,57741,11,2,16749,57755,5,2
1342,1808084513,1809506129,1421616,6.152782302721,16749,57755,5,2,11848,40855,5,1
1343,1809506129,1811968889,2462760,6.391422091192,11848,40855,5,1,16767,57817,7,2
1344,1811968889,1812253445,284556,5.454167747349,16767,57817,7,2,11857,40886,6,1
1345,1812253445,1812845501,592056,5.772362786690,11857,40886,6,1,16771,57831,1,2
1346,1812845501,1815002845,2157344,6.333919401194,16771,57831,1,2,11866,40917,7,1
1347,1815002845,1816243661,1240816,6.093707384956,11866,40917,7,1,11870,40931,1,1
1348,1816243661,1816734985,491324,5.691367978898,11870,40931,1,1,16789,57893,3,2
1349,1816734985,1817754329,1019344,6.008320770945,16789,57893,3,2,11875,40948,8,1
1350,1817754329,1818996085,1241756,6.094036267126,11875,40948,8,1,11879,40962,2,1
1351,1818996085,1819750145,754060,5.877405903737,11879,40962,2,1,16803,57941,11,2
1352,1819750145,1820628637,878492,5.943737810940,16803,57941,11,2,16807,57955,5,2
1353,1820628637,1821750593,1121956,6.049975825430,16807,57955,5,2,11888,40993,3,1
1354,1821750593,1824507185,2756592,6.440372491437,11888,40993,3,1,11897,41024,4,1
1355,1824507185,1824526457,19272,4.284926786990,11897,41024,4,1,16825,58017,7,2
1356,1824526457,1825406101,879644,5.944306944744,16825,58017,7,2,16829,58031,1,2
1357,1825406101,1827265861,1859760,6.269456902605,16829,58031,1,2,11906,41055,5,1
1358,1827265861,1828428445,1162584,6.065424341707,11906,41055,5,1,16843,58079,9,2
1359,1828428445,1829309029,880584,5.944770790169,16843,58079,9,2,16847,58093,3,2
1360,1829309029,1830026621,717592,5.855877588376,16847,58093,3,2,11915,41086,6,1
1361,1830026621,1832334601,2307980,6.363232041084,11915,41086,6,1,16861,58141,11,2
1362,1832334601,1832789465,454864,5.657881566155,16861,58141,11,2,11924,41117,7,1
1363,1832789465,1834036345,1246880,6.095824658895,11924,41117,7,1,11928,41131,1,1
1364,1834036345,1835554393,1518048,6.181285503974,11928,41131,1,1,11933,41148,8,1
1365,1835554393,1836802213,1247820,6.096151942202,11933,41148,8,1,11937,41162,2,1
1366,1836802213,1837127389,325176,5.512118484486,11937,41162,2,1,16883,58217,7,2
1367,1837127389,1838010065,882676,5.945801318261,16883,58217,7,2,16887,58231,1,2
1368,1838010065,1841042821,3032756,6.481837470609,16887,58231,1,2,16901,58279,9,2
1369,1841042821,1842340201,1297380,6.113067198699,16901,58279,9,2,11955,41224,4,1
1370,1842340201,1844962421,2622220,6.418669125484,11955,41224,4,1,16919,58341,11,2
1371,1844962421,1845112321,149900,5.175801632848,16919,58341,11,2,11964,41255,5,1
1372,1845112321,1845846977,734656,5.866084029868,11964,41255,5,1,16923,58355,5,2
1373,1845846977,1849771685,3924708,6.593807350583,16923,58355,5,2,16941,58417,7,2
1374,1849771685,1850657393,885708,5.947290567383,16941,58417,7,2,16945,58431,1,2
1375,1850657393,1850662813,5420,3.733999286538,16945,58431,1,2,11982,41317,7,1
1376,1850662813,1851915757,1252944,6.097931660751,11982,41317,7,1,11986,41331,1,1
1377,1851915757,1853441185,1525428,6.183391713820,11986,41331,1,1,11991,41348,8,1
1378,1853441185,1854587209,1146024,6.059193712709,11991,41348,8,1,16963,58493,3,2
1379,1854587209,1854695069,107860,5.032860415952,16963,58493,3,2,11995,41362,2,1
1380,1854695069,1857476465,2781396,6.444262825747,11995,41362,2,1,12004,41393,3,1
1381,1857476465,1857633605,157140,5.196286748809,12004,41393,3,1,16977,58541,11,2
1382,1857633605,1858521193,887588,5.948211422031,16977,58541,11,2,16981,58555,5,2
1383,1858521193,1860259945,1738752,6.240237642548,16981,58555,5,2,12013,41424,4,1
1384,1860259945,1862459345,2199400,6.342304220718,12013,41424,4,1,16999,58617,7,2
1385,1862459345,1863045509,586164,5.768019142179,16999,58617,7,2,12022,41455,5,1
1386,1863045509,1863348085,302576,5.480834477286,12022,41455,5,1,17003,58631,1,2
1387,1863348085,1865833157,2485072,6.395338976067,17003,58631,1,2,12031,41486,6,1
1388,1865833157,1866401665,568508,5.754736580425,12031,41486,6,1,17017,58679,9,2
1389,1866401665,1867291345,889680,5.949233827741,17017,58679,9,2,17021,58693,3,2
1390,1867291345,1869881897,2590552,6.413392314279,17021,58693,3,2,12044,41531,1,1
1391,1869881897,1870348153,466256,5.668624433557,12044,41531,1,1,17035,58741,11,2
1392,1870348153,1871238773,890620,5.949692443537,17035,58741,11,2,17039,58755,5,2
1393,1871238773,1871414705,175932,5.245344839795,17039,58755,5,2,12049,41548,8,1
1394,1871414705,1872674653,1259948,6.100352621483,12049,41548,8,1,12053,41562,2,1
1395,1872674653,1875190369,2515716,6.400661611895,12053,41562,2,1,17057,58817,7,2
1396,1875190369,1875469493,279124,5.445797180163,17057,58817,7,2,12062,41593,3,1
1397,1875469493,1876082141,612648,5.787211020088,12062,41593,3,1,17061,58831,1,2
1398,1876082141,1878266417,2184276,6.339307513934,17061,58831,1,2,12071,41624,4,1
1399,1878266417,1879146133,879716,5.944342490855,12071,41624,4,1,17075,58879,9,2
1400,1879146133,1883106065,3959932,6.597687728279,17075,58879,9,2,17093,58941,11,2
1401,1883106065,1883866517,760452,5.881071806432,17093,58941,11,2,12089,41686,6,1
1402,1883866517,1883999717,133200,5.124504224834,12089,41686,6,1,17097,58955,5,2
1403,1883999717,1886669693,2669976,6.426507357576,17097,58955,5,2,12098,41717,7,1
1404,1886669693,1887934765,1265072,6.102115243546,12098,41717,7,1,12102,41731,1,1
1405,1887934765,1888859561,924796,5.966045942636,12102,41731,1,1,17119,59031,1,2
1406,1888859561,1889474953,615392,5.789151846188,17119,59031,1,2,12107,41748,8,1
1407,1889474953,1890740965,1266012,6.102437822197,12107,41748,8,1,12111,41762,2,1
1408,1890740965,1892829709,2088744,6.319885215375,12111,41762,2,1,17137,59093,3,2
1409,1892829709,1895907341,3077632,6.488216688944,17137,59093,3,2,17151,59141,11,2
1410,1895907341,1896359617,452276,5.655403542546,17151,59141,11,2,12129,41824,4,1
1411,1896359617,1899172069,2812452,6.449085119097,12129,41824,4,1,12138,41855,5,1
1412,1899172069,1900782509,1610440,6.206944548992,12138,41855,5,1,17173,59217,7,2
1413,1900782509,1901680345,897836,5.953197015064,17173,59217,7,2,17177,59231,1,2
1414,1901680345,1904765161,3084816,6.489229264782,17177,59231,1,2,17191,59279,9,2
1415,1904765161,1904803225,38064,4.580514424693,17191,59279,9,2,12156,41917,7,1
1416,1904803225,1905663937,860712,5.934857857918,12156,41917,7,1,17195,59293,3,2
1417,1905663937,1906074361,410424,5.613232748699,17195,59293,3,2,12160,41931,1,1
1418,1906074361,1907621929,1547568,6.189649740972,12160,41931,1,1,12165,41948,8,1
1419,1907621929,1908751981,1130052,6.053098428256,12165,41948,8,1,17209,59341,11,2
1420,1908751981,1908894005,142024,5.152361740065,17209,59341,11,2,12169,41962,2,1
1421,1908894005,1909651697,757692,5.879492701827,12169,41962,2,1,17213,59355,5,2
1422,1909651697,1911715733,2064036,6.314717267793,17213,59355,5,2,12178,41993,3,1
1423,1911715733,1913643625,1927892,6.285082701186,12178,41993,3,1,17231,59417,7,2
1424,1913643625,1914539545,895920,5.952269231638,17231,59417,7,2,12187,42024,4,1
1425,1914539545,1914544493,4948,3.694429690957,12187,42024,4,1,17235,59431,1,2
1426,1914544493,1917365441,2820948,6.450395080653,17235,59431,1,2,12196,42055,5,1
1427,1917365441,1917639721,274280,5.438194140793,12196,42055,5,1,17249,59479,9,2
1428,1917639721,1920193421,2553700,6.407169876484,17249,59479,9,2,12205,42086,6,1
1429,1920193421,1921639985,1446564,6.160337652800,12205,42086,6,1,17267,59541,11,2
1430,1921639985,1922542733,902748,5.955566534939,17267,59541,11,2,17271,59555,5,2
1431,1922542733,1923023485,480752,5.681921099644,17271,59555,5,2,12214,42117,7,1
1432,1923023485,1924300685,1277200,6.106258909867,12214,42117,7,1,12218,42131,1,1
1433,1924300685,1925855633,1554948,6.191715870089,12218,42131,1,1,12223,42148,8,1
1434,1925855633,1926548105,692472,5.840402217460,12223,42148,8,1,17289,59617,7,2
1435,1926548105,1927133773,585668,5.767651495493,17289,59617,7,2,12227,42162,2,1
1436,1927133773,1927452005,318232,5.502743848235,12227,42162,2,1,17293,59631,1,2
1437,1927452005,1929968945,2516940,6.400872862756,17293,59631,1,2,12236,42193,3,1
1438,1929968945,1931462485,1493540,6.174216858374,12236,42193,3,1,17311,59693,3,2
1439,1931462485,1932806201,1343716,6.128307488460,17311,59693,3,2,12245,42224,4,1
1440,1932806201,1935477133,2670932,6.426662831338,12245,42224,4,1,17329,59755,5,2
1441,1935477133,1935645541,168408,5.226362718240,17329,59755,5,2,12254,42255,5,1
1442,1935645541,1938486965,2841424,6.453536044396,12254,42255,5,1,12263,42286,6,1
1443,1938486965,1939495949,1008984,6.003884279451,12263,42286,6,1,17347,59817,7,2
1444,1939495949,1940402881,906932,5.957574725724,17347,59817,7,2,17351,59831,1,2
1445,1940402881,1941330473,927592,5.967356994417,17351,59831,1,2,12272,42317,7,1
1446,1941330473,1942613737,1283264,6.108316010973,12272,42317,7,1,12276,42331,1,1
1447,1942613737,1943518933,905196,5.956742626169,12276,42331,1,1,17365,59879,9,2
1448,1943518933,1944176065,657132,5.817652616308,17365,59879,9,2,12281,42348,8,1
1449,1944176065,1944426805,250740,5.399223621527,12281,42348,8,1,17369,59893,3,2
1450,1944426805,1945460269,1033464,6.014295352880,17369,59893,3,2,12285,42362,2,1
1451,1945460269,1947546085,2085816,6.319275994546,12285,42362,2,1,17383,59941,11,2
1452,1947546085,1948454897,908812,5.958474052851,17383,59941,11,2,17387,59955,5,2
1453,1948454897,1951159585,2704688,6.432117174177,17387,59955,5,2,12303,42424,4,1
1454,1951159585,1952487157,1327572,6.123058084070,12303,42424,4,1,17405,60017,7,2
1455,1952487157,1953397121,909964,5.959024211101,17405,60017,7,2,17409,60031,1,2
1456,1953397121,1954012369,615248,5.789050210607,17409,60031,1,2,12312,42455,5,1
1457,1954012369,1956523585,2511216,6.399884069771,12312,42455,5,1,17423,60079,9,2
1458,1956523585,1959724189,3200604,6.505231943668,17423,60079,9,2,12330,42517,7,1
1459,1959724189,1960564181,839992,5.924275149904,12330,42517,7,1,17441,60141,11,2
1460,1960564181,1961013517,449336,5.652571214887,17441,60141,11,2,12334,42531,1,1
1461,1961013517,1962583225,1569708,6.195818871656,12334,42531,1,1,12339,42548,8,1
1462,1962583225,1963873493,1290268,6.110679926449,12339,42548,8,1,12343,42562,2,1
1463,1963873493,1965521729,1648236,6.217019395565,12343,42562,2,1,17463,60217,7,2
1464,1965521729,1966434725,912996,5.960468874816,17463,60217,7,2,17467,60231,1,2
1465,1966434725,1966735553,300828,5.478318256386,17467,60231,1,2,12352,42593,3,1
1466,1966735553,1969599697,2864144,6.456994849122,12352,42593,3,1,12361,42624,4,1
1467,1969599697,1970485537,885840,5.947355286907,12361,42624,4,1,17485,60293,3,2
1468,1970485537,1973625641,3140104,6.496944032111,17485,60293,3,2,17499,60341,11,2
1469,1973625641,1974540517,914876,5.961362234870,17499,60341,11,2,17503,60355,5,2
1470,1974540517,1975334237,793720,5.899667323710,17503,60355,5,2,12379,42686,6,1
1471,1975334237,1978204633,2870396,6.457941816159,12379,42686,6,1,12388,42717,7,1
1472,1978204633,1979500025,1295392,6.112401210638,12388,42717,7,1,12392,42731,1,1
1473,1979500025,1979515693,15668,4.195013562876,12392,42731,1,1,17525,60431,1,2
1474,1979515693,1981077113,1561420,6.193519737879,17525,60431,1,2,12397,42748,8,1
1475,1981077113,1982373445,1296332,6.112716241737,12397,42748,8,1,12401,42762,2,1
1476,1982373445,1982662981,289536,5.461702570237,12401,42762,2,1,17539,60479,9,2
1477,1982662981,1983579949,916968,5.962354180091,17539,60479,9,2,17543,60493,3,2
1478,1983579949,1985248949,1669000,6.222456336679,17543,60493,3,2,12410,42793,3,1
1479,1985248949,1986730465,1481516,6.170706346113,12410,42793,3,1,17557,60541,11,2
1480,1986730465,1987648373,917908,5.962799154954,17557,60541,11,2,17561,60555,5,2
1481,1987648373,1988126537,478164,5.679576875858,17561,60555,5,2,12419,42824,4,1
1482,1988126537,1991006209,2879672,6.459343023626,12419,42824,4,1,12428,42855,5,1
1483,1991006209,1991720965,714756,5.854157809719,12428,42855,5,1,17579,60617,7,2
1484,1991720965,1992640025,919060,5.963343864834,17579,60617,7,2,17583,60631,1,2
1485,1992640025,1993887965,1247940,6.096193705302,17583,60631,1,2,12437,42886,6,1
1486,1993887965,1995797725,1909760,6.280978792785,12437,42886,6,1,17597,60679,9,2
1487,1995797725,1998073261,2275536,6.357083710630,17597,60679,9,2,12450,42931,1,1
1488,1998073261,1999657729,1584468,6.199883472580,12450,42931,1,1,12455,42948,8,1
1489,1999657729,1999878653,220924,5.344242897861,12455,42948,8,1,17615,60741,11,2
1490,1999878653,2000799593,920940,5.964231336475,17615,60741,11,2,17619,60755,5,2
1491,2000799593,2000960125,160532,5.205561616418,17619,60755,5,2,12459,42962,2,1
1492,2000960125,2004885629,3925504,6.593895424232,12459,42962,2,1,17637,60817,7,2
1493,2004885629,2005807721,922092,5.964774254133,17637,60817,7,2,17641,60831,1,2
1494,2005807721,2006740105,932384,5.969594812284,17641,60831,1,2,12477,43024,4,1
1495,2006740105,2009633221,2893116,6.461365847111,12477,43024,4,1,12486,43055,5,1
1496,2009633221,2009898865,265644,5.424300011112,12486,43055,5,1,17659,60893,3,2
1497,2009898865,2013070205,3171340,6.501242805322,17659,60893,3,2,17673,60941,11,2
1498,2013070205,2013994177,923972,5.965658810582,17673,60941,11,2,17677,60955,5,2
1499,2013994177,2015425705,1431528,6.155799847032,17677,60955,5,2,12504,43117,7,1
1500,2015425705,2016733225,1307520,6.116448340616,12504,43117,7,1,12508,43131,1,1
1501,2016733225,2018093657,1360432,6.133676838830,12508,43131,1,1,17695,61017,7,2
1502,2018093657,2018325073,231416,5.364393382582,17695,61017,7,2,12513,43148,8,1
1503,2018325073,2019018781,693708,5.841176702912,12513,43148,8,1,17699,61031,1,2
1504,2019018781,2019633533,614752,5.788699950323,17699,61031,1,2,12517,43162,2,1
1505,2019633533,2022197305,2563772,6.408879400120,12517,43162,2,1,17713,61079,9,2
1506,2022197305,2022535925,338620,5.529712605377,17713,61079,9,2,12526,43193,3,1
1507,2022535925,2023123369,587444,5.768966472390,12526,43193,3,1,17717,61093,3,2
1508,2023123369,2025440401,2317032,6.364932031773,17717,61093,3,2,12535,43224,4,1
1509,2025440401,2026305121,864720,5.936875503834,12535,43224,4,1,17731,61141,11,2
1510,2026305121,2028346961,2041840,6.310021707467,17731,61141,11,2,12544,43255,5,1
1511,2028346961,2031255605,2908644,6.463690569547,12544,43255,5,1,12553,43286,6,1
1512,2031255605,2031345049,89444,4.951551212938,12553,43286,6,1,17753,61217,7,2
1513,2031345049,2032273205,928156,5.967620976483,17753,61217,7,2,17757,61231,1,2
1514,2032273205,2034166333,1893128,6.277179978895,17757,61231,1,2,12562,43317,7,1
1515,2034166333,2035462141,1295808,6.112540656845,12562,43317,7,1,17771,61279,9,2
1516,2035462141,2035479917,17776,4.249834041597,17771,61279,9,2,12566,43331,1,1
1517,2035479917,2037079145,1599228,6.203910384999,12566,43331,1,1,12571,43348,8,1
1518,2037079145,2038393669,1314524,6.118768519672,12571,43348,8,1,12575,43362,2,1
1519,2038393669,2039583401,1189732,6.075449142880,12575,43362,2,1,17789,61341,11,2
1520,2039583401,2040513437,930036,5.968499759628,17789,61341,11,2,17793,61355,5,2
1521,2040513437,2041309505,796068,5.900950166687,17793,61355,5,2,12584,43393,3,1
1522,2041309505,2044227425,2917920,6.465073380760,12584,43393,3,1,12593,43424,4,1
1523,2044227425,2044639805,412380,5.615297594293,12593,43424,4,1,17811,61417,7,2
1524,2044639805,2045570993,931188,5.969037370691,17811,61417,7,2,17815,61431,1,2
1525,2045570993,2047147429,1576436,6.197676343995,17815,61431,1,2,12602,43455,5,1
1526,2047147429,2049702469,2555040,6.407397703548,12602,43455,5,1,17833,61493,3,2
1527,2049702469,2050069517,367048,5.564722861996,17833,61493,3,2,12611,43486,6,1
1528,2050069517,2052905045,2835528,6.452633940173,12611,43486,6,1,17847,61541,11,2
1529,2052905045,2052993689,88644,4.947649345069,17847,61541,11,2,12620,43517,7,1
1530,2052993689,2053838113,844424,5.926560568216,12620,43517,7,1,17851,61555,5,2
1531,2053838113,2054313337,475224,5.676898365484,17851,61555,5,2,12624,43531,1,1
1532,2054313337,2055919945,1606608,6.205909925174,12624,43531,1,1,12629,43548,8,1
1533,2055919945,2057240533,1320588,6.120767346581,12629,43548,8,1,12633,43562,2,1
1534,2057240533,2057977925,737392,5.867698421615,12633,43562,2,1,17869,61617,7,2
1535,2057977925,2058912145,934220,5.970449160529,17869,61617,7,2,17873,61631,1,2
1536,2058912145,2062121905,3209760,6.506472560575,17873,61631,1,2,17887,61679,9,2
1537,2062121905,2063057065,935160,5.970885922287,17887,61679,9,2,17891,61693,3,2
1538,2063057065,2063101177,44112,4.644556748762,17891,61693,3,2,12651,43624,4,1
1539,2063101177,2066270053,3168876,6.500905245322,12651,43624,4,1,17905,61741,11,2
1540,2066270053,2067206153,936100,5.971322245243,17905,61741,11,2,17909,61755,5,2
1541,2067206153,2071907773,4701620,6.672247525135,17909,61755,5,2,12678,43717,7,1
1542,2071907773,2072296661,388888,5.589824542237,12678,43717,7,1,17931,61831,1,2
1543,2072296661,2073233485,936824,5.971658008168,17931,61831,1,2,12682,43731,1,1
1544,2073233485,2074847473,1613988,6.207900301419,12682,43731,1,1,12687,43748,8,1
1545,2074847473,2075516833,669360,5.825659755978,12687,43748,8,1,17945,61879,9,2
1546,2075516833,2076174125,657292,5.817758346449,17945,61879,9,2,12691,43762,2,1
1547,2076174125,2079116849,2942724,6.468749531247,12691,43762,2,1,12700,43793,3,1
1548,2079116849,2080617557,1500708,6.176296197689,12700,43793,3,1,17967,61955,5,2
1549,2080617557,2082061657,1444100,6.159597267987,17967,61955,5,2,12709,43824,4,1
1550,2082061657,2084784257,2722600,6.434983840182,12709,43824,4,1,17985,62017,7,2
1551,2084784257,2085008549,224292,5.350813783535,17985,62017,7,2,12718,43855,5,1
1552,2085008549,2085724541,715992,5.854908169828,12718,43855,5,1,17989,62031,1,2
1553,2085724541,2087957525,2232984,6.348885611232,17989,62031,1,2,12727,43886,6,1
1554,2087957525,2089896349,1938824,6.287538387058,12727,43886,6,1,18007,62093,3,2
1555,2089896349,2090908585,1012236,6.005281778856,18007,62093,3,2,12736,43917,7,1
1556,2090908585,2092240361,1331776,6.124431184185,12736,43917,7,1,12740,43931,1,1
1557,2092240361,2093130161,889800,5.949292401412,12740,43931,1,1,18021,62141,11,2
1558,2093130161,2093861729,731568,5.864254700458,18021,62141,11,2,12745,43948,8,1
1559,2093861729,2095194445,1332716,6.124737611699,12745,43948,8,1,12749,43962,2,1
1560,2095194445,2098150613,2956168,6.470729111522,12749,43962,2,1,12758,43993,3,1
1561,2098150613,2098252469,101856,5.007986616941,12758,43993,3,1,18043,62217,7,2
1562,2098252469,2099195785,943316,5.974657200762,18043,62217,7,2,18047,62231,1,2
1563,2099195785,2101108865,1913080,6.281733131466,18047,62231,1,2,12767,44024,4,1
1564,2101108865,2102436781,1327916,6.123170603729,12767,44024,4,1,18061,62279,9,2
1565,2102436781,2103381037,944256,5.975089753106,18061,62279,9,2,18065,62293,3,2
1566,2103381037,2104069201,688164,5.837691949584,18065,62293,3,2,12776,44055,5,1
1567,2104069201,2106625261,2556060,6.407571044073,12776,44055,5,1,18079,62341,11,2
1568,2106625261,2107031621,406360,5.608910951652,18079,62341,11,2,12785,44086,6,1
1569,2107031621,2107570457,538836,5.731456603530,12785,44086,6,1,18083,62355,5,2
1570,2107570457,2109996125,2425668,6.384831358923,18083,62355,5,2,12794,44117,7,1
1571,2109996125,2111333965,1337840,6.126404176756,12794,44117,7,1,12798,44131,1,1
1572,2111333965,2111764045,430080,5.633549247038,12798,44131,1,1,18101,62417,7,2
1573,2111764045,2112710393,946348,5.976050868630,18101,62417,7,2,18105,62431,1,2
1574,2112710393,2112962713,252320,5.401951675985,18105,62431,1,2,12803,44148,8,1
1575,2112962713,2114301493,1338780,6.126709215820,12803,44148,8,1,12807,44162,2,1
1576,2114301493,2115961801,1660308,6.220188660506,12807,44162,2,1,18119,62479,9,2
1577,2115961801,2120163725,4201924,6.623448193077,18119,62479,9,2,18137,62541,11,2
1578,2120163725,2120242801,79076,4.898044692737,18137,62541,11,2,12825,44224,4,1
1579,2120242801,2121111953,869152,5.939095733858,12825,44224,4,1,18141,62555,5,2
1580,2121111953,2123216581,2104628,6.323175343961,18141,62555,5,2,12834,44255,5,1
1581,2123216581,2125318985,2102404,6.322716174162,12834,44255,5,1,18159,62617,7,2
1582,2125318985,2126268365,949380,5.977440078466,18159,62617,7,2,18163,62631,1,2
1583,2126268365,2130480505,4212140,6.624502797513,18163,62631,1,2,18181,62693,3,2
1584,2130480505,2130514297,33792,4.528813896518,18181,62693,3,2,12856,44331,1,1
1585,2130514297,2132150425,1636128,6.213817277036,12856,44331,1,1,12861,44348,8,1
1586,2132150425,2133495269,1344844,6.128671909715,12861,44348,8,1,12865,44362,2,1
1587,2133495269,2133745553,250284,5.398433087188,12865,44362,2,1,18195,62741,11,2
1588,2133745553,2134696813,951260,5.978299235268,18195,62741,11,2,18199,62755,5,2
1589,2134696813,2136478325,1781512,6.250788752040,18199,62755,5,2,12874,44393,3,1
1590,2136478325,2138917289,2438964,6.387205390016,12874,44393,3,1,18217,62817,7,2
1591,2138917289,2139463465,546176,5.737332612507,18217,62817,7,2,12883,44424,4,1
1592,2139463465,2139869701,406236,5.608778407273,12883,44424,4,1,18221,62831,1,2
1593,2139869701,2142450689,2580988,6.411785985347,18221,62831,1,2,12892,44455,5,1
1594,2142450689,2143141933,691244,5.839631374652,12892,44455,5,1,18235,62879,9,2
1595,2143141933,2144095285,953352,5.979253281994,18235,62879,9,2,18239,62893,3,2
1596,2144095285,2145439997,1344712,6.128629280469,18239,62893,3,2,12901,44486,6,1
1597,2145439997,2147370745,1930748,6.285725593639,12901,44486,6,1,18253,62941,11,2
1598,2147370745,2148325037,954292,5.979681283074,18253,62941,11,2,18257,62955,5,2
1599,2148325037,2148431389,106352,5.026745661430,18257,62955,5,2,12910,44517,7,1
1600,2148431389,2149781357,1349968,6.130323473985,12910,44517,7,1,12914,44531,1,1
1601,2149781357,2151424865,1643508,6.215771822411,12914,44531,1,1,12919,44548,8,1
1602,2151424865,2152558957,1134092,6.054648286895,12919,44548,8,1,18275,63017,7,2
1603,2152558957,2152775773,216816,5.336091327937,18275,63017,7,2,12923,44562,2,1
1604,2152775773,2153514401,738628,5.868425766915,12923,44562,2,1,18279,63031,1,2
1605,2153514401,2155772273,2257872,6.353699317895,18279,63031,1,2,12932,44593,3,1
1606,2155772273,2156797045,1024772,6.010627250605,12932,44593,3,1,18293,63079,9,2
1607,2156797045,2158770857,1973812,6.295305784985,18293,63079,9,2,12941,44624,4,1
1608,2158770857,2161039301,2268444,6.355728062513,12941,44624,4,1,18311,63141,11,2
1609,2161039301,2164774277,3734976,6.572287815495,18311,63141,11,2,12959,44686,6,1
1610,2164774277,2167202465,2428188,6.385282308516,12959,44686,6,1,18337,63231,1,2
1611,2167202465,2167779113,576648,5.760910790094,18337,63231,1,2,12968,44717,7,1
1612,2167779113,2169135145,1356032,6.132269938247,12968,44717,7,1,12972,44731,1,1
1613,2169135145,2170786033,1650888,6.217717610736,12972,44731,1,1,12977,44748,8,1
1614,2170786033,2171454937,668904,5.825363793012,12977,44748,8,1,18355,63293,3,2
1615,2171454937,2172143005,688068,5.837631360569,18355,63293,3,2,12981,44762,2,1
1616,2172143005,2174751221,2608216,6.416343554745,12981,44762,2,1,18369,63341,11,2
1617,2174751221,2175711577,960356,5.982432254056,18369,63341,11,2,18373,63355,5,2
1618,2175711577,2178164977,2453400,6.389768360938,18373,63355,5,2,12999,44824,4,1
1619,2178164977,2179972385,1807408,6.257056200235,12999,44824,4,1,18391,63417,7,2
1620,2179972385,2180933893,961508,5.982952902034,18391,63417,7,2,18395,63431,1,2
1621,2180933893,2181179089,245196,5.389513381050,18395,63431,1,2,13008,44855,5,1
1622,2181179089,2184237361,3058272,6.485476108560,13008,44855,5,1,18409,63479,9,2
1623,2184237361,2185199809,962448,5.983377274364,18409,63479,9,2,18413,63493,3,2
1624,2185199809,2187213565,2013756,6.304006847413,18413,63493,3,2,13026,44917,7,1
1625,2187213565,2188506505,1292940,6.111578371537,13026,44917,7,1,18427,63541,11,2
1626,2188506505,2188575661,69156,4.839829865629,18427,63541,11,2,13030,44931,1,1
1627,2188575661,2189469893,894232,5.951450206993,13030,44931,1,1,18431,63555,5,2
1628,2189469893,2190233929,764036,5.883113822231,18431,63555,5,2,13035,44948,8,1
1629,2190233929,2191596965,1363036,6.134507326411,13035,44948,8,1,13039,44962,2,1
1630,2191596965,2193744145,2147180,6.331868453253,13039,44962,2,1,18449,63617,7,2
1631,2193744145,2194620353,876208,5.942607214078,18449,63617,7,2,13048,44993,3,1
1632,2194620353,2194708685,88332,4.946118063779,13048,44993,3,1,18453,63631,1,2
1633,2194708685,2197645825,2937140,6.467924647843,18453,63631,1,2,13057,45024,4,1
1634,2197645825,2198022565,376740,5.576041733442,13057,45024,4,1,18467,63679,9,2
1635,2198022565,2200673381,2650816,6.423379583275,18467,63679,9,2,13066,45055,5,1
1636,2200673381,2202305153,1631772,6.212659476685,13066,45055,5,1,18485,63741,11,2
1637,2202305153,2203271573,966420,5.985165909067,18485,63741,11,2,18489,63755,5,2
1638,2203271573,2203703021,431448,5.634928460135,18489,63755,5,2,13075,45086,6,1
1639,2203703021,2206734745,3031724,6.481689661758,13075,45086,6,1,13084,45117,7,1
1640,2206734745,2207559269,824524,5.916203301479,13084,45117,7,1,18507,63817,7,2
1641,2207559269,2208102905,543636,5.735308208332,18507,63817,7,2,13088,45131,1,1
1642,2208102905,2208526841,423936,5.627300297761,13088,45131,1,1,18511,63831,1,2
1643,2208526841,2209768553,1241712,6.094020878196,18511,63831,1,2,13093,45148,8,1
1644,2209768553,2211137653,1369100,6.136435170458,13093,45148,8,1,13097,45162,2,1
1645,2211137653,2212804445,1666792,6.221881407333,13097,45162,2,1,13102,45179,9,1
1646,2212804445,2212819645,15200,4.181843587945,13102,45179,9,1,18529,63893,3,2
1647,2212819645,2214174485,1354840,6.131888010177,18529,63893,3,2,13106,45193,3,1
1648,2214174485,2216147165,1972680,6.295056641509,13106,45193,3,1,18543,63941,11,2
1649,2216147165,2217116617,969452,5.986526310938,18543,63941,11,2,18547,63955,5,2
1650,2217116617,2217213401,96784,4.985803567163,18547,63955,5,2,13115,45224,4,1
1651,2217213401,2220254401,3041000,6.483016420144,13115,45224,4,1,13124,45255,5,1
1652,2220254401,2221417757,1163356,6.065712634055,13124,45255,5,1,18565,64017,7,2
1653,2221417757,2222388361,970604,5.987042076774,18565,64017,7,2,18569,64031,1,2
1654,2222388361,2223297485,909124,5.958623122873,18569,64031,1,2,13133,45286,6,1
1655,2223297485,2225723065,2425580,6.384815603013,13133,45286,6,1,18583,64079,9,2
1656,2225723065,2226342653,619588,5.792102997880,18583,64079,9,2,13142,45317,7,1
1657,2226342653,2226694609,351956,5.546488373275,13142,45317,7,1,18587,64093,3,2
1658,2226694609,2227716877,1022268,6.009564766311,18587,64093,3,2,13146,45331,1,1
1659,2227716877,2229389905,1673028,6.223503209428,13146,45331,1,1,13151,45348,8,1
1660,2229389905,2230765069,1375164,6.138354494565,13151,45348,8,1,13155,45362,2,1
1661,2230765069,2232439241,1674172,6.223800074215,13155,45362,2,1,13160,45379,9,1
1662,2232439241,2235319609,2880368,6.459447977398,13160,45379,9,1,18623,64217,7,2
1663,2235319609,2236293245,973636,5.988396623472,18623,64217,7,2,18627,64231,1,2
1664,2236293245,2236867705,574460,5.759259793888,18627,64231,1,2,13173,45424,4,1
1665,2236867705,2239638361,2770656,6.442582607855,13173,45424,4,1,18641,64279,9,2
1666,2239638361,2239922149,283788,5.452994027330,18641,64279,9,2,13182,45455,5,1
1667,2239922149,2243961281,4039132,6.606288046271,13182,45455,5,1,18659,64341,11,2
1668,2243961281,2244936797,975516,5.989234396903,18659,64341,11,2,18663,64355,5,2
1669,2244936797,2246037289,1100492,6.041586889808,18663,64355,5,2,13200,45517,7,1
1670,2246037289,2247417577,1380288,6.139969712315,13200,45517,7,1,13204,45531,1,1
1671,2247417577,2249097985,1680408,6.225414740438,13204,45531,1,1,13209,45548,8,1
1672,2249097985,2249264825,166840,5.222300181174,13209,45548,8,1,18681,64417,7,2
1673,2249264825,2250241493,976668,5.989746958528,18681,64417,7,2,18685,64431,1,2
1674,2250241493,2250479213,237720,5.376065721586,18685,64431,1,2,13213,45562,2,1
1675,2250479213,2253542933,3063720,6.486249071662,13213,45562,2,1,13222,45593,3,1
1676,2253542933,2254574629,1031696,6.013551746737,13222,45593,3,1,18703,64493,3,2
1677,2254574629,2256608737,2034108,6.308374007859,18703,64493,3,2,13231,45624,4,1
1678,2256608737,2257933385,1324648,6.122100488109,13231,45624,4,1,18717,64541,11,2
1679,2257933385,2258911933,978548,5.990582133646,18717,64541,11,2,18721,64555,5,2
1680,2258911933,2262746597,3834664,6.583727316306,18721,64555,5,2,13249,45686,6,1
1681,2262746597,2264233105,1486508,6.172167250807,13249,45686,6,1,18743,64631,1,2
1682,2264233105,2267205005,2971900,6.473034191973,18743,64631,1,2,13262,45731,1,1
1683,2267205005,2267599045,394040,5.595540310398,13262,45731,1,1,18757,64679,9,2
1684,2267599045,2268579685,980640,5.991509604008,18757,64679,9,2,18761,64693,3,2
1685,2268579685,2268892793,313108,5.495694164108,18761,64693,3,2,13267,45748,8,1
1686,2268892793,2270280085,1387292,6.142167881868,13267,45748,8,1,13271,45762,2,1
1687,2270280085,2271948853,1668768,6.222395963208,13271,45762,2,1,18775,64741,11,2
1688,2271948853,2271969017,20164,4.304576688766,18775,64741,11,2,13276,45779,9,1
1689,2271969017,2272930433,961416,5.982911345433,13276,45779,9,1,18779,64755,5,2
1690,2272930433,2273357249,426816,5.630240691403,18779,64755,5,2,13280,45793,3,1
1691,2273357249,2276436497,3079248,6.488444668018,13280,45793,3,1,13289,45824,4,1
1692,2276436497,2277285349,848852,5.928831976244,13289,45824,4,1,18797,64817,7,2
1693,2277285349,2278268081,982732,5.992435097903,18797,64817,7,2,18801,64831,1,2
1694,2278268081,2279517829,1249748,6.096822450414,18801,64831,1,2,13298,45855,5,1
1695,2279517829,2281644433,2126604,6.327686626421,13298,45855,5,1,18815,64879,9,2
1696,2281644433,2282601245,956812,5.980826613447,18815,64879,9,2,13307,45886,6,1
1697,2282601245,2285686745,3085500,6.489325550750,13307,45886,6,1,13316,45917,7,1
1698,2285686745,2286007685,320940,5.506423848279,13316,45917,7,1,18833,64941,11,2
1699,2286007685,2286992297,984612,5.993265124451,18833,64941,11,2,18837,64955,5,2
1700,2286992297,2287079161,86864,4.938839824312,18837,64955,5,2,13320,45931,1,1
1701,2287079161,2288774329,1695168,6.229212745523,13320,45931,1,1,13325,45948,8,1
1702,2288774329,2290167685,1393356,6.144062092076,13325,45948,8,1,13329,45962,2,1
1703,2290167685,2290375105,207420,5.316850629926,13329,45962,2,1,18851,65003,13,2
1704,2290375105,2291360657,985552,5.993679543600,18851,65003,13,2,18855,65017,7,2
1705,2291360657,2291863997,503340,5.701861444780,18855,65017,7,2,13334,45979,9,1
1706,2291863997,2292346421,482424,5.683428905285,13334,45979,9,1,18859,65031,1,2
1707,2292346421,2296350985,4004564,6.602555238847,18859,65031,1,2,13347,46024,4,1
1708,2296350985,2296719889,368904,5.566913364277,13347,46024,4,1,18877,65093,3,2
1709,2296719889,2299445761,2725872,6.435505458616,18877,65093,3,2,13356,46055,5,1
1710,2299445761,2300109881,664120,5.822246559231,13356,46055,5,1,18891,65141,11,2
1711,2300109881,2304490745,4380864,6.641559771104,18891,65141,11,2,18909,65203,13,2
1712,2304490745,2305479329,988584,5.995013577227,18909,65203,13,2,18913,65217,7,2
1713,2305479329,2305641565,162236,5.210147230064,18913,65217,7,2,13374,46117,7,1
1714,2305641565,2306468125,826560,5.917274384493,13374,46117,7,1,18917,65231,1,2
1715,2306468125,2307040045,571920,5.757335284058,18917,65231,1,2,13378,46131,1,1
1716,2307040045,2308742593,1702548,6.231099364838,13378,46131,1,1,13383,46148,8,1
1717,2308742593,2309865301,1122708,6.050266817278,13383,46148,8,1,18931,65279,9,2
1718,2309865301,2310142013,276712,5.442027993332,18931,65279,9,2,13387,46162,2,1
1719,2310142013,2310855037,713024,5.853104148214,13387,46162,2,1,18935,65293,3,2
1720,2310855037,2313246065,2391028,6.378584661927,18935,65293,3,2,13396,46193,3,1
1721,2313246065,2314255441,1009376,6.004052974272,13396,46193,3,1,18949,65341,11,2
1722,2314255441,2315246117,990676,5.995931641953,18949,65341,11,2,18953,65355,5,2
1723,2315246117,2316352201,1106084,6.043788110107,18953,65355,5,2,13405,46224,4,1
1724,2316352201,2319460421,3108220,6.492511750607,13405,46224,4,1,13414,46255,5,1
1725,2319460421,2319641365,180944,5.257544186725,13414,46255,5,1,18971,65417,7,2
1726,2319641365,2320633193,991828,5.996436364566,18971,65417,7,2,18975,65431,1,2
1727,2320633193,2322570725,1937532,6.287248883983,18975,65431,1,2,13423,46286,6,1
1728,2322570725,2324040781,1470056,6.167333878985,13423,46286,6,1,18989,65479,9,2
1729,2324040781,2325683113,1642332,6.215460954972,18989,65479,9,2,13432,46317,7,1
1730,2325683113,2327087657,1404544,6.147535348848,13432,46317,7,1,13436,46331,1,1
1731,2327087657,2328444365,1356708,6.132486385880,13436,46331,1,1,19007,65541,11,2
1732,2328444365,2328797585,353220,5.548045286196,19007,65541,11,2,13441,46348,8,1
1733,2328797585,2329438073,640488,5.806510997340,13441,46348,8,1,19011,65555,5,2
1734,2329438073,2330203069,764996,5.883659164327,19011,65555,5,2,13445,46362,2,1
1735,2330203069,2331914141,1711072,6.233268284553,13445,46362,2,1,13450,46379,9,1
1736,2331914141,2332852117,937976,5.972191726225,13450,46379,9,1,19025,65603,13,2
1737,2332852117,2333320565,468448,5.670661389105,19025,65603,13,2,13454,46393,3,1
1738,2333320565,2333846765,526200,5.721150843750,13454,46393,3,1,19029,65617,7,2
1739,2333846765,2334841625,994860,5.997761969685,19029,65617,7,2,19033,65631,1,2
1740,2334841625,2336440145,1598520,6.203718074349,19033,65631,1,2,13463,46424,4,1
1741,2336440145,2339255425,2815280,6.449521595069,13463,46424,4,1,19051,65693,3,2
1742,2339255425,2339561809,306384,5.486266081805,19051,65693,3,2,13472,46455,5,1
1743,2339561809,2342676653,3114844,6.493436300871,13472,46455,5,1,19065,65741,11,2
1744,2342676653,2342685557,8904,3.949585151327,19065,65741,11,2,13481,46486,6,1
1745,2342685557,2343673393,987836,5.994684849236,13481,46486,6,1,19069,65755,5,2
1746,2343673393,2345811389,2137996,6.330006888347,19069,65755,5,2,13490,46517,7,1
1747,2345811389,2347097849,1286460,6.109396287204,13490,46517,7,1,19083,65803,13,2
1748,2347097849,2347221997,124148,5.093939727548,19083,65803,13,2,13494,46531,1,1
1749,2347221997,2348095529,873532,5.941278819072,13494,46531,1,1,19087,65817,7,2
1750,2348095529,2348939305,843776,5.926227168337,19087,65817,7,2,13499,46548,8,1
1751,2348939305,2349093421,154116,5.187847728602,13499,46548,8,1,19091,65831,1,2
1752,2349093421,2350350853,1257432,6.099484508381,19091,65831,1,2,13503,46562,2,1
1753,2350350853,2352069305,1718452,6.235137405879,13503,46562,2,1,13508,46579,9,1
1754,2352069305,2352521833,452528,5.655645456181,13508,46579,9,1,19105,65879,9,2
1755,2352521833,2353520665,998832,5.999492447577,19105,65879,9,2,19109,65893,3,2
1756,2353520665,2356614817,3094152,6.490541644573,19109,65893,3,2,13521,46624,4,1
1757,2356614817,2356952305,337488,5.528258335311,13521,46624,4,1,19123,65941,11,2
1758,2356952305,2357952077,999772,5.999900969568,19123,65941,11,2,19127,65955,5,2
1759,2357952077,2361386945,3434868,6.535910052029,19127,65955,5,2,19141,66003,13,2
1760,2361386945,2363388581,2001636,6.301385103331,19141,66003,13,2,19149,66031,1,2
1761,2363388581,2366026393,2637812,6.421243839629,19149,66031,1,2,13548,46717,7,1
1762,2366026393,2366827405,801012,5.903639022320,13548,46717,7,1,19163,66079,9,2
1763,2366827405,2367443065,615660,5.789340937994,19163,66079,9,2,13552,46731,1,1
1764,2367443065,2369167753,1724688,6.236710541651,13552,46731,1,1,13557,46748,8,1
1765,2369167753,2370585365,1417612,6.151557380835,13557,46748,8,1,13561,46762,2,1
1766,2370585365,2371271321,685956,5.836296259191,13561,46762,2,1,19181,66141,11,2
1767,2371271321,2373729749,2458428,6.390657493627,19181,66141,11,2,13570,46793,3,1
1768,2373729749,2375719405,1989656,6.298777995899,13570,46793,3,1,19199,66203,13,2
1769,2375719405,2376723149,1003744,6.001622962247,19199,66203,13,2,19203,66217,7,2
1770,2376723149,2376876217,153068,5.184884407707,19203,66217,7,2,13579,46824,4,1
1771,2376876217,2377727105,850888,5.929872398882,13579,46824,4,1,19207,66231,1,2
1772,2377727105,2380024769,2297664,6.361286519733,19207,66231,1,2,13588,46855,5,1
1773,2380024769,2382181237,2156468,6.333743017999,13588,46855,5,1,19225,66293,3,2
1774,2382181237,2383175405,994168,5.997459780079,19225,66293,3,2,13597,46886,6,1
1775,2383175405,2386328125,3152720,6.498685401812,13597,46886,6,1,13606,46917,7,1
1776,2386328125,2386639537,311412,5.493335343728,13606,46917,7,1,19243,66355,5,2
1777,2386639537,2387750861,1111324,6.045840693413,19243,66355,5,2,13610,46931,1,1
1778,2387750861,2389482929,1732068,6.238564938169,13610,46931,1,1,13615,46948,8,1
1779,2389482929,2390095229,612300,5.786964259436,13615,46948,8,1,19257,66403,13,2
1780,2390095229,2390906605,811376,5.909222157396,19257,66403,13,2,13619,46962,2,1
1781,2390906605,2391102005,195400,5.290924559383,13619,46962,2,1,19261,66417,7,2
1782,2391102005,2392108993,1006988,6.003024295216,19261,66417,7,2,19265,66431,1,2
1783,2392108993,2392639817,530824,5.724950550274,19265,66431,1,2,13624,46979,9,1
1784,2392639817,2394064433,1424616,6.153697817639,13624,46979,9,1,13628,46993,3,1
1785,2394064433,2395568641,1504208,6.177307894106,13628,46993,3,1,19279,66479,9,2
1786,2395568641,2396576569,1007928,6.003429509967,19279,66479,9,2,19283,66493,3,2
1787,2396576569,2397224345,647776,5.811424853429,19283,66493,3,2,13637,47024,4,1
1788,2397224345,2400039445,2815100,6.449493826781,13637,47024,4,1,19297,66541,11,2
1789,2400039445,2400386341,346896,5.540199292094,19297,66541,11,2,13646,47055,5,1
1790,2400386341,2401048313,661972,5.820839620100,13646,47055,5,1,19301,66555,5,2
1791,2401048313,2403550421,2502108,6.398306051477,19301,66555,5,2,13655,47086,6,1
1792,2403550421,2404514417,963996,5.984075231847,13655,47086,6,1,19315,66603,13,2
1793,2404514417,2405524225,1009808,6.004238806983,19315,66603,13,2,19319,66617,7,2
1794,2405524225,2406534245,1010020,6.004329973588,19319,66617,7,2,19323,66631,1,2
1795,2406534245,2408145385,1611140,6.207133280075,19323,66631,1,2,13668,47131,1,1
1796,2408145385,2409884833,1739448,6.240411450243,13668,47131,1,1,13673,47148,8,1
1797,2409884833,2410004305,119472,5.077266133984,13673,47148,8,1,19337,66679,9,2
1798,2410004305,2411314573,1310268,6.117360134600,19337,66679,9,2,13677,47162,2,1
1799,2411314573,2413055165,1740592,6.240696983114,13677,47162,2,1,13682,47179,9,1
1800,2413055165,2414488553,1433388,6.156363764334,13682,47179,9,1,19355,66741,11,2
1801,2414488553,2415500453,1011900,6.005137595909,19355,66741,11,2,19359,66755,5,2
1802,2415500453,2417659201,2158748,6.334201948218,19359,66755,5,2,13695,47224,4,1
1803,2417659201,2418976969,1317768,6.119838957156,13695,47224,4,1,19373,66803,13,2
1804,2418976969,2419989809,1012840,6.005540844565,19373,66803,13,2,19377,66817,7,2
1805,2419989809,2420834641,844832,5.926770355427,19377,66817,7,2,13704,47255,5,1
1806,2420834641,2421002861,168220,5.225877628640,13704,47255,5,1,19381,66831,1,2
1807,2421002861,2425497325,4494464,6.652677906142,19381,66831,1,2,19399,66893,3,2
1808,2425497325,2427191773,1694448,6.229028245549,19399,66893,3,2,13722,47317,7,1
1809,2427191773,2428626637,1434864,6.156810739503,13722,47317,7,1,13726,47331,1,1
1810,2428626637,2428981025,354388,5.549479007735,13726,47331,1,1,19413,66941,11,2
1811,2428981025,2429995957,1014932,6.006436945684,19413,66941,11,2,19417,66955,5,2
1812,2429995957,2430373465,377508,5.576926159459,19417,66955,5,2,13731,47348,8,1
1813,2430373465,2431809269,1435804,6.157095158898,13731,47348,8,1,13735,47362,2,1
1814,2431809269,2433482885,1673616,6.223655819122,13735,47362,2,1,19431,67003,13,2
1815,2433482885,2434498757,1015872,6.006838990236,19431,67003,13,2,19435,67017,7,2
1816,2434498757,2434993985,495228,5.694805191549,19435,67017,7,2,13744,47393,3,1
1817,2434993985,2435514841,520856,5.716717671381,13744,47393,3,1,19439,67031,1,2
1818,2435514841,2438180785,2665944,6.425851022517,19439,67031,1,2,13753,47424,4,1
1819,2438180785,2439005725,824940,5.916422362348,13753,47424,4,1,19453,67079,9,2
1820,2439005725,2440022749,1017024,6.007331201639,19453,67079,9,2,19457,67093,3,2
1821,2440022749,2441369669,1346920,6.129341801669,19457,67093,3,2,13762,47455,5,1
1822,2441369669,2443516861,2147192,6.331870880399,13762,47455,5,1,19471,67141,11,2
1823,2443516861,2444560637,1043776,6.018607306710,19471,67141,11,2,13771,47486,6,1
1824,2444560637,2447753689,3193052,6.504205991239,13771,47486,6,1,13780,47517,7,1
1825,2447753689,2448032165,278476,5.444787772161,13780,47517,7,1,19489,67203,13,2
1826,2448032165,2449051069,1018904,6.008133267192,19489,67203,13,2,19493,67217,7,2
1827,2449051069,2449194617,143548,5.156997146014,19493,67217,7,2,13784,47531,1,1
1828,2449194617,2450070185,875568,5.942289880720,13784,47531,1,1,19497,67231,1,2
1829,2450070185,2450948825,878640,5.943810970593,19497,67231,1,2,13789,47548,8,1
1830,2450948825,2452390693,1441868,6.158925503452,13789,47548,8,1,13793,47562,2,1
1831,2452390693,2453571481,1180788,6.072171930895,13793,47562,2,1,19511,67279,9,2
1832,2453571481,2454146045,574564,5.759338411264,19511,67279,9,2,13798,47579,9,1
1833,2454146045,2455588853,1442808,6.159208541704,13798,47579,9,1,13802,47593,3,1
1834,2455588853,2458096061,2507208,6.399190364874,13802,47593,3,1,19529,67341,11,2
1835,2458096061,2458789097,693036,5.840755794778,19529,67341,11,2,13811,47624,4,1
1836,2458789097,2459117057,327960,5.515820877740,13811,47624,4,1,19533,67355,5,2
1837,2459117057,2462624809,3507752,6.545028880920,19533,67355,5,2,19547,67403,13,2
1838,2462624809,2464668893,2044084,6.310498738814,19547,67403,13,2,19555,67431,1,2
1839,2464668893,2465195837,526944,5.721764463821,19555,67431,1,2,13829,47686,6,1
1840,2465195837,2468402333,3206496,6.506030702485,13829,47686,6,1,13838,47717,7,1
1841,2468402333,2469203689,801356,5.903825492973,13838,47717,7,1,19573,67493,3,2
1842,2469203689,2469849325,645636,5.809987738203,19573,67493,3,2,13842,47731,1,1
1843,2469849325,2471610913,1761588,6.245904343208,13842,47731,1,1,13847,47748,8,1
1844,2471610913,2472718625,1107712,6.044426860511,13847,47748,8,1,19587,67541,11,2
1845,2472718625,2473058845,340220,5.531759840242,19587,67541,11,2,13851,47762,2,1
1846,2473058845,2473742653,683808,5.834934177384,13851,47762,2,1,19591,67555,5,2
1847,2473742653,2474821577,1078924,6.032990853818,19591,67555,5,2,13856,47779,9,1
1848,2474821577,2477260817,2439240,6.387254533216,13856,47779,9,1,19605,67603,13,2
1849,2477260817,2478285785,1024968,6.010710306718,19605,67603,13,2,19609,67617,7,2
1850,2478285785,2479310965,1025180,6.010800125044,19609,67617,7,2,19613,67631,1,2
1851,2479310965,2479484137,173172,5.238477672736,19613,67631,1,2,13869,47824,4,1
1852,2479484137,2482699909,3215772,6.507285249451,13869,47824,4,1,13878,47855,5,1
1853,2482699909,2482833085,133176,5.124425966526,13878,47855,5,1,19627,67679,9,2
1854,2482833085,2483859205,1026120,6.011198152482,19627,67679,9,2,19631,67693,3,2
1855,2483859205,2487384553,3525348,6.547201994241,19631,67693,3,2,19645,67741,11,2
1856,2487384553,2488411613,1027060,6.011595815465,19645,67741,11,2,19649,67755,5,2
1857,2488411613,2489137705,726092,5.860991651776,19649,67755,5,2,13896,47917,7,1
1858,2489137705,2490590761,1453056,6.162282352097,13896,47917,7,1,13900,47931,1,1
1859,2490590761,2491940189,1349428,6.130149717320,13900,47931,1,1,19663,67803,13,2
1860,2491940189,2492359729,419540,5.622773373868,19663,67803,13,2,13905,47948,8,1
1861,2492359729,2492968189,608460,5.784232033100,13905,47948,8,1,19667,67817,7,2
1862,2492968189,2493813725,845536,5.927132103085,19667,67817,7,2,13909,47962,2,1
1863,2493813725,2493996401,182676,5.261681493427,13909,47962,2,1,19671,67831,1,2
1864,2493996401,2497038773,3042372,6.483212315460,19671,67831,1,2,13918,47993,3,1
1865,2497038773,2497528933,490160,5.690337867324,13918,47993,3,1,19685,67879,9,2
1866,2497528933,2500265905,2736972,6.437270354477,19685,67879,9,2,13927,48024,4,1
1867,2500265905,2502093845,1827940,6.261961936422,13927,48024,4,1,19703,67941,11,2
1868,2502093845,2503123937,1030092,6.012876014325,19703,67941,11,2,19707,67955,5,2
1869,2503123937,2503495121,371184,5.569589247554,19707,67955,5,2,13936,48055,5,1
1870,2503495121,2506726421,3231300,6.509377280610,13936,48055,5,1,13945,48086,6,1
1871,2506726421,2507693957,967536,5.985667133185,13945,48086,6,1,19725,68017,7,2
1872,2507693957,2508725201,1031244,6.013361434746,19725,68017,7,2,19729,68031,1,2
1873,2508725201,2509959805,1234604,6.091527679706,19729,68031,1,2,13954,48117,7,1
1874,2509959805,2511418925,1459120,6.164091010327,13954,48117,7,1,13958,48131,1,1
1875,2511418925,2513195273,1776348,6.249528051349,13958,48131,1,1,13963,48148,8,1
1876,2513195273,2513300329,105056,5.021420861049,13963,48148,8,1,19747,68093,3,2
1877,2513300329,2514655333,1355004,6.131940577259,19747,68093,3,2,13967,48162,2,1
1878,2514655333,2516432825,1777492,6.249807654767,13967,48162,2,1,13972,48179,9,1
1879,2516432825,2516846501,413676,5.616660325416,13972,48179,9,1,19761,68141,11,2
1880,2516846501,2517893825,1047324,6.020081055743,19761,68141,11,2,13976,48193,3,1
1881,2517893825,2521134401,3240576,6.510622211252,13976,48193,3,1,13985,48224,4,1
1882,2521134401,2521429025,294624,5.469268121471,13985,48224,4,1,19779,68203,13,2
1883,2521429025,2522463089,1034064,6.014547418822,19779,68203,13,2,19783,68217,7,2
1884,2522463089,2523497365,1034276,6.014636447155,19783,68217,7,2,19787,68231,1,2
1885,2523497365,2524377061,879696,5.944332617227,19787,68231,1,2,13994,48255,5,1
1886,2524377061,2527050721,2673660,6.427106178725,13994,48255,5,1,19801,68279,9,2
1887,2527050721,2527621805,571084,5.756699992753,19801,68279,9,2,14003,48286,6,1
1888,2527621805,2528085937,464132,5.666641512277,14003,48286,6,1,19805,68293,3,2
1889,2528085937,2530868633,2782696,6.444465763742,19805,68293,3,2,14012,48317,7,1
1890,2530868633,2531642521,773888,5.888678112490,14012,48317,7,1,19819,68341,11,2
1891,2531642521,2532333817,691296,5.839664043960,19819,68341,11,2,14016,48331,1,1
1892,2532333817,2532678677,344860,5.537642823864,14016,48331,1,1,19823,68355,5,2
1893,2532678677,2534117545,1438868,6.158020954117,19823,68355,5,2,14021,48348,8,1
1894,2534117545,2535583669,1466124,6.166170703073,14021,48348,8,1,14025,48362,2,1
1895,2535583669,2536238489,654820,5.816121935488,14025,48362,2,1,19837,68403,13,2
1896,2536238489,2537275585,1037096,6.015818959225,19837,68403,13,2,19841,68417,7,2
1897,2537275585,2537368541,92956,4.968277427274,19841,68417,7,2,14030,48379,9,1
1898,2537368541,2538312893,944352,5.975133904429,14030,48379,9,1,19845,68431,1,2
1899,2538312893,2541876661,3563768,6.551909423872,19845,68431,1,2,19859,68479,9,2
1900,2541876661,2542089625,212964,5.328306195351,19859,68479,9,2,14043,48424,4,1
1901,2542089625,2545345729,3256104,6.512698267810,14043,48424,4,1,14052,48455,5,1
1902,2545345729,2547521093,2175364,6.337531937137,14052,48455,5,1,19881,68555,5,2
1903,2547521093,2551091317,3570224,6.552695465107,19881,68555,5,2,19895,68603,13,2
1904,2551091317,2552131445,1040128,6.017086787638,19895,68603,13,2,19899,68617,7,2
1905,2552131445,2553171785,1040340,6.017175296984,19899,68617,7,2,19903,68631,1,2
1906,2553171785,2553335437,163652,5.213921317213,19903,68631,1,2,14074,48531,1,1
1907,2553335437,2555126545,1791108,6.253121773671,14074,48531,1,1,14079,48548,8,1
1908,2555126545,2556598733,1472188,6.167963273418,14079,48548,8,1,14083,48562,2,1
1909,2556598733,2557787245,1188512,6.075003571009,14083,48562,2,1,19921,68693,3,2
1910,2557787245,2559864113,2076868,6.317408894853,19921,68693,3,2,14092,48593,3,1
1911,2559864113,2561364653,1500540,6.176247576934,14092,48593,3,1,19935,68741,11,2
1912,2561364653,2562406873,1042220,6.017959402938,19935,68741,11,2,19939,68755,5,2
1913,2562406873,2563131577,724704,5.860160658411,19939,68755,5,2,14101,48624,4,1
1914,2563131577,2565987509,2855932,6.455747862636,14101,48624,4,1,19953,68803,13,2
1915,2565987509,2568074041,2086532,6.319425049636,19953,68803,13,2,19961,68831,1,2
1916,2568074041,2569672757,1598716,6.203771321415,19961,68831,1,2,14119,48686,6,1
1917,2569672757,2571658633,1985876,6.297952127242,14119,48686,6,1,19975,68879,9,2
1918,2571658633,2572702945,1044312,6.018830268432,19975,68879,9,2,19979,68893,3,2
1919,2572702945,2572946473,243528,5.386548902086,19979,68893,3,2,14128,48717,7,1
1920,2572946473,2574423785,1477312,6.169472225555,14128,48717,7,1,14132,48731,1,1
1921,2574423785,2576222273,1798488,6.254907544434,14132,48731,1,1,14137,48748,8,1
1922,2576222273,2576290765,68492,4.835639848007,14137,48748,8,1,19993,68941,11,2
1923,2576290765,2577336017,1045252,6.019221007208,19993,68941,11,2,19997,68955,5,2
1924,2577336017,2577700525,364508,5.561707064390,19997,68955,5,2,14141,48762,2,1
1925,2577700525,2579500157,1799632,6.255183706932,14141,48762,2,1,14146,48779,9,1
1926,2579500157,2580927065,1426908,6.154395972848,14146,48779,9,1,20011,69003,13,2
1927,2580927065,2580979349,52284,4.718368805983,20011,69003,13,2,14150,48793,3,1
1928,2580979349,2581973257,993908,5.997346186267,14150,48793,3,1,20015,69017,7,2
1929,2581973257,2583019661,1046404,6.019699391124,20015,69017,7,2,20019,69031,1,2
1930,2583019661,2584260257,1240596,6.093630376554,20019,69031,1,2,14159,48824,4,1
1931,2584260257,2586614665,2354408,6.371881724775,14159,48824,4,1,20033,69079,9,2
1932,2586614665,2587543249,928584,5.967821196268,20033,69079,9,2,14168,48855,5,1
1933,2587543249,2590828325,3285076,6.516545421384,14168,48855,5,1,14177,48886,6,1
1934,2590828325,2591260241,431916,5.635399292455,14177,48886,6,1,20051,69141,11,2
1935,2591260241,2594115485,2855244,6.455643227582,20051,69141,11,2,14186,48917,7,1
1936,2594115485,2595598861,1483376,6.171251248148,14186,48917,7,1,14190,48931,1,1
1937,2595598861,2595909985,311124,5.492933513730,14190,48931,1,1,20069,69203,13,2
1938,2595909985,2596959209,1049224,6.020868216105,20069,69203,13,2,20073,69217,7,2
1939,2596959209,2597404729,445520,5.648867204882,20073,69217,7,2,14195,48948,8,1
1940,2597404729,2598008645,603916,5.780976535851,14195,48948,8,1,20077,69231,1,2
1941,2598008645,2598889045,880400,5.944680033881,20077,69231,1,2,14199,48962,2,1
1942,2598889045,2600696057,1807012,6.256961036632,14199,48962,2,1,14204,48979,9,1
1943,2600696057,2602664437,1968380,6.294108943675,14204,48979,9,1,20095,69293,3,2
1944,2602664437,2605475665,2811228,6.448896069772,20095,69293,3,2,14217,49024,4,1
1945,2605475665,2606273081,797416,5.901684945450,14217,49024,4,1,20109,69341,11,2
1946,2606273081,2607324397,1051316,6.021733274001,20109,69341,11,2,20113,69355,5,2
1947,2607324397,2608772101,1447704,6.160679774356,20113,69355,5,2,14226,49055,5,1
1948,2608772101,2610936269,2164168,6.335290971148,14226,49055,5,1,20127,69403,13,2
1949,2610936269,2611988525,1052256,6.022121410789,20127,69403,13,2,20131,69417,7,2
1950,2611988525,2613040993,1052468,6.022208900104,20131,69417,7,2,20135,69431,1,2
1951,2613040993,2615371225,2330232,6.367399161929,20135,69431,1,2,14244,49117,7,1
1952,2615371225,2616656821,1285596,6.109104512495,14244,49117,7,1,20149,69479,9,2
1953,2616656821,2616860665,203844,5.309297932834,20149,69479,9,2,14248,49131,1,1
1954,2616860665,2617710229,849564,5.929196101039,14248,49131,1,1,20153,69493,3,2
1955,2617710229,2618673913,963684,5.983934648473,20153,69493,3,2,14253,49148,8,1
1956,2618673913,2620164293,1490380,6.173297013957,14253,49148,8,1,14257,49162,2,1
1957,2620164293,2621329285,1164992,6.066322943072,14257,49162,2,1,20167,69541,11,2
1958,2621329285,2622383633,1054348,6.022983978557,20167,69541,11,2,20171,69555,5,2
1959,2622383633,2623470005,1086372,6.035978563635,20171,69555,5,2,14266,49193,3,1
1960,2623470005,2626005917,2535912,6.404134178793,14266,49193,3,1,20185,69603,13,2
1961,2626005917,2626777801,771884,5.887552038749,20185,69603,13,2,14275,49224,4,1
1962,2626777801,2627061205,283404,5.452405975642,14275,49224,4,1,20189,69617,7,2
1963,2627061205,2628116705,1055500,6.023458237644,20189,69617,7,2,20193,69631,1,2
1964,2628116705,2630087681,1970976,6.294681336034,20193,69631,1,2,14284,49255,5,1
1965,2630087681,2631742945,1655264,6.218867269773,14284,49255,5,1,20207,69679,9,2
1966,2631742945,2633399645,1656700,6.219243872245,20207,69679,9,2,14293,49286,6,1
1967,2633399645,2636428853,3029208,6.481329095106,14293,49286,6,1,20225,69741,11,2
1968,2636428853,2636713693,284840,5.454600977098,20225,69741,11,2,14302,49317,7,1
1969,2636713693,2637486233,772540,5.887920975255,14302,49317,7,1,20229,69755,5,2
1970,2637486233,2638209197,722964,5.859116672135,20229,69755,5,2,14306,49331,1,1
1971,2638209197,2640029825,1820628,6.260221217595,14306,49331,1,1,14311,49348,8,1
1972,2640029825,2641118929,1089104,6.037069353098,14311,49348,8,1,20243,69803,13,2
1973,2641118929,2641526269,407340,5.609957059058,20243,69803,13,2,14315,49362,2,1
1974,2641526269,2642177249,650980,5.813567645983,14315,49362,2,1,20247,69817,7,2
1975,2642177249,2643235781,1058532,6.024703991513,20247,69817,7,2,20251,69831,1,2
1976,2643235781,2643348041,112260,5.050225037884,20251,69831,1,2,14320,49379,9,1
1977,2643348041,2644845425,1497384,6.175333188249,14320,49379,9,1,14324,49393,3,1
1978,2644845425,2647931905,3086480,6.489463467139,14324,49393,3,1,20269,69893,3,2
1979,2647931905,2648166665,234760,5.370624100842,20269,69893,3,2,14333,49424,4,1
1980,2648166665,2651489989,3323324,6.521572683907,14333,49424,4,1,14342,49455,5,1
1981,2651489989,2651571785,81796,4.912732066258,14342,49455,5,1,20283,69941,11,2
1982,2651571785,2652632197,1060412,6.025474633720,20283,69941,11,2,20287,69955,5,2
1983,2652632197,2654815397,2183200,6.339093522662,20287,69955,5,2,14351,49486,6,1
1984,2654815397,2656275305,1459908,6.164325488421,14351,49486,6,1,20301,70003,13,2
1985,2656275305,2657336657,1061352,6.025859442624,20301,70003,13,2,20305,70017,7,2
1986,2657336657,2658142889,806232,5.906460031658,20305,70017,7,2,14360,49517,7,1
1987,2658142889,2658398221,255332,5.407105247051,14360,49517,7,1,20309,70031,1,2
1988,2658398221,2659644457,1246236,6.095600292558,20309,70031,1,2,14364,49531,1,1
1989,2659644457,2661472465,1828008,6.261978092026,14364,49531,1,1,14369,49548,8,1
1990,2661472465,2662045285,572820,5.758018172949,14369,49548,8,1,20323,70079,9,2
1991,2662045285,2662974973,929688,5.968337225315,20323,70079,9,2,14373,49562,2,1
1992,2662974973,2663107789,132816,5.123250396517,14373,49562,2,1,20327,70093,3,2
1993,2663107789,2664804125,1696336,6.229511878872,20327,70093,3,2,14378,49579,9,1
1994,2664804125,2666758081,1953956,6.290914779868,14378,49579,9,1,20341,70141,11,2
1995,2666758081,2669642257,2884176,6.460021758647,20341,70141,11,2,14391,49624,4,1
1996,2669642257,2671475045,1832788,6.263112232690,14391,49624,4,1,20359,70203,13,2
1997,2671475045,2673604025,2128980,6.328171581621,20359,70203,13,2,20367,70231,1,2
1998,2673604025,2677261501,3657476,6.563181485009,20367,70231,1,2,20381,70279,9,2
1999,2677261501,2679658813,2397312,6.379724559299,20381,70279,9,2,14418,49717,7,1
2000,2679658813,2681166445,1507632,6.178295346923,14418,49717,7,1,14422,49731,1,1
2001,2681166445,2681987741,821296,5.914499707666,14422,49731,1,1,20399,70341,11,2
2002,2681987741,2683001833,1014092,6.006077356654,20399,70341,11,2,14427,49748,8,1
2003,2683001833,2683054217,52384,4.719198657732,14427,49748,8,1,20403,70355,5,2
2004,2683054217,2684510405,1456188,6.163217447842,20403,70355,5,2,14431,49762,2,1
2005,2684510405,2686718149,2207744,6.343948713155,14431,49762,2,1,20417,70403,13,2
2006,2686718149,2687785565,1067416,6.028333708360,20417,70403,13,2,20421,70417,7,2
2007,2687785565,2687856449,70884,4.850548216905,20421,70417,7,2,14440,49793,3,1
2008,2687856449,2688853193,996744,5.998583630063,14440,49793,3,1,20425,70431,1,2
2009,2688853193,2691204577,2351384,6.371323558714,20425,70431,1,2,14449,49824,4,1
2010,2691204577,2693589649,2385072,6.377501493955,14449,49824,4,1,20443,70493,3,2
2011,2693589649,2694554789,965140,5.984590315227,20443,70493,3,2,14458,49855,5,1
2012,2694554789,2697260765,2705976,6.432323940409,14458,49855,5,1,20457,70541,11,2
2013,2697260765,2697907085,646320,5.810447595123,20457,70541,11,2,14467,49886,6,1
2014,2697907085,2698330273,423188,5.626533344264,14467,49886,6,1,20461,70555,5,2
2015,2698330273,2702775161,4444888,6.647860822315,20461,70555,5,2,14480,49931,1,1
2016,2702775161,2703075065,299904,5.476982258245,14480,49931,1,1,20479,70617,7,2
2017,2703075065,2704145725,1070660,6.029651577679,20479,70617,7,2,20483,70631,1,2
2018,2704145725,2704617929,472204,5.674129661630,20483,70631,1,2,14485,49948,8,1
2019,2704617929,2706132565,1514636,6.180308274960,14485,49948,8,1,14489,49962,2,1
2020,2706132565,2707824025,1691460,6.228261731959,14489,49962,2,1,20497,70679,9,2
2021,2707824025,2707976477,152452,5.183133126197,20497,70679,9,2,14494,49979,9,1
2022,2707976477,2708895625,919148,5.963385446542,14494,49979,9,1,20501,70693,3,2
2023,2708895625,2709492053,596428,5.775558023715,20501,70693,3,2,14498,49993,3,1
2024,2709492053,2711337109,1845056,6.266009552133,14498,49993,3,1,14503,50010,10,1
2025,2711337109,2712853625,1516516,6.180846996694,14503,50010,10,1,14507,50024,4,1
2026,2712853625,2713649693,796068,5.900950166687,14507,50024,4,1,20519,70755,5,2
2027,2713649693,2716217281,2567588,6.409525337278,20519,70755,5,2,14516,50055,5,1
2028,2716217281,2717334449,1117168,6.048118487338,14516,50055,5,1,20533,70803,13,2
2029,2717334449,2718407929,1073480,6.030793957510,20533,70803,13,2,20537,70817,7,2
2030,2718407929,2719481621,1073692,6.030879717226,20537,70817,7,2,20541,70831,1,2
2031,2719481621,2719583021,101400,5.006037954997,20541,70831,1,2,14525,50086,6,1
2032,2719583021,2722950845,3367824,6.527349387511,14525,50086,6,1,14534,50117,7,1
2033,2722950845,2723170333,219488,5.341410781178,14534,50117,7,1,20555,70879,9,2
2034,2723170333,2724470605,1300272,6.114034210571,20555,70879,9,2,14538,50131,1,1
2035,2724470605,2726320753,1850148,6.267206470572,14538,50131,1,1,14543,50148,8,1
2036,2726320753,2727841453,1520700,6.182043545943,14543,50148,8,1,14547,50162,2,1
2037,2727841453,2727936905,95452,4.979785032571,14547,50162,2,1,20573,70941,11,2
2038,2727936905,2729012477,1075572,6.031639487858,20573,70941,11,2,20577,70955,5,2
2039,2729012477,2729692745,680268,5.832680042105,20577,70955,5,2,14552,50179,9,1
2040,2729692745,2732707645,3014900,6.479272911777,14552,50179,9,1,20591,71003,13,2
2041,2732707645,2733066821,359176,5.555307309577,20591,71003,13,2,14561,50210,10,1
2042,2733066821,2733784157,717336,5.855722626749,14561,50210,10,1,20595,71017,7,2
2043,2733784157,2734589401,805244,5.905927497507,20595,71017,7,2,14565,50224,4,1
2044,2734589401,2734860881,271480,5.433737840519,14565,50224,4,1,20599,71031,1,2
2045,2734860881,2737966501,3105620,6.492148314883,20599,71031,1,2,14574,50255,5,1
2046,2737966501,2739637669,1671168,6.223020111058,14574,50255,5,1,20617,71093,3,2
2047,2739637669,2743340021,3702352,6.568477706797,20617,71093,3,2,20631,71141,11,2
2048,2743340021,2744726953,1386932,6.142055168536,20631,71141,11,2,14592,50317,7,1
2049,2744726953,2746252777,1525824,6.183504441720,14592,50317,7,1,14596,50331,1,1
2050,2746252777,2748110305,1857528,6.268935368949,14596,50331,1,1,14601,50348,8,1
2051,2748110305,2748124205,13900,4.143014800254,14601,50348,8,1,20649,71203,13,2
2052,2748124205,2749203749,1079544,6.033240347984,20649,71203,13,2,20653,71217,7,2
2053,2749203749,2749637069,433320,5.636808734474,20653,71217,7,2,14605,50362,2,1
2054,2749637069,2750283505,646436,5.810525534286,14605,50362,2,1,20657,71231,1,2
2055,2750283505,2753023445,2739940,6.437741052618,20657,71231,1,2,14614,50393,3,1
2056,2753023445,2753993041,969596,5.986590815175,14614,50393,3,1,20671,71279,9,2
2057,2753993041,2754883261,890220,5.949497347071,20671,71279,9,2,14619,50410,10,1
2058,2754883261,2755073737,190476,5.279840262299,14619,50410,10,1,20675,71293,3,2
2059,2755073737,2756411905,1338168,6.126510640258,20675,71293,3,2,14623,50424,4,1
2060,2756411905,2758786501,2374596,6.375589731900,14623,50424,4,1,20689,71341,11,2
2061,2758786501,2759802449,1015948,6.006871479709,20689,71341,11,2,14632,50455,5,1
2062,2759802449,2759868137,65688,4.817486039122,14632,50455,5,1,20693,71355,5,2
2063,2759868137,2763195077,3326940,6.522044968616,20693,71355,5,2,14641,50486,6,1
2064,2763195077,2763584129,389052,5.590007652235,14641,50486,6,1,20707,71403,13,2
2065,2763584129,2764666705,1082576,6.034458394838,20707,71403,13,2,20711,71417,7,2
2066,2764666705,2765749493,1082788,6.034543434056,20711,71417,7,2,20715,71431,1,2
2067,2765749493,2766589789,840296,5.924432296208,20715,71431,1,2,14650,50517,7,1
2068,2766589789,2768121677,1531888,6.185227014148,14650,50517,7,1,14654,50531,1,1
2069,2768121677,2769469441,1347764,6.129613851791,14654,50531,1,1,20729,71479,9,2
2070,2769469441,2769986585,517144,5.713611490285,20729,71479,9,2,14659,50548,8,1
2071,2769986585,2771519413,1532828,6.185493425016,14659,50548,8,1,14663,50562,2,1
2072,2771519413,2773385465,1866052,6.270923741768,14663,50562,2,1,14668,50579,9,1
2073,2773385465,2774276345,890880,5.949819209258,14668,50579,9,1,20747,71541,11,2
2074,2774276345,2774919233,642888,5.808135319396,20747,71541,11,2,14672,50593,3,1
2075,2774919233,2775361013,441780,5.645206050860,14672,50593,3,1,20751,71555,5,2
2076,2775361013,2776786429,1425416,6.153941629354,20751,71555,5,2,14677,50610,10,1
2077,2776786429,2778321137,1534708,6.186025756978,14677,50610,10,1,14681,50624,4,1
2078,2778321137,2779087417,766280,5.884387490566,14681,50624,4,1,20765,71603,13,2
2079,2779087417,2781258845,2171428,6.336745433642,20765,71603,13,2,20773,71631,1,2
2080,2781258845,2785131197,3872352,6.587974828158,20773,71631,1,2,14699,50686,6,1
2081,2785131197,2786075965,944768,5.975325174975,14699,50686,6,1,20791,71693,3,2
2082,2786075965,2788539353,2463388,6.391532821497,20791,71693,3,2,14708,50717,7,1
2083,2788539353,2789809553,1270200,6.103872108403,14708,50717,7,1,20805,71741,11,2
2084,2789809553,2790077305,267752,5.427732723522,20805,71741,11,2,14712,50731,1,1
2085,2790077305,2790897253,819948,5.913786310885,14712,50731,1,1,20809,71755,5,2
2086,2790897253,2791949593,1052340,6.022156078475,20809,71755,5,2,14717,50748,8,1
2087,2791949593,2793488485,1538892,6.187208141956,14717,50748,8,1,14721,50762,2,1
2088,2793488485,2794634069,1145584,6.059026939356,14721,50762,2,1,20823,71803,13,2
2089,2794634069,2795361917,727848,5.862040692976,20823,71803,13,2,14726,50779,9,1
2090,2795361917,2795722709,360792,5.557256899174,14726,50779,9,1,20827,71817,7,2
2091,2795722709,2796811561,1088852,6.036968853170,20827,71817,7,2,20831,71831,1,2
2092,2796811561,2800317097,3505536,6.544754431445,20831,71831,1,2,14739,50824,4,1
2093,2800317097,2800552333,235236,5.371503785963,14739,50824,4,1,20845,71879,9,2
2094,2800552333,2801642125,1089792,6.037343615489,20845,71879,9,2,20849,71893,3,2
2095,2801642125,2803734529,2092404,6.320645541587,20849,71893,3,2,14748,50855,5,1
2096,2803734529,2805386125,1651596,6.217903822386,14748,50855,5,1,20863,71941,11,2
2097,2805386125,2806476857,1090732,6.037718054696,20863,71941,11,2,20867,71955,5,2
2098,2806476857,2810224085,3747228,6.573710118535,20867,71955,5,2,20881,72003,13,2
2099,2810224085,2810575645,351560,5.545999455800,20881,72003,13,2,14766,50917,7,1
2100,2810575645,2811315757,740112,5.869297445814,14766,50917,7,1,20885,72017,7,2
2101,2811315757,2812119661,803904,5.905204189595,20885,72017,7,2,14770,50931,1,1
2102,2812119661,2812407641,287980,5.459362327373,14770,50931,1,1,20889,72031,1,2
2103,2812407641,2813999329,1591688,6.201857942071,20889,72031,1,2,14775,50948,8,1
2104,2813999329,2815544285,1544956,6.188916115328,14775,50948,8,1,14779,50962,2,1
2105,2815544285,2816158825,614540,5.788550156082,14779,50962,2,1,20903,72079,9,2
2106,2816158825,2818970993,2812168,6.449041262043,20903,72079,9,2,14788,50993,3,1
2107,2818970993,2820852949,1881956,6.274609465435,14788,50993,3,1,14793,51010,10,1
2108,2820852949,2821006061,153112,5.185009229428,14793,51010,10,1,20921,72141,11,2
2109,2821006061,2822399785,1393724,6.144176778680,20921,72141,11,2,14797,51024,4,1
2110,2822399785,2825830661,3430876,6.535405021907,14797,51024,4,1,14806,51055,5,1
2111,2825830661,2825857465,26804,4.428199609264,14806,51055,5,1,20939,72203,13,2
2112,2825857465,2826952169,1094704,6.039296704980,20939,72203,13,2,20943,72217,7,2
2113,2826952169,2828047085,1094916,6.039380802157,20943,72217,7,2,20947,72231,1,2
2114,2828047085,2829263621,1216536,6.085124965195,20947,72231,1,2,14815,51086,6,1
2115,2829263621,2832698665,3435044,6.535932304375,14815,51086,6,1,14824,51117,7,1
2116,2832698665,2832904537,205872,5.313597283615,14824,51117,7,1,20965,72293,3,2
2117,2832904537,2834248745,1344208,6.128466475759,20965,72293,3,2,14828,51131,1,1
2118,2834248745,2836135793,1887048,6.275782947261,14828,51131,1,1,14833,51148,8,1
2119,2836135793,2836669361,533568,5.727189775481,14833,51148,8,1,20979,72341,11,2
2120,2836669361,2837686813,1017452,6.007513929812,20979,72341,11,2,14837,51162,2,1
2121,2837686813,2837766157,79344,4.899514090947,14837,51162,2,1,20983,72355,5,2
2122,2837766157,2839575005,1808848,6.257402074027,20983,72355,5,2,14842,51179,9,1
2123,2839575005,2841126965,1551960,6.190880523621,14842,51179,9,1,14846,51193,3,1
2124,2841126965,2841534209,407244,5.609854694488,14846,51193,3,1,20997,72403,13,2
2125,2841534209,2842631945,1097736,6.040497907028,20997,72403,13,2,21001,72417,7,2
2126,2842631945,2843016301,384356,5.584733665024,21001,72417,7,2,14851,51210,10,1
2127,2843016301,2843729893,713592,5.853449972569,14851,51210,10,1,21005,72431,1,2
2128,2843729893,2844569201,839308,5.923921362681,21005,72431,1,2,14855,51224,4,1
2129,2844569201,2847501901,2932700,6.467267639180,14855,51224,4,1,21019,72479,9,2
2130,2847501901,2848013521,511620,5.708947513367,21019,72479,9,2,14864,51255,5,1
2131,2848013521,2848600789,587268,5.768836336954,14864,51255,5,1,21023,72493,3,2
2132,2848600789,2851459925,2859136,6.456234813856,21023,72493,3,2,14873,51286,6,1
2133,2851459925,2852376025,916100,5.961942883141,14873,51286,6,1,21037,72541,11,2
2134,2852376025,2853475853,1099828,6.041324771984,21037,72541,11,2,21041,72555,5,2
2135,2853475853,2856464557,2988704,6.475482904824,21041,72555,5,2,14886,51331,1,1
2136,2856464557,2857254317,789760,5.897495133681,14886,51331,1,1,21055,72603,13,2
2137,2857254317,2858355085,1100768,6.041695795868,21055,72603,13,2,21059,72617,7,2
2138,2858355085,2858358985,3900,3.591064607026,21059,72617,7,2,14891,51348,8,1
2139,2858358985,2859456065,1097080,6.040238297850,14891,51348,8,1,21063,72631,1,2
2140,2859456065,2859916069,460004,5.662761608139,21063,72631,1,2,14895,51362,2,1
2141,2859916069,2861811641,1895572,6.277740284995,14895,51362,2,1,14900,51379,9,1
2142,2861811641,2863238485,1426844,6.154376493337,14900,51379,9,1,21077,72679,9,2
2143,2863238485,2865266381,2027896,6.307045678578,21077,72679,9,2,14909,51410,10,1
2144,2865266381,2866825345,1558964,6.192836086464,14909,51410,10,1,14913,51424,4,1
2145,2866825345,2868126053,1300708,6.114179811379,14913,51424,4,1,21095,72741,11,2
2146,2868126053,2869228913,1102860,6.042520385435,21095,72741,11,2,21099,72755,5,2
2147,2869228913,2870283109,1054196,6.022921364012,21099,72755,5,2,14922,51455,5,1
2148,2870283109,2873017789,2734680,6.436906514448,14922,51455,5,1,21113,72803,13,2
2149,2873017789,2874121589,1103800,6.042890389729,21113,72803,13,2,21117,72817,7,2
2150,2874121589,2875225601,1104012,6.042973793960,21117,72817,7,2,21121,72831,1,2
2151,2875225601,2877204889,1979288,6.296508991635,21121,72831,1,2,14940,51517,7,1
2152,2877204889,2878767097,1562208,6.193738857479,14940,51517,7,1,14944,51531,1,1
2153,2878767097,2880123385,1356288,6.132351919273,14944,51531,1,1,21139,72893,3,2
2154,2880123385,2880668905,545520,5.736810677437,21139,72893,3,2,14949,51548,8,1
2155,2880668905,2882232053,1563148,6.194000099286,14949,51548,8,1,14953,51562,2,1
2156,2882232053,2885025337,2793284,6.446115093726,14953,51562,2,1,21157,72955,5,2
2157,2885025337,2885699093,673756,5.828502645735,21157,72955,5,2,14962,51593,3,1
2158,2885699093,2887603189,1904096,6.279688840697,14962,51593,3,1,14967,51610,10,1
2159,2887603189,2888824625,1221436,6.086870716029,14967,51610,10,1,21171,73003,13,2
2160,2888824625,2889168217,343592,5.536043043412,21171,73003,13,2,14971,51624,4,1
2161,2889168217,2891038501,1870284,6.271907558551,14971,51624,4,1,21179,73031,1,2
2162,2891038501,2894841745,3803244,6.580154188797,21179,73031,1,2,21193,73079,9,2
2163,2894841745,2895949729,1107984,6.044533488947,21193,73079,9,2,21197,73093,3,2
2164,2895949729,2896112717,162988,5.212155630627,21197,73093,3,2,14989,51686,6,1
2165,2896112717,2899588093,3475376,6.541001797672,14989,51686,6,1,14998,51717,7,1
2166,2899588093,2899756201,168108,5.225588381335,14998,51717,7,1,21211,73141,11,2
2167,2899756201,2901156365,1400164,6.146178907195,21211,73141,11,2,15002,51731,1,1
2168,2901156365,2903065553,1909188,6.280848695991,15002,51731,1,1,15007,51748,8,1
2169,2903065553,2904634765,1569212,6.195681620585,15007,51748,8,1,15011,51762,2,1
2170,2904634765,2905784689,1149924,6.060669138205,15011,51762,2,1,21233,73217,7,2
2171,2905784689,2906545097,760408,5.881046677285,21233,73217,7,2,15016,51779,9,1
2172,2906545097,2906894765,349668,5.543655889503,15016,51779,9,1,21237,73231,1,2
2173,2906894765,2908115249,1220484,6.086532090384,21237,73231,1,2,15020,51793,3,1
2174,2908115249,2910708421,2593172,6.413831323624,15020,51793,3,1,21251,73279,9,2
2175,2910708421,2911597817,889396,5.949095171906,21251,73279,9,2,15029,51824,4,1
2176,2911597817,2915082469,3484652,6.542159413130,15029,51824,4,1,15038,51855,5,1
2177,2915082469,2915636321,553852,5.743393728320,15038,51855,5,1,21269,73341,11,2
2178,2915636321,2916748277,1111956,6.046087602592,21269,73341,11,2,21273,73355,5,2
2179,2916748277,2918569205,1820928,6.260292774010,21273,73355,5,2,15047,51886,6,1
2180,2918569205,2920568389,1999184,6.300852767358,15047,51886,6,1,21287,73403,13,2
2181,2920568389,2921681285,1112896,6.046454581463,21287,73403,13,2,21291,73417,7,2
2182,2921681285,2922058025,376740,5.576041733442,21291,73417,7,2,15056,51917,7,1
2183,2922058025,2922794393,736368,5.867094907310,15056,51917,7,1,21295,73431,1,2
2184,2922794393,2923632361,837968,5.923227434276,21295,73431,1,2,15060,51931,1,1
2185,2923632361,2925548929,1916568,6.282524232670,15060,51931,1,1,15065,51948,8,1
2186,2925548929,2927124205,1575276,6.197356656396,15065,51948,8,1,15069,51962,2,1
2187,2927124205,2927732509,608304,5.784120672245,15069,51962,2,1,21313,73493,3,2
2188,2927732509,2929041917,1309408,6.117074989973,21313,73493,3,2,15074,51979,9,1
2189,2929041917,2931559805,2517888,6.401036408034,15074,51979,9,1,21327,73541,11,2
2190,2931559805,2932536989,977184,5.989976347404,21327,73541,11,2,15083,52010,10,1
2191,2932536989,2932674793,137804,5.139261823905,15083,52010,10,1,21331,73555,5,2
2192,2932674793,2934114145,1439352,6.158167015593,21331,73555,5,2,15087,52024,4,1
2193,2934114145,2936505317,2391172,6.378610816586,15087,52024,4,1,21345,73603,13,2
2194,2936505317,2937612241,1106924,6.044117803793,21345,73603,13,2,15096,52055,5,1
2195,2937612241,2937621245,9004,3.954435486328,15096,52055,5,1,21349,73617,7,2
2196,2937621245,2938737385,1116140,6.047718672571,21349,73617,7,2,21353,73631,1,2
2197,2938737385,2942571865,3834480,6.583706476905,21353,73631,1,2,21367,73679,9,2
2198,2942571865,2943688945,1117080,6.048084276351,21367,73679,9,2,21371,73693,3,2
2199,2943688945,2944614685,925740,5.966489029424,21371,73693,3,2,15114,52117,7,1
2200,2944614685,2946195085,1580400,6.198767021009,15114,52117,7,1,15118,52131,1,1
2201,2946195085,2947526653,1331568,6.124363349724,15118,52131,1,1,21385,73741,11,2
2202,2947526653,2948119033,592380,5.772600387398,21385,73741,11,2,15123,52148,8,1
2203,2948119033,2948644673,525640,5.720688406625,15123,52148,8,1,21389,73755,5,2
2204,2948644673,2949700373,1055700,6.023540521555,21389,73755,5,2,15127,52162,2,1
2205,2949700373,2952485609,2785236,6.444861999925,15127,52162,2,1,21403,73803,13,2
2206,2952485609,2953207745,722136,5.858618996029,21403,73803,13,2,15136,52193,3,1
2207,2953207745,2953604569,396824,5.598597930499,15136,52193,3,1,21407,73817,7,2
2208,2953604569,2954723741,1119172,6.048896836225,21407,73817,7,2,21411,73831,1,2
2209,2954723741,2955133981,410240,5.613038003503,21411,73831,1,2,15141,52210,10,1
2210,2955133981,2956717201,1583220,6.199541267451,15141,52210,10,1,15145,52224,4,1
2211,2956717201,2958568633,1851432,6.267507765769,15145,52224,4,1,21425,73879,9,2
2212,2958568633,2960228741,1660108,6.220136342425,21425,73879,9,2,15154,52255,5,1
2213,2960228741,2963536865,3308124,6.519581780054,15154,52255,5,1,21443,73941,11,2
2214,2963536865,2963742365,205500,5.312811826212,21443,73941,11,2,15163,52286,6,1
2215,2963742365,2964657917,915552,5.961683015674,15163,52286,6,1,21447,73955,5,2
2216,2964657917,2967258073,2600156,6.414999404858,21447,73955,5,2,15172,52317,7,1
2217,2967258073,2968509265,1251192,6.097323958888,15172,52317,7,1,21461,74003,13,2
2218,2968509265,2968844537,335272,5.525397285152,21461,74003,13,2,15176,52331,1,1
2219,2968844537,2969631257,786720,5.895820190946,15176,52331,1,1,21465,74017,7,2
2220,2969631257,2970753461,1122204,6.050071812376,21465,74017,7,2,21469,74031,1,2
2221,2970753461,2970775865,22404,4.350325563997,21469,74031,1,2,15181,52348,8,1
2222,2970775865,2972363269,1587404,6.200687470322,15181,52348,8,1,15185,52362,2,1
2223,2972363269,2974295741,1932472,6.286113210050,15185,52362,2,1,15190,52379,9,1
2224,2974295741,2975731909,1436168,6.157205245760,15190,52379,9,1,21487,74093,3,2
2225,2975731909,2975884085,152176,5.182346164330,21487,74093,3,2,15194,52393,3,1
2226,2975884085,2977817701,1933616,6.286370231050,15194,52393,3,1,15199,52410,10,1
2227,2977817701,2979406985,1589284,6.201201511186,15199,52410,10,1,15203,52424,4,1
2228,2979406985,2979590441,183456,5.263531920095,15203,52424,4,1,21501,74141,11,2
2229,2979590441,2982931969,3341528,6.523945104602,21501,74141,11,2,15212,52455,5,1
2230,2982931969,2984576285,1644316,6.215985282710,15212,52455,5,1,21519,74203,13,2
2231,2984576285,2985701309,1125024,6.051161787298,21519,74203,13,2,21523,74217,7,2
2232,2985701309,2986459037,757728,5.879513335845,21523,74217,7,2,15221,52486,6,1
2233,2986459037,2986826545,367508,5.565266797347,15221,52486,6,1,21527,74231,1,2
2234,2986826545,2989988189,3161644,6.499912966944,21527,74231,1,2,15230,52517,7,1
2235,2989988189,2990692261,704072,5.847617073352,15230,52517,7,1,21541,74279,9,2
2236,2990692261,2991580717,888456,5.948635924623,21541,74279,9,2,15234,52531,1,1
2237,2991580717,2991818437,237720,5.376065721586,15234,52531,1,1,21545,74293,3,2
2238,2991818437,2993519425,1700988,6.230701249796,21545,74293,3,2,15239,52548,8,1
2239,2993519425,2995112893,1593468,6.202343346402,15239,52548,8,1,15243,52562,2,1
2240,2995112893,2995687381,574488,5.759280961504,15243,52562,2,1,21559,74341,11,2
2241,2995687381,2996814497,1127116,6.051968614864,21559,74341,11,2,21563,74355,5,2
2242,2996814497,2997052745,238248,5.377029263591,21563,74355,5,2,15248,52579,9,1
2243,2997052745,3000588149,3535404,6.548439048952,15248,52579,9,1,15257,52610,10,1
2244,3000588149,3000686669,98520,4.993524403167,15257,52610,10,1,21577,74403,13,2
2245,3000686669,3002183497,1496828,6.175171898578,21577,74403,13,2,15261,52624,4,1
2246,3002183497,3002942993,759496,5.880525490928,15261,52624,4,1,21585,74431,1,2
2247,3002942993,3006819121,3876128,6.588398110168,21585,74431,1,2,21599,74479,9,2
2248,3006819121,3011827685,5008564,6.699713227610,21599,74479,9,2,21617,74541,11,2
2249,3011827685,3012957833,1130148,6.053135320806,21617,74541,11,2,21621,74555,5,2
2250,3012957833,3014403625,1445792,6.160105817336,21621,74555,5,2,15292,52731,1,1
2251,3014403625,3016349713,1946088,6.289162474704,15292,52731,1,1,15297,52748,8,1
2252,3016349713,3016840417,490704,5.690819598170,15297,52748,8,1,21635,74603,13,2
2253,3016840417,3017949245,1108828,6.044864184162,21635,74603,13,2,15301,52762,2,1
2254,3017949245,3017971505,22260,4.347525159999,15301,52762,2,1,21639,74617,7,2
2255,3017971505,3019102805,1131300,6.053577787125,21639,74617,7,2,21643,74631,1,2
2256,3019102805,3021496949,2394144,6.379150268261,21643,74631,1,2,15310,52793,3,1
2257,3021496949,3024121585,2624636,6.419069081398,15310,52793,3,1,21661,74693,3,2
2258,3024121585,3025046737,925152,5.966213092023,21661,74693,3,2,15319,52824,4,1
2259,3025046737,3028011353,2964616,6.471968448162,15319,52824,4,1,21675,74741,11,2
2260,3028011353,3028598609,587256,5.768827462663,21675,74741,11,2,15328,52855,5,1
2261,3028598609,3029144533,545924,5.737132187251,15328,52855,5,1,21679,74755,5,2
2262,3029144533,3032152565,3008032,6.478282452049,21679,74755,5,2,15337,52886,6,1
2263,3032152565,3033037529,884964,5.946925604122,15337,52886,6,1,21693,74803,13,2
2264,3033037529,3034171649,1134120,6.054659009213,21693,74803,13,2,21697,74817,7,2
2265,3034171649,3035305981,1134332,6.054740183892,21697,74817,7,2,21701,74831,1,2
2266,3035305981,3035708605,402624,5.604899659169,21701,74831,1,2,15346,52917,7,1
2267,3035708605,3037313261,1604656,6.205381944333,15346,52917,7,1,15350,52931,1,1
2268,3037313261,3039202933,1889672,6.276386428008,15350,52931,1,1,21715,74879,9,2
2269,3039202933,3039266729,63796,4.804793449373,21715,74879,9,2,15355,52948,8,1
2270,3039266729,3040338205,1071476,6.029982447721,15355,52948,8,1,21719,74893,3,2
2271,3040338205,3040872325,534120,5.727638840330,21719,74893,3,2,15359,52962,2,1
2272,3040872325,3042826937,1954612,6.291060560718,15359,52962,2,1,15364,52979,9,1
2273,3042826937,3044238385,1411448,6.149664882675,15364,52979,9,1,21733,74941,11,2
2274,3044238385,3044433473,195088,5.290230556457,21733,74941,11,2,15368,52993,3,1
2275,3044433473,3045374597,941124,5.973646848685,15368,52993,3,1,21737,74955,5,2
2276,3045374597,3046389229,1014632,6.006308555206,21737,74955,5,2,15373,53010,10,1
2277,3046389229,3047996705,1607476,6.206144497524,15373,53010,10,1,15377,53024,4,1
2278,3047996705,3049278005,1281300,6.107650826146,15377,53024,4,1,21751,75003,13,2
2279,3049278005,3050415157,1137152,6.055818519524,21751,75003,13,2,21755,75017,7,2
2280,3050415157,3051552521,1137364,6.055899477786,21755,75017,7,2,21759,75031,1,2
2281,3051552521,3051562021,9500,3.977723605289,21759,75031,1,2,15386,53055,5,1
2282,3051562021,3054321793,2759772,6.440873204083,15386,53055,5,1,21769,75065,15,2
2283,3054321793,3055129421,807628,5.907211367273,21769,75065,15,2,15395,53086,6,1
2284,3055129421,3055459885,330464,5.519124155341,15395,53086,6,1,21773,75079,9,2
2285,3055459885,3058698905,3239020,6.510413629660,21773,75079,9,2,15404,53117,7,1
2286,3058698905,3060309625,1610720,6.207020051267,15404,53117,7,1,15408,53131,1,1
2287,3060309625,3062270473,1960848,6.292443929558,15408,53131,1,1,15413,53148,8,1
2288,3062270473,3063882133,1611660,6.207273427234,15413,53148,8,1,15417,53162,2,1
2289,3063882133,3065561845,1679712,6.225234824861,15417,53162,2,1,21809,75203,13,2
2290,3065561845,3065844125,282280,5.450680108762,21809,75203,13,2,15422,53179,9,1
2291,3065844125,3066702029,857904,5.933438692740,15422,53179,9,1,21813,75217,7,2
2292,3066702029,3067842425,1140396,6.057055685329,21813,75217,7,2,21817,75231,1,2
2293,3067842425,3069419861,1577436,6.197951748004,21817,75231,1,2,15431,53210,10,1
2294,3069419861,3070619077,1199216,6.078897414258,15431,53210,10,1,21827,75265,15,2
2295,3070619077,3071033401,414324,5.617340090831,21827,75265,15,2,15435,53224,4,1
2296,3071033401,3072901537,1868136,6.271408489613,15435,53224,4,1,21835,75293,3,2
2297,3072901537,3074612161,1710624,6.233154560874,21835,75293,3,2,15444,53255,5,1
2298,3074612161,3076822541,2210380,6.344466942335,15444,53255,5,1,21849,75341,11,2
2299,3076822541,3077964817,1142276,6.057771052066,21849,75341,11,2,21853,75355,5,2
2300,3077964817,3081775933,3811116,6.581052167716,21853,75355,5,2,15462,53317,7,1
2301,3081775933,3081889049,113116,5.053524039234,15462,53317,7,1,21867,75403,13,2
2302,3081889049,3083032265,1143216,6.058128294040,21867,75403,13,2,21871,75417,7,2
2303,3083032265,3083392717,360452,5.556847439588,21871,75417,7,2,15466,53331,1,1
2304,3083392717,3084175693,782976,5.893748450146,15466,53331,1,1,21875,75431,1,2
2305,3084175693,3085360945,1185252,6.073810696822,21875,75431,1,2,15471,53348,8,1
2306,3085360945,3086978669,1617724,6.208904428586,15471,53348,8,1,15475,53362,2,1
2307,3086978669,3088103881,1125212,6.051234355120,15475,53362,2,1,21889,75479,9,2
2308,3088103881,3089248249,1144368,6.058565705112,21889,75479,9,2,21893,75493,3,2
2309,3089248249,3090566705,1318456,6.120065640936,21893,75493,3,2,15484,53393,3,1
2310,3090566705,3092537221,1970516,6.294579965557,15484,53393,3,1,15489,53410,10,1
2311,3092537221,3093179665,642444,5.807835277449,15489,53410,10,1,21907,75541,11,2
2312,3093179665,3094156825,977160,5.989965680840,21907,75541,11,2,15493,53424,4,1
2313,3094156825,3094324973,168148,5.225691706060,15493,53424,4,1,21911,75555,5,2
2314,3094324973,3097749029,3424056,6.534540858894,21911,75555,5,2,15502,53455,5,1
2315,3097749029,3098259617,510588,5.708070603662,15502,53455,5,1,21925,75603,13,2
2316,3098259617,3099405865,1146248,6.059278590912,21925,75603,13,2,21929,75617,7,2
2317,3099405865,3100552325,1146460,6.059358906792,21929,75617,7,2,21933,75631,1,2
2318,3100552325,3101343317,790992,5.898172091117,21933,75631,1,2,15511,53486,6,1
2319,3101343317,3103343737,2000420,6.301121187930,15511,53486,6,1,21943,75665,15,2
2320,3103343737,3104490925,1147188,6.059634595471,21943,75665,15,2,21947,75679,9,2
2321,3104490925,3104939689,448764,5.652018010395,21947,75679,9,2,15520,53517,7,1
2322,3104939689,3106562537,1622848,6.210277844624,15520,53517,7,1,15524,53531,1,1
2323,3106562537,3108538145,1975608,6.295700776119,15524,53531,1,1,15529,53548,8,1
2324,3108538145,3109580153,1042008,6.017871053265,15529,53548,8,1,21965,75741,11,2
2325,3109580153,3110161933,581780,5.764758787315,21965,75741,11,2,15533,53562,2,1
2326,3110161933,3110728493,566560,5.753245909414,15533,53562,2,1,21969,75755,5,2
2327,3110728493,3112138685,1410192,6.149278246601,21969,75755,5,2,15538,53579,9,1
2328,3112138685,3113763413,1624728,6.210780665015,15538,53579,9,1,15542,53593,3,1
2329,3113763413,3115741309,1977896,6.296203452168,15542,53593,3,1,15547,53610,10,1
2330,3115741309,3116972321,1231012,6.090262286488,15547,53610,10,1,21991,75831,1,2
2331,3116972321,3117366977,394656,5.596218709820,21991,75831,1,2,15551,53624,4,1
2332,3117366977,3119771113,2404136,6.380959031708,15551,53624,4,1,22001,75865,15,2
2333,3119771113,3122071765,2300652,6.361850931615,22001,75865,15,2,22009,75893,3,2
2334,3122071765,3124580357,2508592,6.399430032954,22009,75893,3,2,15569,53686,6,1
2335,3124580357,3126024005,1443648,6.159461313529,15569,53686,6,1,22023,75941,11,2
2336,3126024005,3127175377,1151372,6.061215663721,22023,75941,11,2,22027,75955,5,2
2337,3127175377,3128190173,1014796,6.006378746704,22027,75955,5,2,15578,53717,7,1
2338,3128190173,3129819085,1628912,6.211897622708,15578,53717,7,1,15582,53731,1,1
2339,3129819085,3131130845,1311760,6.117854383660,15582,53731,1,1,22041,76003,13,2
2340,3131130845,3131802073,671228,5.826870064614,22041,76003,13,2,15587,53748,8,1
2341,3131802073,3132283157,481084,5.682220913279,15587,53748,8,1,22045,76017,7,2
2342,3132283157,3133431925,1148768,6.060232329390,22045,76017,7,2,15591,53762,2,1
2343,3133431925,3133435681,3756,3.574725583594,15591,53762,2,1,22049,76031,1,2
2344,3133435681,3135416057,1980376,6.296747654515,22049,76031,1,2,15596,53779,9,1
2345,3135416057,3137395105,1979048,6.296456327750,15596,53779,9,1,22063,76079,9,2
2346,3137395105,3138548569,1153464,6.062004044592,22063,76079,9,2,22067,76093,3,2
2347,3138548569,3140663857,2115288,6.325369505657,22067,76093,3,2,15609,53824,4,1
2348,3140663857,3142511221,1847364,6.266552476175,15609,53824,4,1,22081,76141,11,2
2349,3142511221,3144282949,1771728,6.248397048721,22081,76141,11,2,15618,53855,5,1
2350,3144282949,3147631505,3348556,6.524857566312,15618,53855,5,1,22099,76203,13,2
2351,3147631505,3148786849,1155344,6.062711313283,22099,76203,13,2,22103,76217,7,2
2352,3148786849,3149942405,1155556,6.062790996896,22103,76217,7,2,22107,76231,1,2
2353,3149942405,3151527385,1584980,6.200023786463,22107,76231,1,2,15636,53917,7,1
2354,3151527385,3152755957,1228572,6.089400613227,15636,53917,7,1,22117,76265,15,2
2355,3152755957,3153162361,406404,5.608957973807,22117,76265,15,2,15640,53931,1,1
2356,3153162361,3153912241,749880,5.874991770715,15640,53931,1,1,22121,76279,9,2
2357,3153912241,3155152729,1240488,6.093592567432,22121,76279,9,2,15645,53948,8,1
2358,3155152729,3156788645,1635916,6.213761000024,15645,53948,8,1,15649,53962,2,1
2359,3156788645,3159041801,2253156,6.352791261672,15649,53962,2,1,22139,76341,11,2
2360,3159041801,3160199237,1157436,6.063496986199,22139,76341,11,2,22143,76355,5,2
2361,3160199237,3160417013,217776,5.338010016642,22143,76355,5,2,15658,53993,3,1
2362,3160417013,3162409669,1992656,6.299432331216,15658,53993,3,1,15663,54010,10,1
2363,3162409669,3164047465,1637796,6.214259806099,15663,54010,10,1,15667,54024,4,1
2364,3164047465,3164175529,128064,5.107427062620,15667,54024,4,1,22157,76403,13,2
2365,3164175529,3165333905,1158376,6.063849550946,22157,76403,13,2,22161,76417,7,2
2366,3165333905,3166492493,1158588,6.063929026009,22161,76417,7,2,22165,76431,1,2
2367,3166492493,3167680001,1187508,6.074636544060,22165,76431,1,2,15676,54055,5,1
2368,3167680001,3171314621,3634620,6.560459012023,15676,54055,5,1,15685,54086,6,1
2369,3171314621,3171632269,317648,5.501946125241,15685,54086,6,1,22183,76493,3,2
2370,3171632269,3175615745,3983476,6.600262204934,22183,76493,3,2,22197,76541,11,2
2371,3175615745,3176592365,976620,5.989725613866,22197,76541,11,2,15698,54131,1,1
2372,3176592365,3176776213,183848,5.264458909736,15698,54131,1,1,22201,76555,5,2
2373,3176776213,3178590113,1813900,6.258613340803,22201,76555,5,2,15703,54148,8,1
2374,3178590113,3180232093,1641980,6.215367862928,15703,54148,8,1,15707,54162,2,1
2375,3180232093,3180762917,530824,5.724950550274,15707,54162,2,1,22215,76603,13,2
2376,3180762917,3181924325,1161408,6.064984813211,22215,76603,13,2,22219,76617,7,2
2377,3181924325,3182230985,306660,5.486657131339,22219,76617,7,2,15712,54179,9,1
2378,3182230985,3183085945,854960,5.931945796382,15712,54179,9,1,22223,76631,1,2
2379,3183085945,3183873905,787960,5.896504171525,22223,76631,1,2,15716,54193,3,1
2380,3183873905,3185873941,2000036,6.301037812894,15716,54193,3,1,15721,54210,10,1
2381,3185873941,3187076605,1202664,6.080144311190,15721,54210,10,1,22237,76679,9,2
2382,3187076605,3187517801,441196,5.644631566357,22237,76679,9,2,15725,54224,4,1
2383,3187517801,3188239165,721364,5.858154464859,15725,54224,4,1,22241,76693,3,2
2384,3188239165,3191163781,2924616,6.466068851605,22241,76693,3,2,15734,54255,5,1
2385,3191163781,3192233053,1069272,6.029088194520,15734,54255,5,1,22255,76741,11,2
2386,3192233053,3193396553,1163500,6.065766387623,22255,76741,11,2,22259,76755,5,2
2387,3193396553,3194811845,1415292,6.150846051808,22259,76755,5,2,15743,54286,6,1
2388,3194811845,3197393669,2581824,6.411926633580,15743,54286,6,1,22273,76803,13,2
2389,3197393669,3198461993,1068324,6.028702984970,22273,76803,13,2,15752,54317,7,1
2390,3198461993,3198558109,96116,4.982795688744,15752,54317,7,1,22277,76817,7,2
2391,3198558109,3199722761,1164652,6.066196176815,22277,76817,7,2,22281,76831,1,2
2392,3199722761,3200109097,386336,5.586965178952,22281,76831,1,2,15756,54331,1,1
2393,3200109097,3202114225,2005128,6.302142101604,15756,54331,1,1,15761,54348,8,1
2394,3202114225,3202558453,444228,5.647605928959,15761,54348,8,1,22291,76865,15,2
2395,3202558453,3203723833,1165380,6.066467560550,22291,76865,15,2,22295,76879,9,2
2396,3203723833,3203762269,38436,4.584738184711,22295,76879,9,2,15765,54362,2,1
2397,3203762269,3205768541,2006272,6.302389812080,15765,54362,2,1,15770,54379,9,1
2398,3205768541,3208893725,3125184,6.494875592186,15770,54379,9,1,22313,76941,11,2
2399,3208893725,3209424941,531216,5.725271147322,22313,76941,11,2,15779,54410,10,1
2400,3209424941,3210060257,635316,5.802989792883,15779,54410,10,1,22317,76955,5,2
2401,3210060257,3211074865,1014608,6.006298282328,22317,76955,5,2,15783,54424,4,1
2402,3211074865,3214067785,2992920,6.476095108413,15783,54424,4,1,22331,77003,13,2
2403,3214067785,3214734289,666504,5.823802760161,22331,77003,13,2,15792,54455,5,1
2404,3214734289,3215235257,500968,5.699809985613,15792,54455,5,1,22335,77017,7,2
2405,3215235257,3216402941,1167684,6.067325329399,22335,77017,7,2,22339,77031,1,2
2406,3216402941,3219246013,2843072,6.453787858216,22339,77031,1,2,22349,77065,15,2
2407,3219246013,3221583049,2337036,6.368665402371,22349,77065,15,2,22357,77093,3,2
2408,3221583049,3222059389,476340,5.677917052328,22357,77093,3,2,15810,54517,7,1
2409,3222059389,3223712557,1653168,6.218316990151,15810,54517,7,1,15814,54531,1,1
2410,3223712557,3225597761,1885204,6.275358352569,15814,54531,1,1,22371,77141,11,2
2411,3225597761,3225725065,127304,5.104842049770,22371,77141,11,2,15819,54548,8,1
2412,3225725065,3227379173,1654108,6.218563862092,15819,54548,8,1,15823,54562,2,1
2413,3227379173,3230785265,3406092,6.532256374264,15823,54562,2,1,22389,77203,13,2
2414,3230785265,3231047873,262608,5.419307952153,22389,77203,13,2,15832,54593,3,1
2415,3231047873,3233062669,2014796,6.304231079976,15832,54593,3,1,15837,54610,10,1
2416,3233062669,3233126485,63816,4.804929579043,15837,54610,10,1,22397,77231,1,2
2417,3233126485,3234718657,1592172,6.201989982130,22397,77231,1,2,15841,54624,4,1
2418,3234718657,3237148381,2429724,6.385556943522,15841,54624,4,1,22411,77279,9,2
2419,3237148381,3238320037,1171656,6.068800120870,22411,77279,9,2,22415,77293,3,2
2420,3238320037,3242066477,3746440,6.573618781675,22415,77293,3,2,15859,54686,6,1
2421,3242066477,3243517757,1451280,6.161751210318,15859,54686,6,1,22433,77355,5,2
2422,3243517757,3245743513,2225756,6.347477552783,22433,77355,5,2,15868,54717,7,1
2423,3245743513,3247402745,1659232,6.219907114943,15868,54717,7,1,15872,54731,1,1
2424,3247402745,3247546109,143364,5.156440109741,15872,54731,1,1,22447,77403,13,2
2425,3247546109,3248719645,1173536,6.069496416782,22447,77403,13,2,22451,77417,7,2
2426,3248719645,3249422633,702988,5.846947911679,22451,77417,7,2,15877,54748,8,1
2427,3249422633,3249893393,470760,5.672799554177,15877,54748,8,1,22455,77431,1,2
2428,3249893393,3251082805,1189412,6.075332315791,22455,77431,1,2,15881,54762,2,1
2429,3251082805,3253103837,2021032,6.305573189969,15881,54762,2,1,15886,54779,9,1
2430,3253103837,3253925701,821864,5.914799957520,15886,54779,9,1,22469,77479,9,2
2431,3253925701,3254764949,839248,5.923890314960,22469,77479,9,2,15890,54793,3,1
2432,3254764949,3258449177,3684228,6.566346498853,15890,54793,3,1,15899,54824,4,1
2433,3258449177,3259135925,686748,5.836797403309,15899,54824,4,1,22487,77541,11,2
2434,3259135925,3260311553,1175628,6.070269921141,22487,77541,11,2,22491,77555,5,2
2435,3260311553,3262135489,1823936,6.261009595322,22491,77555,5,2,15908,54855,5,1
2436,3262135489,3264350317,2214828,6.345340005254,15908,54855,5,1,22505,77603,13,2
2437,3264350317,3265526885,1176568,6.070617032380,22505,77603,13,2,22509,77617,7,2
2438,3265526885,3265823885,297000,5.472756449317,22509,77617,7,2,15917,54886,6,1
2439,3265823885,3266703665,879780,5.944374084956,15917,54886,6,1,22513,77631,1,2
2440,3266703665,3269514365,2810700,6.448814493670,22513,77631,1,2,15926,54917,7,1
2441,3269514365,3269568877,54512,4.736492116224,15926,54917,7,1,22523,77665,15,2
2442,3269568877,3271179661,1610784,6.207037307087,22523,77665,15,2,15930,54931,1,1
2443,3271179661,3271924105,744444,5.871832033981,15930,54931,1,1,22531,77693,3,2
2444,3271924105,3273206929,1282824,6.108167076428,22531,77693,3,2,15935,54948,8,1
2445,3273206929,3274873165,1666236,6.221736513421,15935,54948,8,1,15939,54962,2,1
2446,3274873165,3275970053,1096888,6.040162285309,15939,54962,2,1,22545,77741,11,2
2447,3275970053,3276901577,931524,5.969194048640,22545,77741,11,2,15944,54979,9,1
2448,3276901577,3277148713,247136,5.392936013158,15944,54979,9,1,22549,77755,5,2
2449,3277148713,3280598309,3449596,6.537768235582,22549,77755,5,2,15953,55010,10,1
2450,3280598309,3281197889,599580,5.777847137794,15953,55010,10,1,22563,77803,13,2
2451,3281197889,3282266425,1068536,6.028789158543,22563,77803,13,2,15957,55024,4,1
2452,3282266425,3282377489,111064,5.045573310651,15957,55024,4,1,22567,77817,7,2
2453,3282377489,3283557301,1179812,6.071812809113,22567,77817,7,2,22571,77831,1,2
2454,3283557301,3284297125,739824,5.869128415785,22571,77831,1,2,15962,55041,11,1
2455,3284297125,3285966181,1669056,6.222470908329,15962,55041,11,1,15966,55055,5,1
2456,3285966181,3287610433,1644252,6.215968378789,15966,55055,5,1,22585,77879,9,2
2457,3287610433,3288791185,1180752,6.072158689873,22585,77879,9,2,22589,77893,3,2
2458,3288791185,3292847545,4056360,6.608136491462,22589,77893,3,2,22603,77941,11,2
2459,3292847545,3293371945,524400,5.719662683018,22603,77941,11,2,15984,55117,7,1
2460,3293371945,3294029237,657292,5.817758346449,15984,55117,7,1,22607,77955,5,2
2461,3294029237,3295043305,1014068,6.006067078306,22607,77955,5,2,15988,55131,1,1
2462,3295043305,3297077953,2034648,6.308489285856,15988,55131,1,1,15993,55148,8,1
2463,3297077953,3298088825,1010872,6.004696167250,15993,55148,8,1,22621,78003,13,2
2464,3298088825,3298750253,661428,5.820482575803,22621,78003,13,2,15997,55162,2,1
2465,3298750253,3299271457,521204,5.717007740063,15997,55162,2,1,22625,78017,7,2
2466,3299271457,3300454301,1182844,6.072927471250,22625,78017,7,2,22629,78031,1,2
2467,3300454301,3302459285,2004984,6.302110911251,22629,78031,1,2,16006,55193,3,1
2468,3302459285,3303334273,874988,5.942002096943,16006,55193,3,1,22639,78065,15,2
2469,3303334273,3304496221,1161948,6.065186692755,22639,78065,15,2,16011,55210,10,1
2470,3304496221,3304517845,21624,4.334936032691,16011,55210,10,1,22643,78079,9,2
2471,3304517845,3306170401,1652556,6.218156185301,22643,78079,9,2,16015,55224,4,1
2472,3306170401,3308208481,2038080,6.309221227206,16015,55224,4,1,16020,55241,11,1
2473,3308208481,3309768401,1559920,6.193102326271,16020,55241,11,1,22661,78141,11,2
2474,3309768401,3309883601,115200,5.061452479087,22661,78141,11,2,16024,55255,5,1
2475,3309883601,3313598885,3715284,6.569992017267,16024,55255,5,1,16033,55286,6,1
2476,3313598885,3315023125,1424240,6.153583178833,16033,55286,6,1,22679,78203,13,2
2477,3315023125,3316208789,1185664,6.073961633699,22679,78203,13,2,22683,78217,7,2
2478,3316208789,3317316253,1107464,6.044329617644,22683,78217,7,2,16042,55317,7,1
2479,3317316253,3317394665,78412,4.894382531243,16042,55317,7,1,22687,78231,1,2
2480,3317394665,3318993677,1599012,6.203851722980,22687,78231,1,2,16046,55331,1,1
2481,3318993677,3320282017,1288340,6.110030490848,16046,55331,1,1,22697,78265,15,2
2482,3320282017,3321035705,753688,5.877191600617,22697,78265,15,2,16051,55348,8,1
2483,3321035705,3322655437,1619732,6.209443162352,16051,55348,8,1,22705,78293,3,2
2484,3322655437,3322714069,58632,4.768134708685,22705,78293,3,2,16055,55362,2,1
2485,3322714069,3324757241,2043172,6.310304928310,16055,55362,2,1,16060,55379,9,1
2486,3324757241,3326436545,1679304,6.225129322446,16060,55379,9,1,16064,55393,3,1
2487,3326436545,3326732621,296076,5.471403204789,16064,55393,3,1,22719,78341,11,2
2488,3326732621,3327920377,1187756,6.074727232954,22719,78341,11,2,22723,78355,5,2
2489,3327920377,3328480861,560484,5.748563219409,22723,78355,5,2,16069,55410,10,1
2490,3328480861,3330161105,1680244,6.225372353249,16069,55410,10,1,16073,55424,4,1
2491,3330161105,3332206565,2045460,6.310790991070,16073,55424,4,1,16078,55441,11,1
2492,3332206565,3333189485,982920,5.992518171980,16078,55441,11,1,22741,78417,7,2
2493,3333189485,3333887749,698264,5.844019651945,22741,78417,7,2,16082,55455,5,1
2494,3333887749,3334378393,490644,5.690766492302,16082,55455,5,1,22745,78431,1,2
2495,3334378393,3337616477,3238084,6.510288110712,22745,78431,1,2,16091,55486,6,1
2496,3337616477,3338462761,846284,5.927516130102,16091,55486,6,1,22759,78479,9,2
2497,3338462761,3339652609,1189848,6.075491484941,22759,78479,9,2,22763,78493,3,2
2498,3339652609,3343030777,3378168,6.528681243713,22763,78493,3,2,16104,55531,1,1
2499,3343030777,3343740205,709428,5.850908325390,16104,55531,1,1,22777,78541,11,2
2500,3343740205,3344930993,1190788,6.075834449455,22777,78541,11,2,22781,78555,5,2
2501,3344930993,3345080185,149192,5.173745535945,22781,78555,5,2,16109,55548,8,1
2502,3345080185,3346764613,1684428,6.226452452022,16109,55548,8,1,16113,55562,2,1
2503,3346764613,3348815165,2050552,6.311870787048,16113,55562,2,1,16118,55579,9,1
2504,3348815165,3349021817,206652,5.315239612786,16118,55579,9,1,22795,78603,13,2
2505,3349021817,3351405485,2383668,6.377245766249,22795,78603,13,2,22803,78631,1,2
2506,3351405485,3352552229,1146744,6.059466476492,22803,78631,1,2,16127,55610,10,1
2507,3352552229,3354238537,1686308,6.226936900350,16127,55610,10,1,16131,55624,4,1
2508,3354238537,3354307597,69060,4.839226574013,16131,55624,4,1,22813,78665,15,2
2509,3354307597,3355500265,1192668,6.076519567028,22813,78665,15,2,22817,78679,9,2
2510,3355500265,3356291377,791112,5.898237972169,22817,78679,9,2,16136,55641,11,1
2511,3356291377,3360791153,4499776,6.653190895023,16136,55641,11,1,22835,78741,11,2
2512,3360791153,3361984973,1193820,6.076938850328,22835,78741,11,2,22839,78755,5,2
2513,3361984973,3365465053,3480080,6.541589227613,22839,78755,5,2,16158,55717,7,1
2514,3365465053,3366086209,621156,5.793200684606,16158,55717,7,1,22853,78803,13,2
2515,3366086209,3367154605,1068396,6.028732253384,22853,78803,13,2,16162,55731,1,1
2516,3367154605,3367280969,126364,5.101623364862,16162,55731,1,1,22857,78817,7,2
2517,3367280969,3368475941,1194972,6.077357729227,22857,78817,7,2,22861,78831,1,2
2518,3368475941,3369211393,735452,5.866554333331,22861,78831,1,2,16167,55748,8,1
2519,3369211393,3370901885,1690492,6.228013119873,16167,55748,8,1,16171,55762,2,1
2520,3370901885,3371385433,483548,5.684439591347,16171,55762,2,1,22871,78865,15,2
2521,3371385433,3373777045,2391612,6.378690723842,22871,78865,15,2,22879,78893,3,2
2522,3373777045,3374651249,874204,5.941612789312,22879,78893,3,2,16180,55793,3,1
2523,3374651249,3377885465,3234216,6.509769021283,16180,55793,3,1,22893,78941,11,2
2524,3377885465,3378402697,517232,5.713685385879,22893,78941,11,2,16189,55824,4,1
2525,3378402697,3379082317,679620,5.832266150894,16189,55824,4,1,22897,78955,5,2
2526,3379082317,3380462917,1380600,6.140067869052,22897,78955,5,2,16194,55841,11,1
2527,3380462917,3382156229,1693312,6.228736986103,16194,55841,11,1,16198,55855,5,1
2528,3382156229,3383193965,1037736,6.016086883064,16198,55855,5,1,22911,79003,13,2
2529,3383193965,3384391757,1197792,6.078381408124,22911,79003,13,2,22915,79017,7,2
2530,3384391757,3385589761,1198004,6.078458268116,22915,79017,7,2,22919,79031,1,2
2531,3385589761,3385911845,322084,5.507969151134,22919,79031,1,2,16207,55886,6,1
2532,3385911845,3389669545,3757700,6.574922104784,16207,55886,6,1,16216,55917,7,1
2533,3389669545,3389705365,35820,4.554125581513,16216,55917,7,1,22933,79079,9,2
2534,3389705365,3390904309,1198944,6.078798898646,22933,79079,9,2,22937,79093,3,2
2535,3390904309,3391365161,460852,5.663561476576,22937,79093,3,2,16220,55931,1,1
2536,3391365161,3393429329,2064168,6.314745041067,16220,55931,1,1,16225,55948,8,1
2537,3393429329,3395023141,1593812,6.202437092356,16225,55948,8,1,22951,79141,11,2
2538,3395023141,3395125885,102744,5.011756469546,22951,79141,11,2,16229,55962,2,1
2539,3395125885,3397191197,2065312,6.314985668410,16229,55962,2,1,16234,55979,9,1
2540,3397191197,3398888693,1697496,6.229808759577,16234,55979,9,1,16238,55993,3,1
2541,3398888693,3400345085,1456392,6.163278284677,16238,55993,3,1,22969,79203,13,2
2542,3400345085,3400955149,610064,5.785375397943,22969,79203,13,2,16243,56010,10,1
2543,3400955149,3401545909,590760,5.771411081820,16243,56010,10,1,22973,79217,7,2
2544,3401545909,3402653585,1107676,6.044412745961,22973,79217,7,2,16247,56024,4,1
2545,3402653585,3402746945,93360,4.970160843037,16247,56024,4,1,22977,79231,1,2
2546,3402746945,3404721185,1974240,6.295399946885,22977,79231,1,2,16252,56041,11,1
2547,3404721185,3405671197,950012,5.977729091079,16252,56041,11,1,22987,79265,15,2
2548,3405671197,3406420561,749364,5.874692825431,22987,79265,15,2,16256,56055,5,1
2549,3406420561,3406872961,452400,5.655522596253,16256,56055,5,1,22991,79279,9,2
2550,3406872961,3410189621,3316660,6.520700953071,22991,79279,9,2,16265,56086,6,1
2551,3410189621,3412204181,2014560,6.304180206587,16265,56086,6,1,23009,79341,11,2
2552,3412204181,3413407097,1202916,6.080235301479,23009,79341,11,2,23013,79355,5,2
2553,3413407097,3413960765,553668,5.743249423593,23013,79355,5,2,16274,56117,7,1
2554,3413960765,3415662445,1701680,6.230877894585,16274,56117,7,1,16278,56131,1,1
2555,3415662445,3417539569,1877124,6.273492962412,16278,56131,1,1,23027,79403,13,2
2556,3417539569,3417733993,194424,5.288749873884,23027,79403,13,2,16283,56148,8,1
2557,3417733993,3418743425,1009432,6.004077068184,16283,56148,8,1,23031,79417,7,2
2558,3418743425,3419436613,693188,5.840851035896,23031,79417,7,2,16287,56162,2,1
2559,3419436613,3419947493,510880,5.708318901195,16287,56162,2,1,23035,79431,1,2
2560,3419947493,3421509305,1561812,6.193628755357,23035,79431,1,2,16292,56179,9,1
2561,3421509305,3425286701,3777396,6.577192516096,16292,56179,9,1,16301,56210,10,1
2562,3425286701,3425288929,2228,3.347915186502,16301,56210,10,1,23053,79493,3,2
2563,3425288929,3426991201,1702272,6.231028955667,23053,79493,3,2,16305,56224,4,1
2564,3426991201,3429066181,2074980,6.317013915057,16305,56224,4,1,16310,56241,11,1
2565,3429066181,3430634533,1568352,6.195443542086,16310,56241,11,1,23071,79555,5,2
2566,3430634533,3430771621,137088,5.136999440480,23071,79555,5,2,16314,56255,5,1
2567,3430771621,3434777417,4005796,6.602688828550,16314,56255,5,1,23085,79603,13,2
2568,3434777417,3435984305,1206888,6.081666969154,23085,79603,13,2,23089,79617,7,2
2569,3435984305,3437191405,1207100,6.081743249923,23089,79617,7,2,23093,79631,1,2
2570,3437191405,3438338713,1147308,6.059680021863,23093,79631,1,2,16332,56317,7,1
2571,3438338713,3440046457,1707744,6.232422768156,16332,56317,7,1,16336,56331,1,1
2572,3440046457,3441338245,1291788,6.111191245869,16336,56331,1,1,23107,79679,9,2
2573,3441338245,3442125385,787140,5.896051982448,23107,79679,9,2,16341,56348,8,1
2574,3442125385,3442546285,420900,5.624178925748,16341,56348,8,1,23111,79693,3,2
2575,3442546285,3443834069,1287784,6.109843024922,23111,79693,3,2,16345,56362,2,1
2576,3443834069,3446696353,2862284,6.456712722895,16345,56362,2,1,23125,79741,11,2
2577,3446696353,3447623765,927412,5.967272711034,23125,79741,11,2,16354,56393,3,1
2578,3447623765,3447905333,281568,5.449583296020,16354,56393,3,1,23129,79755,5,2
2579,3447905333,3449704981,1799648,6.255187568099,23129,79755,5,2,16359,56410,10,1
2580,3449704981,3451415545,1710564,6.233139327762,16359,56410,10,1,16363,56424,4,1
2581,3451415545,3452058629,643084,5.808267704423,16363,56424,4,1,23143,79803,13,2
2582,3452058629,3453268549,1209920,6.082756655682,23143,79803,13,2,23147,79817,7,2
2583,3453268549,3454478681,1210132,6.082832745312,23147,79817,7,2,23151,79831,1,2
2584,3454478681,3455209409,730728,5.863755748939,23151,79831,1,2,16372,56455,5,1
2585,3455209409,3457425073,2215664,6.345503901359,16372,56455,5,1,23161,79865,15,2
2586,3457425073,3458635933,1210860,6.083093932786,23161,79865,15,2,23165,79879,9,2
2587,3458635933,3459005357,369424,5.567525106397,23165,79879,9,2,16381,56486,6,1
2588,3459005357,3462803389,3798032,6.579558619528,16381,56486,6,1,16390,56517,7,1
2589,3462803389,3464007485,1204096,6.080661113673,16390,56517,7,1,23183,79941,11,2
2590,3464007485,3464517197,509712,5.707324858177,23183,79941,11,2,16394,56531,1,1
2591,3464517197,3465219497,702300,5.846522668416,16394,56531,1,1,23187,79955,5,2
2592,3465219497,3466603505,1384008,6.141138600486,23187,79955,5,2,16399,56548,8,1
2593,3466603505,3468318253,1714748,6.234200304991,16399,56548,8,1,16403,56562,2,1
2594,3468318253,3469383205,1064952,6.027330033498,16403,56562,2,1,23201,80003,13,2
2595,3469383205,3470405705,1022500,6.009663316679,23201,80003,13,2,16408,56579,9,1
2596,3470405705,3471809321,1403616,6.147248310150,16408,56579,9,1,23209,80031,1,2
2597,3471809321,3472121393,312072,5.494254804260,23209,80031,1,2,16412,56593,3,1
2598,3472121393,3474209989,2088596,6.319854441924,16412,56593,3,1,16417,56610,10,1
2599,3474209989,3474763093,553104,5.742806799260,16417,56610,10,1,23219,80065,15,2
2600,3474763093,3475926617,1163524,6.065775345904,23219,80065,15,2,16421,56624,4,1
2601,3475926617,3477191089,1264472,6.101909216931,16421,56624,4,1,23227,80093,3,2
2602,3477191089,3478016357,825268,5.916595005545,23227,80093,3,2,16426,56641,11,1
2603,3478016357,3481361981,3345624,6.524477130918,16426,56641,11,1,23241,80141,11,2
2604,3481361981,3483543317,2181336,6.338722566866,23241,80141,11,2,16439,56686,6,1
2605,3483543317,3486751145,3207828,6.506211073872,16439,56686,6,1,23259,80203,13,2
2606,3486751145,3487354793,603648,5.780783766071,23259,80203,13,2,16448,56717,7,1
2607,3487354793,3487967129,612336,5.786989792903,16448,56717,7,1,23263,80217,7,2
2608,3487967129,3489074665,1107536,6.044357851687,23263,80217,7,2,16452,56731,1,1
2609,3489074665,3489183325,108660,5.036069700698,16452,56731,1,1,23267,80231,1,2
2610,3489183325,3491168353,1985028,6.297766637124,23267,80231,1,2,16457,56748,8,1
2611,3491168353,3492889165,1720812,6.235733425922,16457,56748,8,1,16461,56762,2,1
2612,3492889165,3493361401,472236,5.674159091606,16461,56762,2,1,23281,80279,9,2
2613,3493361401,3494578537,1217136,6.085339108016,23281,80279,9,2,23285,80293,3,2
2614,3494578537,3494983997,405460,5.607948016041,23285,80293,3,2,16466,56779,9,1
2615,3494983997,3498759841,3775844,6.577014043005,16466,56779,9,1,23299,80341,11,2
2616,3498759841,3499977917,1218076,6.085674386286,23299,80341,11,2,23303,80355,5,2
2617,3499977917,3500524417,546500,5.737590166286,23303,80355,5,2,16479,56824,4,1
2618,3500524417,3502621537,2097120,6.321623282085,16479,56824,4,1,16484,56841,11,1
2619,3502621537,3504162449,1540912,6.187777837287,16484,56841,11,1,23317,80403,13,2
2620,3504162449,3504345169,182720,5.261786086566,23317,80403,13,2,16488,56855,5,1
2621,3504345169,3505381465,1036296,6.015483821824,16488,56855,5,1,23321,80417,7,2
2622,3505381465,3506600693,1219228,6.086084927836,23321,80417,7,2,23325,80431,1,2
2623,3506600693,3510789181,4188488,6.622057275528,23325,80431,1,2,23339,80479,9,2
2624,3510789181,3513718861,2929680,6.466820186285,23339,80479,9,2,16510,56931,1,1
2625,3513718861,3515819929,2101068,6.322440108354,16510,56931,1,1,16515,56948,8,1
2626,3515819929,3516201065,381136,5.581079971766,16515,56948,8,1,23357,80541,11,2
2627,3516201065,3517422173,1221108,6.086754076500,23357,80541,11,2,23361,80555,5,2
2628,3517422173,3517546805,124632,5.095629564307,23361,80555,5,2,16519,56962,2,1
2629,3517546805,3521376833,3830028,6.583201948956,16519,56962,2,1,16528,56993,3,1
2630,3521376833,3521617117,240284,5.380724853022,16528,56993,3,1,23375,80603,13,2
2631,3521617117,3522839165,1222048,6.087088264602,23375,80603,13,2,23379,80617,7,2
2632,3522839165,3523480189,641024,5.806874289850,23379,80617,7,2,16533,57010,10,1
2633,3523480189,3524061425,581236,5.764352505346,16533,57010,10,1,23383,80631,1,2
2634,3524061425,3525208945,1147520,6.059760263546,23383,80631,1,2,16537,57024,4,1
2635,3525208945,3527037337,1828392,6.262069312397,16537,57024,4,1,23393,80665,15,2
2636,3527037337,3527313445,276108,5.441078990144,23393,80665,15,2,16542,57041,11,1
2637,3527313445,3529043141,1729696,6.237969781092,16542,57041,11,1,16546,57055,5,1
2638,3529043141,3529483525,440384,5.643831531830,16546,57055,5,1,23401,80693,3,2
2639,3529483525,3532879421,3395896,6.530954381419,23401,80693,3,2,16555,57086,6,1
2640,3532879421,3533685653,806232,5.906460031658,16555,57086,6,1,23415,80741,11,2
2641,3533685653,3534909793,1224140,6.087831089174,23415,80741,11,2,23419,80755,5,2
2642,3534909793,3536717785,1807992,6.257196504478,23419,80755,5,2,16564,57117,7,1
2643,3536717785,3538449785,1732000,6.238547887681,16564,57117,7,1,16568,57131,1,1
2644,3538449785,3539115149,665364,5.823059299352,16568,57131,1,1,23433,80803,13,2
2645,3539115149,3540340229,1225080,6.088164449863,23433,80803,13,2,23437,80817,7,2
2646,3540340229,3540558233,218004,5.338464462238,23437,80817,7,2,16573,57148,8,1
2647,3540558233,3541565521,1007288,6.003153660155,16573,57148,8,1,23441,80831,1,2
2648,3541565521,3542291173,725652,5.860728396577,23441,80831,1,2,16577,57162,2,1
2649,3542291173,3544400765,2109592,6.324198469856,16577,57162,2,1,16582,57179,9,1
2650,3544400765,3545774833,1374068,6.138008225659,16582,57179,9,1,23455,80879,9,2
2651,3545774833,3546134645,359812,5.556075643298,23455,80879,9,2,16586,57193,3,1
2652,3546134645,3547001065,866420,5.937728468767,16586,57193,3,1,23459,80893,3,2
2653,3547001065,3548245381,1244316,6.094930685523,23459,80893,3,2,16591,57210,10,1
2654,3548245381,3549980201,1734820,6.239254420301,16591,57210,10,1,16595,57224,4,1
2655,3549980201,3551213605,1233404,6.091105352535,16595,57224,4,1,23473,80941,11,2
2656,3551213605,3552092081,878476,5.943729901051,23473,80941,11,2,16600,57241,11,1
2657,3552092081,3552440777,348696,5.542446965478,16600,57241,11,1,23477,80955,5,2
2658,3552440777,3553827841,1387064,6.142096500154,23477,80955,5,2,16604,57255,5,1
2659,3553827841,3557677565,3849724,6.585429594554,16604,57255,5,1,16613,57286,6,1
2660,3557677565,3557884657,207092,5.316163322346,16613,57286,6,1,23495,81017,7,2
2661,3557884657,3559112981,1228324,6.089312937532,23495,81017,7,2,23499,81031,1,2
2662,3559112981,3561529373,2416392,6.383167389232,23499,81031,1,2,16622,57317,7,1
2663,3561529373,3562103653,574280,5.759123691711,16622,57317,7,1,23509,81065,15,2
2664,3562103653,3563267437,1163784,6.065872382107,23509,81065,15,2,16626,57331,1,1
2665,3563267437,3563332705,65268,4.814700304863,16626,57331,1,1,23513,81079,9,2
2666,3563332705,3565383265,2050560,6.311872481396,23513,81079,9,2,16631,57348,8,1
2667,3565383265,3567122269,1739004,6.240300580954,16631,57348,8,1,16635,57362,2,1
2668,3567122269,3568784921,1662652,6.220801359084,16635,57362,2,1,23531,81141,11,2
2669,3568784921,3569239241,454320,5.657361855675,23531,81141,11,2,16640,57379,9,1
2670,3569239241,3573097301,3858060,6.586368977446,16640,57379,9,1,16649,57410,10,1
2671,3573097301,3574241305,1144004,6.058427542967,16649,57410,10,1,23549,81203,13,2
2672,3574241305,3574838185,596880,5.775887026982,23549,81203,13,2,16653,57424,4,1
2673,3574838185,3575472449,634264,5.802270062107,16653,57424,4,1,23553,81217,7,2
2674,3575472449,3576703805,1231356,6.090383630903,23553,81217,7,2,23557,81231,1,2
2675,3576703805,3576957445,253640,5.404217744515,23557,81231,1,2,16658,57441,11,1
2676,3576957445,3578699269,1741824,6.241004270252,16658,57441,11,1,16662,57455,5,1
2677,3578699269,3579701857,1002588,6.001122502227,16662,57455,5,1,23567,81265,15,2
2678,3579701857,3582166237,2464380,6.391707675562,23567,81265,15,2,23575,81293,3,2
2679,3582166237,3586399601,4233364,6.626685612295,23575,81293,3,2,23589,81341,11,2
2680,3586399601,3586427689,28088,4.448520816457,23589,81341,11,2,16680,57517,7,1
2681,3586427689,3587632837,1205148,6.081040384369,16680,57517,7,1,23593,81355,5,2
2682,3587632837,3588171817,538980,5.731572650065,23593,81355,5,2,16684,57531,1,1
2683,3588171817,3590295025,2123208,6.326992541894,16684,57531,1,1,16689,57548,8,1
2684,3590295025,3591869429,1574404,6.197116184476,16689,57548,8,1,23607,81403,13,2
2685,3591869429,3592040093,170664,5.232141920352,23607,81403,13,2,16693,57562,2,1
2686,3592040093,3594337993,2297900,6.361331125139,16693,57562,2,1,23615,81431,1,2
2687,3594337993,3595910453,1572460,6.196579606740,23615,81431,1,2,16702,57593,3,1
2688,3595910453,3598035949,2125496,6.327460291999,16702,57593,3,1,16707,57610,10,1
2689,3598035949,3598578541,542592,5.734473386216,16707,57610,10,1,23629,81479,9,2
2690,3598578541,3599782897,1204356,6.080754880595,23629,81479,9,2,16711,57624,4,1
2691,3599782897,3599813869,30972,4.490969250591,16711,57624,4,1,23633,81493,3,2
2692,3599813869,3601909537,2095668,6.321322481943,23633,81493,3,2,16716,57641,11,1
2693,3601909537,3604057645,2148108,6.332056112514,16716,57641,11,1,23647,81541,11,2
2694,3604057645,3605293913,1236268,6.092112627957,23647,81541,11,2,23651,81555,5,2
2695,3605293913,3607534037,2240124,6.350272058970,23651,81555,5,2,16729,57686,6,1
2696,3607534037,3609540917,2006880,6.302521404926,16729,57686,6,1,23665,81603,13,2
2697,3609540917,3610778125,1237208,6.092442719563,23665,81603,13,2,23669,81617,7,2
2698,3610778125,3611412733,634608,5.802505542605,23669,81617,7,2,16738,57717,7,1
2699,3611412733,3612015545,602812,5.780181889100,16738,57717,7,1,23673,81631,1,2
2700,3612015545,3613162925,1147380,6.059707275418,23673,81631,1,2,16742,57731,1,1
2701,3613162925,3615028357,1865432,6.270779422467,16742,57731,1,1,23683,81665,15,2
2702,3615028357,3615293513,265156,5.423501458863,23683,81665,15,2,16747,57748,8,1
2703,3615293513,3616266505,972992,5.988109269487,16747,57748,8,1,23687,81679,9,2
2704,3616266505,3617044645,778140,5.891057740637,23687,81679,9,2,16751,57762,2,1
2705,3617044645,3619176377,2131732,6.328732604559,16751,57762,2,1,16756,57779,9,1
2706,3619176377,3620928449,1752072,6.243551949184,16756,57779,9,1,16760,57793,3,1
2707,3620928449,3622998353,2069904,6.315950203796,16760,57793,3,1,23709,81755,5,2
2708,3622998353,3624814337,1815984,6.259112017785,23709,81755,5,2,16769,57824,4,1
2709,3624814337,3626948357,2134020,6.329198485308,16769,57824,4,1,16774,57841,11,1
2710,3626948357,3627255769,307412,5.487720816424,16774,57841,11,1,23723,81803,13,2
2711,3627255769,3628496009,1240240,6.093505734025,23723,81803,13,2,23727,81817,7,2
2712,3628496009,3628702309,206300,5.314499227973,23727,81817,7,2,16778,57855,5,1
2713,3628702309,3629736461,1034152,6.014584376195,16778,57855,5,1,23731,81831,1,2
2714,3629736461,3632592365,2855904,6.455743604725,23731,81831,1,2,16787,57886,6,1
2715,3632592365,3632756653,164288,5.215605842655,16787,57886,6,1,23741,81865,15,2
2716,3632756653,3635239225,2482572,6.394901852837,23741,81865,15,2,23749,81893,3,2
2717,3635239225,3636484505,1245280,6.095267013105,23749,81893,3,2,16796,57917,7,1
2718,3636484505,3638240761,1756256,6.244587820957,16796,57917,7,1,16800,57931,1,1
2719,3638240761,3639503825,1263064,6.101425357002,16800,57931,1,1,23763,81941,11,2
2720,3639503825,3640378729,874904,5.941960402099,23763,81941,11,2,16805,57948,8,1
2721,3640378729,3640746157,367428,5.565172248818,16805,57948,8,1,23767,81955,5,2
2722,3640746157,3642135925,1389768,6.142942307643,23767,81955,5,2,16809,57962,2,1
2723,3642135925,3644275037,2139112,6.330233524033,16809,57962,2,1,16814,57979,9,1
2724,3644275037,3645013985,738948,5.868613878033,16814,57979,9,1,23781,82003,13,2
2725,3645013985,3646257257,1243272,6.094566152919,23781,82003,13,2,23785,82017,7,2
2726,3646257257,3647500741,1243484,6.094640201543,23785,82017,7,2,23789,82031,1,2
2727,3647500741,3648173429,672688,5.827813680425,23789,82031,1,2,16823,58010,10,1
2728,3648173429,3649932505,1759076,6.245284603339,16823,58010,10,1,16827,58024,4,1
2729,3649932505,3651772525,1840020,6.264822543576,16827,58024,4,1,23803,82079,9,2
2730,3651772525,3652073905,301380,5.479114428543,23803,82079,9,2,16832,58041,11,1
2731,3652073905,3653016949,943044,5.974531956270,16832,58041,11,1,23807,82093,3,2
2732,3653016949,3653833921,816972,5.912207172256,23807,82093,3,2,16836,58055,5,1
2733,3653833921,3657291961,3458040,6.538830012558,16836,58055,5,1,23821,82141,11,2
2734,3657291961,3661643005,4351044,6.638593475125,23821,82141,11,2,16854,58117,7,1
2735,3661643005,3662815565,1172560,6.069135074843,16854,58117,7,1,23839,82203,13,2
2736,3662815565,3663405325,589760,5.770675313539,23839,82203,13,2,16858,58131,1,1
2737,3663405325,3664061869,656544,5.817263836773,16858,58131,1,1,23843,82217,7,2
2738,3664061869,3665308385,1246516,6.095697857382,23843,82217,7,2,23847,82231,1,2
2739,3665308385,3665550673,242288,5.384331905005,23847,82231,1,2,16863,58148,8,1
2740,3665550673,3667313933,1763260,6.246316355544,16863,58148,8,1,16867,58162,2,1
2741,3667313933,3668343337,1029404,6.012585851474,16867,58162,2,1,23857,82265,15,2
2742,3668343337,3669590581,1247244,6.095951423396,23857,82265,15,2,23861,82279,9,2
2743,3669590581,3671224625,1634044,6.213263746627,23861,82279,9,2,16876,58193,3,1
2744,3671224625,3673372261,2147636,6.331960675264,16876,58193,3,1,16881,58210,10,1
2745,3673372261,3675123461,1751200,6.243335748560,16881,58210,10,1,23879,82341,11,2
2746,3675123461,3675137401,13940,4.144262773762,23879,82341,11,2,16885,58224,4,1
2747,3675137401,3676371857,1234456,6.091475614885,16885,58224,4,1,23883,82355,5,2
2748,3676371857,3677286181,914324,5.961100119670,23883,82355,5,2,16890,58241,11,1
2749,3677286181,3679052261,1766080,6.247010372385,16890,58241,11,1,16894,58255,5,1
2750,3679052261,3680660509,1608248,6.206353019989,16894,58255,5,1,23897,82403,13,2
2751,3680660509,3681909845,1249336,6.096679254484,23897,82403,13,2,23901,82417,7,2
2752,3681909845,3682969205,1059360,6.025043570537,23901,82417,7,2,16903,58286,6,1
2753,3682969205,3683159393,190188,5.279183111454,16903,58286,6,1,23905,82431,1,2
2754,3683159393,3688656617,5497224,6.740143433888,23905,82431,1,2,16916,58331,1,1
2755,3688656617,3688702489,45872,4.661547675602,16916,58331,1,1,23923,82493,3,2
2756,3688702489,3690809345,2106856,6.323634853338,23923,82493,3,2,16921,58348,8,1
2757,3690809345,3692578669,1769324,6.247807368539,16921,58348,8,1,16925,58362,2,1
2758,3692578669,3692998325,419656,5.622893436786,16925,58362,2,1,23937,82541,11,2
2759,3692998325,3694249753,1251428,6.097405867846,23937,82541,11,2,23941,82555,5,2
2760,3694249753,3694732541,482788,5.683756466896,23941,82555,5,2,16930,58379,9,1
2761,3694732541,3696502805,1770264,6.248038037658,16930,58379,9,1,16934,58393,3,1
2762,3696502805,3698548817,2046012,6.310908176550,16934,58393,3,1,23955,82603,13,2
2763,3698548817,3698657821,109004,5.037442435060,23955,82603,13,2,16939,58410,10,1
2764,3698657821,3699801185,1143364,6.058184513882,16939,58410,10,1,23959,82617,7,2
2765,3699801185,3700429025,627840,5.797848981364,23959,82617,7,2,16943,58424,4,1
2766,3700429025,3701053765,624740,5.795699313251,16943,58424,4,1,23963,82631,1,2
2767,3701053765,3702585185,1531420,6.185094314583,23963,82631,1,2,16948,58441,11,1
2768,3702585185,3704357329,1772144,6.248499008671,16948,58441,11,1,16952,58455,5,1
2769,3704357329,3705356785,999456,5.999763679517,16952,58455,5,1,23977,82679,9,2
2770,3705356785,3706610305,1253520,6.098131267549,23977,82679,9,2,23981,82693,3,2
2771,3706610305,3708287717,1677412,6.224639745582,23981,82693,3,2,16961,58486,6,1
2772,3708287717,3710916553,2628836,6.419763493479,16961,58486,6,1,23995,82741,11,2
2773,3710916553,3712171013,1254460,6.098456817858,23995,82741,11,2,23999,82755,5,2
2774,3712171013,3712220189,49176,4.691753200113,23999,82755,5,2,16970,58517,7,1
2775,3712220189,3713994637,1774448,6.249063276919,16970,58517,7,1,16974,58531,1,1
2776,3713994637,3716154745,2160108,6.334475465332,16974,58531,1,1,16979,58548,8,1
2777,3716154745,3716480489,325744,5.512876425027,16979,58548,8,1,24013,82803,13,2
2778,3716480489,3717930133,1449644,6.161261362360,24013,82803,13,2,16983,58562,2,1
2779,3717930133,3718991501,1061368,6.025865989612,16983,58562,2,1,24021,82831,1,2
2780,3718991501,3720091385,1099884,6.041346884416,24021,82831,1,2,16988,58579,9,1
2781,3720091385,3722048593,1957208,6.291636982251,16988,58579,9,1,24031,82865,15,2
2782,3722048593,3723304933,1256340,6.099107187285,24031,82865,15,2,24035,82879,9,2
2783,3723304933,3724030109,725176,5.860443422506,24035,82879,9,2,16997,58610,10,1
2784,3724030109,3725807377,1777268,6.249752921415,16997,58610,10,1,17001,58624,4,1
2785,3725807377,3728878145,3070768,6.487247006243,17001,58624,4,1,24053,82941,11,2
2786,3728878145,3730135637,1257492,6.099505230812,24053,82941,11,2,24057,82955,5,2
2787,3730135637,3734455525,4319888,6.635472487182,24057,82955,5,2,24071,83003,13,2
2788,3734455525,3735713957,1258432,6.099829753200,24071,83003,13,2,24075,83017,7,2
2789,3735713957,3736972601,1258644,6.099902909855,24075,83017,7,2,24079,83031,1,2
2790,3736972601,3737638873,666272,5.823651562479,24079,83031,1,2,17028,58717,7,1
2791,3737638873,3739419385,1780512,6.250544905006,17028,58717,7,1,17032,58731,1,1
2792,3739419385,3740037073,617688,5.790769164258,17032,58731,1,1,24089,83065,15,2
2793,3740037073,3741586873,1549800,6.190275656557,24089,83065,15,2,17037,58748,8,1
2794,3741586873,3742556029,969156,5.986393688801,17037,58748,8,1,24097,83093,3,2
2795,3742556029,3743368325,812296,5.909714314638,24097,83093,3,2,17041,58762,2,1
2796,3743368325,3746883101,3514776,6.545897652240,17041,58762,2,1,24111,83141,11,2
2797,3746883101,3747319349,436248,5.639733448928,24111,83141,11,2,17050,58793,3,1
2798,3747319349,3751272457,3953108,6.596938679550,17050,58793,3,1,17059,58824,4,1
2799,3751272457,3752473925,1201468,6.079712208258,17059,58824,4,1,24129,83203,13,2
2800,3752473925,3753443377,969452,5.986526310938,24129,83203,13,2,17064,58841,11,1
2801,3753443377,3753735389,292012,5.465400698800,17064,58841,11,1,24133,83217,7,2
2802,3753735389,3754997065,1261676,6.100947841851,24133,83217,7,2,24137,83231,1,2
2803,3754997065,3755227649,230584,5.362829168732,24137,83231,1,2,17068,58855,5,1
2804,3755227649,3759184925,3957276,6.597396341167,17068,58855,5,1,17077,58886,6,1
2805,3759184925,3759331321,146396,5.165529210591,17077,58886,6,1,24151,83279,9,2
2806,3759331321,3760593937,1262616,6.101271288451,24151,83279,9,2,24155,83293,3,2
2807,3760593937,3763144285,2550348,6.406599444814,24155,83293,3,2,17086,58917,7,1
2808,3763144285,3764930861,1786576,6.252021495589,17086,58917,7,1,17090,58931,1,1
2809,3764930861,3764931421,560,2.748188027006,17090,58931,1,1,24169,83341,11,2
2810,3764931421,3766194977,1263556,6.101594494338,24169,83341,11,2,24173,83355,5,2
2811,3766194977,3767105729,910752,5.959400133620,24173,83355,5,2,17095,58948,8,1
2812,3767105729,3768893245,1787516,6.252249937847,17095,58948,8,1,17099,58962,2,1
2813,3768893245,3770535689,1642444,6.215490570983,17099,58962,2,1,24187,83403,13,2
2814,3770535689,3771069257,533568,5.727189775481,24187,83403,13,2,17104,58979,9,1
2815,3771069257,3771800185,730928,5.863874598924,17104,58979,9,1,24191,83417,7,2
2816,3771800185,3772857713,1057528,6.024291874945,24191,83417,7,2,17108,58993,3,1
2817,3772857713,3773064893,207180,5.316347828733,17108,58993,3,1,24195,83431,1,2
2818,3773064893,3775034869,1969976,6.294460935232,24195,83431,1,2,17113,59010,10,1
2819,3775034869,3776824265,1789396,6.252706462190,17113,59010,10,1,17117,59024,4,1
2820,3776824265,3777409561,585296,5.767375556091,17117,59024,4,1,24209,83479,9,2
2821,3777409561,3779002565,1593004,6.202216866307,24209,83479,9,2,17122,59041,11,1
2822,3779002565,3780792901,1790336,6.252934544529,17122,59041,11,1,17126,59055,5,1
2823,3780792901,3783023105,2230204,6.348344590412,17126,59055,5,1,24227,83541,11,2
2824,3783023105,3784289693,1266588,6.102635369086,24227,83541,11,2,24231,83555,5,2
2825,3784289693,3784763621,473928,5.675712367881,24231,83555,5,2,17135,59086,6,1
2826,3784763621,3788736425,3972804,6.599097139478,17135,59086,6,1,17144,59117,7,1
2827,3788736425,3789908345,1171920,6.068897965996,17144,59117,7,1,24249,83617,7,2
2828,3789908345,3790529065,620720,5.792895738860,24249,83617,7,2,17148,59131,1,1
2829,3790529065,3791176085,647020,5.810917705329,17148,59131,1,1,24253,83631,1,2
2830,3791176085,3792711313,1535228,6.186172882607,24253,83631,1,2,17153,59148,8,1
2831,3792711313,3794262697,1551384,6.190719308091,17153,59148,8,1,24263,83665,15,2
2832,3794262697,3794504893,242196,5.384166966254,24263,83665,15,2,17157,59162,2,1
2833,3794504893,3796688285,2183392,6.339131714708,17157,59162,2,1,17162,59179,9,1
2834,3796688285,3796799845,111560,5.047508505594,17162,59179,9,1,24271,83693,3,2
2835,3796799845,3800667341,3867496,6.587429873198,24271,83693,3,2,17171,59210,10,1
2836,3800667341,3801158153,490812,5.690915172372,17171,59210,10,1,24285,83741,11,2
2837,3801158153,3802427773,1269620,6.103673755131,24285,83741,11,2,24289,83755,5,2
2838,3802427773,3802462801,35028,4.544415341036,24289,83755,5,2,17175,59224,4,1
2839,3802462801,3804648481,2185680,6.339586578287,17175,59224,4,1,17180,59241,11,1
2840,3804648481,3806444881,1796400,6.254403046391,17180,59241,11,1,17184,59255,5,1
2841,3806444881,3806789309,344428,5.537098449841,17184,59255,5,1,24303,83803,13,2
2842,3806789309,3808059869,1270560,6.103995178677,24303,83803,13,2,24307,83817,7,2
2843,3808059869,3809330641,1270772,6.104067637081,24307,83817,7,2,24311,83831,1,2
2844,3809330641,3813696133,4365492,6.640033196689,24311,83831,1,2,24325,83879,9,2
2845,3813696133,3814415293,719160,5.856825523744,24325,83879,9,2,17202,59317,7,1
2846,3814415293,3814967845,552552,5.742373155209,17202,59317,7,1,24329,83893,3,2
2847,3814967845,3816213997,1246152,6.095571018836,24329,83893,3,2,17206,59331,1,1
2848,3816213997,3818403625,2189628,6.340370338004,17206,59331,1,1,17211,59348,8,1
2849,3818403625,3820203269,1799644,6.255186602811,17211,59348,8,1,17215,59362,2,1
2850,3820203269,3820609217,405948,5.608470406091,17215,59362,2,1,24347,83955,5,2
2851,3820609217,3824194625,3585408,6.554538583174,24347,83955,5,2,17224,59393,3,1
2852,3824194625,3824981165,786540,5.895720813847,17224,59393,3,1,24361,84003,13,2
2853,3824981165,3826254757,1273592,6.105030322405,24361,84003,13,2,24365,84017,7,2
2854,3826254757,3826386541,131784,5.119862685421,24365,84017,7,2,17229,59410,10,1
2855,3826386541,3827528561,1142020,6.057673709701,17229,59410,10,1,24369,84031,1,2
2856,3827528561,3828188065,659504,5.819217433958,24369,84031,1,2,17233,59424,4,1
2857,3828188065,3830381125,2193060,6.341050513717,17233,59424,4,1,17238,59441,11,1
2858,3830381125,3830629933,248808,5.395864340247,17238,59441,11,1,24379,84065,15,2
2859,3830629933,3831904465,1274532,6.105350743884,24379,84065,15,2,24383,84079,9,2
2860,3831904465,3832183589,279124,5.445797180163,24383,84079,9,2,17242,59455,5,1
2861,3832183589,3836181197,3997608,6.601800205544,17242,59455,5,1,17251,59486,6,1
2862,3836181197,3837558341,1377144,6.138979354299,17251,59486,6,1,24401,84141,11,2
2863,3837558341,3840180889,2622548,6.418723445748,24401,84141,11,2,17260,59517,7,1
2864,3840180889,3841985657,1804768,6.256421381978,17260,59517,7,1,17264,59531,1,1
2865,3841985657,3843216385,1230728,6.090162081240,17264,59531,1,1,24419,84203,13,2
2866,3843216385,3844182665,966280,5.985102990634,24419,84203,13,2,17269,59548,8,1
2867,3844182665,3845769845,1587180,6.200626182315,17269,59548,8,1,24427,84231,1,2
2868,3845769845,3845988373,218528,5.339507091038,24427,84231,1,2,17273,59562,2,1
2869,3845988373,3848186525,2198152,6.342057720152,17273,59562,2,1,17278,59579,9,1
2870,3848186525,3848878597,692072,5.840151278815,17278,59579,9,1,24437,84265,15,2
2871,3848878597,3849993173,1114576,6.047109687222,24437,84265,15,2,17282,59593,3,1
2872,3849993173,3851433937,1440764,6.158592848342,17282,59593,3,1,24445,84293,3,2
2873,3851433937,3852192469,758532,5.879973906982,24445,84293,3,2,17287,59610,10,1
2874,3852192469,3854000057,1807588,6.257099449526,17287,59610,10,1,17291,59624,4,1
2875,3854000057,3855823481,1823424,6.260887666707,17291,59624,4,1,24459,84341,11,2
2876,3855823481,3856200497,377016,5.576359781411,24459,84341,11,2,17296,59641,11,1
2877,3856200497,3857102197,901700,5.955062069675,17296,59641,11,1,24463,84355,5,2
2878,3857102197,3861494969,4392772,6.642738662471,24463,84355,5,2,24477,84403,13,2
2879,3861494969,3862020077,525108,5.720248634797,24477,84403,13,2,17309,59686,6,1
2880,3862020077,3862774625,754548,5.877686872305,17309,59686,6,1,24481,84417,7,2
2881,3862774625,3864054493,1279868,6.107165180720,24481,84417,7,2,24485,84431,1,2
2882,3864054493,3867844045,3789552,6.578587870805,24485,84431,1,2,17322,59731,1,1
2883,3867844045,3868451221,607176,5.783314596758,17322,59731,1,1,24499,84479,9,2
2884,3868451221,3869732029,1280808,6.107484031548,24499,84479,9,2,24503,84493,3,2
2885,3869732029,3870048433,316404,5.500241965240,24503,84493,3,2,17327,59748,8,1
2886,3870048433,3871860205,1811772,6.258103543577,17327,59748,8,1,17331,59762,2,1
2887,3871860205,3874065737,2205532,6.343513363326,17331,59762,2,1,17336,59779,9,1
2888,3874065737,3874131985,66248,4.821172771634,17336,59779,9,1,24517,84541,11,2
2889,3874131985,3875413733,1281748,6.107802648453,24517,84541,11,2,24521,84555,5,2
2890,3875413733,3879816917,4403184,6.643766834112,24521,84555,5,2,24535,84603,13,2
2891,3879816917,3879898777,81860,4.913071740309,24535,84603,13,2,17349,59824,4,1
2892,3879898777,3881099605,1200828,6.079480805904,17349,59824,4,1,24539,84617,7,2
2893,3881099605,3882106597,1006992,6.003026020335,24539,84617,7,2,17354,59841,11,1
2894,3882106597,3882382505,275908,5.440764293105,17354,59841,11,1,24543,84631,1,2
2895,3882382505,3883921189,1538684,6.187149437799,24543,84631,1,2,17358,59855,5,1
2896,3883921189,3885506017,1584828,6.199982135510,17358,59855,5,1,24553,84665,15,2
2897,3885506017,3886789645,1283628,6.108439181868,24553,84665,15,2,24557,84679,9,2
2898,3886789645,3891972265,5182620,6.714549366672,24557,84679,9,2,17376,59917,7,1
2899,3891972265,3892483853,511588,5.708920348952,17376,59917,7,1,24575,84741,11,2
2900,3892483853,3893768633,1284780,6.108828767383,24575,84741,11,2,24579,84755,5,2
2901,3893768633,3893789161,20528,4.312346639031,24579,84755,5,2,17380,59931,1,1
2902,3893789161,3896000929,2211768,6.344739570370,17380,59931,1,1,17385,59948,8,1
2903,3896000929,3897818765,1817836,6.259554699839,17385,59948,8,1,17389,59962,2,1
2904,3897818765,3898182229,363464,5.560461401782,17389,59962,2,1,24593,84803,13,2
2905,3898182229,3899467949,1285720,6.109146399618,24593,84803,13,2,24597,84817,7,2
2906,3899467949,3900753881,1285932,6.109218003732,24597,84817,7,2,24601,84831,1,2
2907,3900753881,3901850453,1096572,6.040037152362,24601,84831,1,2,17398,59993,3,1
2908,3901850453,3903884773,2034320,6.308419268795,17398,59993,3,1,24611,84865,15,2
2909,3903884773,3904064509,179736,5.254635072298,24611,84865,15,2,17403,60010,10,1
2910,3904064509,3905884225,1819716,6.260003613668,17403,60010,10,1,17407,60024,4,1
2911,3905884225,3906458305,574080,5.758972417028,17407,60024,4,1,24619,84893,3,2
2912,3906458305,3908099425,1641120,6.215140338172,24619,84893,3,2,17412,60041,11,1
2913,3908099425,3909920081,1820656,6.260227896693,17412,60041,11,1,17416,60055,5,1
2914,3909920081,3910879085,959004,5.981820418614,17416,60055,5,1,24633,84941,11,2
2915,3910879085,3912166897,1287812,6.109852467588,24633,84941,11,2,24637,84955,5,2
2916,3912166897,3913958021,1791124,6.253125653215,24637,84955,5,2,17425,60086,6,1
2917,3913958021,3916590905,2632884,6.420431725316,17425,60086,6,1,24651,85003,13,2
2918,3916590905,3917879657,1288752,6.110169352269,24651,85003,13,2,24655,85017,7,2
2919,3917879657,3917998045,118388,5.073307683824,24655,85017,7,2,17434,60117,7,1
2920,3917998045,3919168621,1170576,6.068399615648,17434,60117,7,1,24659,85031,1,2
2921,3919168621,3919821005,652384,5.814503301239,24659,85031,1,2,17438,60131,1,1
2922,3919821005,3922040153,2219148,6.346186267279,17438,60131,1,1,17443,60148,8,1
2923,3922040153,3923596585,1556432,6.192130151251,17443,60148,8,1,24673,85079,9,2
2924,3923596585,3923864053,267468,5.427271830265,24673,85079,9,2,17447,60162,2,1
2925,3923864053,3924886489,1022436,6.009636132604,17447,60162,2,1,24677,85093,3,2
2926,3924886489,3926084345,1197856,6.078404612574,24677,85093,3,2,17452,60179,9,1
2927,3926084345,3927909185,1824840,6.261224791991,17452,60179,9,1,17456,60193,3,1
2928,3927909185,3928027049,117864,5.071381175843,17456,60193,3,1,24687,85127,17,2
2929,3928027049,3929317681,1290632,6.110802428826,24687,85127,17,2,24691,85141,11,2
2930,3929317681,3930130621,812940,5.910058493158,24691,85141,11,2,17461,60210,10,1
2931,3930130621,3931956401,1825780,6.261448445410,17461,60210,10,1,17465,60224,4,1
2932,3931956401,3934178981,2222580,6.346857402008,17465,60224,4,1,17470,60241,11,1
2933,3934178981,3935042945,863964,5.936495646498,17470,60241,11,1,24709,85203,13,2
2934,3935042945,3936005701,962756,5.983516233874,24709,85203,13,2,17474,60255,5,1
2935,3936005701,3936334729,329028,5.517232857610,17474,60255,5,1,24713,85217,7,2
2936,3936334729,3937626725,1291996,6.111261169092,24713,85217,7,2,24717,85231,1,2
2937,3937626725,3938229425,602700,5.780101191468,24717,85231,1,2,17479,60272,12,1
2938,3938229425,3940057085,1827660,6.261895407012,17479,60272,12,1,17483,60286,6,1
2939,3940057085,3940772377,715292,5.854483367816,17483,60286,6,1,24727,85265,15,2
2940,3940772377,3942065101,1292724,6.111505811754,24727,85265,15,2,24731,85279,9,2
2941,3942065101,3944110553,2045452,6.310789292497,24731,85279,9,2,17492,60317,7,1
2942,3944110553,3945939577,1829024,6.262219404218,17492,60317,7,1,17496,60331,1,1
2943,3945939577,3946505977,566400,5.753123244682,17496,60331,1,1,24745,85327,17,2
2944,3946505977,3947799641,1293664,6.111821492798,24745,85327,17,2,24749,85341,11,2
2945,3947799641,3948166105,366464,5.564031317669,24749,85341,11,2,17501,60348,8,1
2946,3948166105,3949093517,927412,5.967272711034,17501,60348,8,1,24753,85355,5,2
2947,3949093517,3949996069,902552,5.955472232918,24753,85355,5,2,17505,60362,2,1
2948,3949996069,3952223741,2227672,6.347851246162,17505,60362,2,1,17510,60379,9,1
2949,3952223741,3953538349,1314608,6.118796270836,17510,60379,9,1,24767,85403,13,2
2950,3953538349,3954833165,1294816,6.112208057327,24767,85403,13,2,24771,85417,7,2
2951,3954833165,3956128193,1295028,6.112279158467,24771,85417,7,2,24775,85431,1,2
2952,3956128193,3956283461,155268,5.191081958913,24775,85431,1,2,17519,60410,10,1
2953,3956283461,3958115305,1831844,6.262888486349,17519,60410,10,1,17523,60424,4,1
2954,3958115305,3960345265,2229960,6.348297072943,17523,60424,4,1,17528,60441,11,1
2955,3960345265,3961872949,1527684,6.184033530124,17528,60441,11,1,24793,85493,3,2
2956,3961872949,3962178049,305100,5.484442207642,24793,85493,3,2,17532,60455,5,1
2957,3962178049,3964409153,2231104,6.348519814826,17532,60455,5,1,17537,60472,12,1
2958,3964409153,3966324965,1915812,6.282352889206,17537,60472,12,1,24807,85541,11,2
2959,3966324965,3967621873,1296908,6.112909169215,24807,85541,11,2,24811,85555,5,2
2960,3967621873,3970309789,2687916,6.429415692467,24811,85555,5,2,17550,60517,7,1
2961,3970309789,3972077117,1767328,6.247317158092,17550,60517,7,1,24825,85603,13,2
2962,3972077117,3972144877,67760,4.830973397323,24825,85603,13,2,17554,60531,1,1
2963,3972144877,3974378785,2233908,6.349065283410,17554,60531,1,1,17559,60548,8,1
2964,3974378785,3974673025,294240,5.468701711894,17559,60548,8,1,24833,85631,1,2
2965,3974673025,3976214813,1541788,6.188024661160,24833,85631,1,2,17563,60562,2,1
2966,3976214813,3979132225,2917412,6.464997764978,17563,60562,2,1,24847,85679,9,2
2967,3979132225,3980286833,1154608,6.062434562295,24847,85679,9,2,17572,60593,3,1
2968,3980286833,3980431225,144392,5.159543131931,17572,60593,3,1,24851,85693,3,2
2969,3980431225,3982523029,2091804,6.320520989131,24851,85693,3,2,17577,60610,10,1
2970,3982523029,3983593925,1070896,6.029747296397,17577,60610,10,1,24861,85727,17,2
2971,3983593925,3984360937,767012,5.884802158594,24861,85727,17,2,17581,60624,4,1
2972,3984360937,3984893653,532716,5.726495740914,17581,60624,4,1,24865,85741,11,2
2973,3984893653,3986193593,1299940,6.113923307484,24865,85741,11,2,24869,85755,5,2
2974,3986193593,3986598277,404684,5.607116034021,24869,85755,5,2,17586,60641,11,1
2975,3986598277,3990659249,4060972,6.608629995083,17586,60641,11,1,24883,85803,13,2
2976,3990659249,3991960129,1300880,6.114237236806,24883,85803,13,2,24887,85817,7,2
2977,3991960129,3992515397,555268,5.744502645877,24887,85817,7,2,17599,60686,6,1
2978,3992515397,3993261221,745824,5.872636354488,17599,60686,6,1,24891,85831,1,2
2979,3993261221,3996429013,3167792,6.500756657697,24891,85831,1,2,24901,85865,15,2
2980,3996429013,3996595753,166740,5.222039797161,24901,85865,15,2,17608,60717,7,1
2981,3996595753,3997730833,1135080,6.055026471515,17608,60717,7,1,24905,85879,9,2
2982,3997730833,3998436905,706072,5.848848989449,24905,85879,9,2,17612,60731,1,1
2983,3998436905,4000678193,2241288,6.350497665894,17612,60731,1,1,17617,60748,8,1
2984,4000678193,4002202945,1524752,6.183199211689,17617,60748,8,1,24919,85927,17,2
2985,4002202945,4002520285,317340,5.501524817403,24919,85927,17,2,17621,60762,2,1
2986,4002520285,4003505705,985420,5.993621372432,17621,60762,2,1,24923,85941,11,2
2987,4003505705,4004762717,1257012,6.099339423676,24923,85941,11,2,17626,60779,9,1
2988,4004762717,4004808677,45960,4.662380020016,17626,60779,9,1,24927,85955,5,2
2989,4004808677,4006605749,1797072,6.254565477541,24927,85955,5,2,17630,60793,3,1
2990,4006605749,4009284745,2678996,6.427972065165,17630,60793,3,1,24941,86003,13,2
2991,4009284745,4010588657,1303912,6.115248282190,24941,86003,13,2,24945,86017,7,2
2992,4010588657,4010693297,104640,5.019697730980,24945,86017,7,2,17639,60824,4,1
2993,4010693297,4011892781,1199484,6.078994459258,17639,60824,4,1,24949,86031,1,2
2994,4011892781,4014782929,2890148,6.460920082873,24949,86031,1,2,17648,60855,5,1
2995,4014782929,4015067953,285024,5.454881430636,17648,60855,5,1,24959,86065,15,2
2996,4015067953,4017028793,1960840,6.292442157690,24959,86065,15,2,17653,60872,12,1
2997,4017028793,4017677869,649076,5.812295551112,17653,60872,12,1,24967,86093,3,2
2998,4017677869,4018874645,1196776,6.078012871319,24967,86093,3,2,17657,60886,6,1
2999,4018874645,4020855329,1980684,6.296815193356,17657,60886,6,1,24977,86127,17,2
3000,4020855329,4022968445,2113116,6.324923338404,24977,86127,17,2,17666,60917,7,1
3001,4022968445,4024815661,1847216,6.266517681647,17666,60917,7,1,17670,60931,1,1
3002,4024815661,4027064329,2248668,6.351925339646,17670,60931,1,1,17675,60948,8,1
3003,4027064329,4028912485,1848156,6.266738626559,17675,60948,8,1,17679,60962,2,1
3004,4028912485,4029260549,348064,5.541659106853,17679,60962,2,1,25003,86217,7,2
3005,4029260549,4030567705,1307156,6.116327420707,25003,86217,7,2,25007,86231,1,2
3006,4030567705,4031162297,594592,5.774219061648,25007,86231,1,2,17684,60979,9,1
3007,4031162297,4035058141,3895844,6.590601558244,17684,60979,9,1,25021,86279,9,2
3008,4035058141,4035262349,204208,5.310072751893,25021,86279,9,2,17693,61010,10,1
3009,4035262349,4036366237,1103888,6.042925012298,17693,61010,10,1,25025,86293,3,2
3010,4036366237,4037112385,746148,5.872824979226,25025,86293,3,2,17697,61024,4,1
3011,4037112385,4039364485,2252100,6.352587670586,17697,61024,4,1,17702,61041,11,1
3012,4039364485,4039551077,186592,5.270893019741,17702,61041,11,1,25035,86327,17,2
3013,4039551077,4040859901,1308824,6.116881250089,25035,86327,17,2,25039,86341,11,2
3014,4040859901,4041215461,355560,5.550912897528,25039,86341,11,2,17706,61055,5,1
3015,4041215461,4042168937,953476,5.979309765868,17706,61055,5,1,25043,86355,5,2
3016,4042168937,4043468705,1299768,6.113865840529,25043,86355,5,2,17711,61072,12,1
3017,4043468705,4046665829,3197124,6.504759480648,17711,61072,12,1,25057,86403,13,2
3018,4046665829,4047975805,1309976,6.117263339043,25057,86403,13,2,25061,86417,7,2
3019,4047975805,4049285993,1310188,6.117333617415,25061,86417,7,2,25065,86431,1,2
3020,4049285993,4051281145,1995152,6.299975987866,25065,86431,1,2,17728,61131,1,1
3021,4051281145,4053537193,2256048,6.353348335521,17728,61131,1,1,17733,61148,8,1
3022,4053537193,4053786841,249648,5.397328091150,17733,61148,8,1,25079,86479,9,2
3023,4053786841,4055391413,1604572,6.205359209435,25079,86479,9,2,17737,61162,2,1
3024,4055391413,4058290189,2898776,6.462214656982,17737,61162,2,1,25093,86527,17,2
3025,4058290189,4059503765,1213576,6.084066979141,25093,86527,17,2,17746,61193,3,1
3026,4059503765,4059602045,98280,4.992465147808,17746,61193,3,1,25097,86541,11,2
3027,4059602045,4060914113,1312068,6.117956343622,25097,86541,11,2,25101,86555,5,2
3028,4060914113,4061762101,847988,5.928389706537,25101,86555,5,2,17751,61210,10,1
3029,4061762101,4063618201,1856100,6.268601370740,17751,61210,10,1,17755,61224,4,1
3030,4063618201,4065421417,1803216,6.256047752230,17755,61224,4,1,25115,86603,13,2
3031,4065421417,4065877681,456264,5.659216203557,25115,86603,13,2,17760,61241,11,1
3032,4065877681,4066734425,856744,5.932851071636,17760,61241,11,1,25119,86617,7,2
3033,4066734425,4067734721,1000296,6.000128532145,25119,86617,7,2,17764,61255,5,1
3034,4067734721,4068047645,312924,5.495438873047,17764,61255,5,1,25123,86631,1,2
3035,4068047645,4071244957,3197312,6.504785017650,25123,86631,1,2,25133,86665,15,2
3036,4071244957,4071853325,608368,5.784166362204,25133,86665,15,2,17773,61286,6,1
3037,4071853325,4073873065,2019740,6.305295466559,17773,61286,6,1,25141,86693,3,2
3038,4073873065,4075974013,2100948,6.322415303433,25141,86693,3,2,17782,61317,7,1
3039,4075974013,4077072665,1098652,6.040860150646,17782,61317,7,1,25151,86727,17,2
3040,4077072665,4077833357,760692,5.881208848917,25151,86727,17,2,17786,61331,1,1
3041,4077833357,4078387553,554196,5.743663386866,17786,61331,1,1,25155,86741,11,2
3042,4078387553,4079702653,1315100,6.118958777766,25155,86741,11,2,25159,86755,5,2
3043,4079702653,4080096785,394132,5.595641697132,25159,86755,5,2,17791,61348,8,1
3044,4080096785,4081957069,1860284,6.269579250787,17791,61348,8,1,17795,61362,2,1
3045,4081957069,4084220369,2263300,6.354742123424,17795,61362,2,1,25173,86803,13,2
3046,4084220369,4084221641,1272,3.104487111312,25173,86803,13,2,17800,61379,9,1
3047,4084221641,4085536409,1314768,6.118849125291,17800,61379,9,1,25177,86817,7,2
3048,4085536409,4086082865,546456,5.737555198808,25177,86817,7,2,17804,61393,3,1
3049,4086082865,4086852661,769796,5.886375650091,17804,61393,3,1,25181,86831,1,2
3050,4086852661,4088348581,1495920,6.174908368604,25181,86831,1,2,17809,61410,10,1
3051,4088348581,4090210745,1862164,6.270017926462,17809,61410,10,1,17813,61424,4,1
3052,4090210745,4091374333,1163588,6.065799233750,17813,61424,4,1,25195,86879,9,2
3053,4091374333,4092477605,1103272,6.042682596335,25195,86879,9,2,17818,61441,11,1
3054,4092477605,4092691525,213920,5.330251389918,17818,61441,11,1,25199,86893,3,2
3055,4092691525,4094340709,1649184,6.217269112726,25199,86893,3,2,17822,61455,5,1
3056,4094340709,4095898505,1557796,6.192510584354,17822,61455,5,1,25209,86927,17,2
3057,4095898505,4096608713,710208,5.851385560019,25209,86927,17,2,17827,61472,12,1
3058,4096608713,4097216425,607712,5.783697812096,17827,61472,12,1,25213,86941,11,2
3059,4097216425,4098472757,1256332,6.099104421818,25213,86941,11,2,17831,61486,6,1
3060,4098472757,4098534557,61800,4.790988475089,17831,61486,6,1,25217,86955,5,2
3061,4098534557,4102606889,4072332,6.609843176964,25217,86955,5,2,17840,61517,7,1
3062,4102606889,4103062685,455796,5.658770509555,17840,61517,7,1,25231,87003,13,2
3063,4103062685,4104472297,1409612,6.149099588224,25231,87003,13,2,17844,61531,1,1
3064,4104472297,4105701041,1228744,6.089461410170,17844,61531,1,1,25239,87031,1,2
3065,4105701041,4106743105,1042064,6.017894392661,25239,87031,1,2,17849,61548,8,1
3066,4106743105,4108609453,1866348,6.270992625685,17849,61548,8,1,17853,61562,2,1
3067,4108609453,4108913113,303660,5.482387587692,17853,61562,2,1,25249,87065,15,2
3068,4108913113,4110233125,1320012,6.120577879320,25249,87065,15,2,25253,87079,9,2
3069,4110233125,4110881405,648280,5.811762623448,25253,87079,9,2,17858,61579,9,1
3070,4110881405,4114767709,3886304,6.589536769593,17858,61579,9,1,25267,87127,17,2
3071,4114767709,4115021789,254080,5.404970480747,25267,87127,17,2,17867,61610,10,1
3072,4115021789,4116088661,1066872,6.028112317242,17867,61610,10,1,25271,87141,11,2
3073,4116088661,4116890017,801356,5.903825492973,25271,87141,11,2,17871,61624,4,1
3074,4116890017,4119164257,2274240,6.356836293762,17871,61624,4,1,17876,61641,11,1
3075,4119164257,4121948365,2784108,6.444686078243,17876,61641,11,1,25289,87203,13,2
3076,4121948365,4123270469,1322104,6.121265619181,25289,87203,13,2,25293,87217,7,2
3077,4123270469,4123308809,38340,4.583652108542,25293,87217,7,2,17885,61672,12,1
3078,4123308809,4124592785,1283976,6.108556906003,17885,61672,12,1,25297,87231,1,2
3079,4124592785,4127812237,3219452,6.507781954419,25297,87231,1,2,25307,87265,15,2
3080,4127812237,4129326493,1514256,6.180199303162,25307,87265,15,2,17898,61717,7,1
3081,4129326493,4130458537,1132044,6.053863307228,17898,61717,7,1,25315,87293,3,2
3082,4130458537,4131197965,739428,5.868895892025,25315,87293,3,2,17902,61731,1,1
3083,4131197965,4133476153,2278188,6.357589559951,17902,61731,1,1,17907,61748,8,1
3084,4133476153,4133680277,204124,5.309894070149,17907,61748,8,1,25325,87327,17,2
3085,4133680277,4135004261,1323984,6.121882736800,25325,87327,17,2,25329,87341,11,2
3086,4135004261,4135348565,344304,5.536942068211,25329,87341,11,2,17911,61762,2,1
3087,4135348565,4136328457,979892,5.991178212031,17911,61762,2,1,25333,87355,5,2
3088,4136328457,4139501249,3172792,6.501441601816,25333,87355,5,2,17920,61793,3,1
3089,4139501249,4140877409,1376160,6.138668930322,17920,61793,3,1,25347,87403,13,2
3090,4140877409,4142202545,1325136,6.122260452626,25347,87403,13,2,25351,87417,7,2
3091,4142202545,4143527893,1325348,6.122329927055,25351,87417,7,2,25355,87431,1,2
3092,4143527893,4143656017,128124,5.107630488771,25355,87431,1,2,17929,61824,4,1
3093,4143656017,4145937637,2281620,6.358243315084,17929,61824,4,1,17934,61841,11,1
3094,4145937637,4147812869,1875232,6.273055005443,17934,61841,11,1,17938,61855,5,1
3095,4147812869,4148080801,267932,5.428024585924,17938,61855,5,1,25369,87479,9,2
3096,4148080801,4149407089,1326288,6.122637840230,25369,87479,9,2,25373,87493,3,2
3097,4149407089,4151971805,2564716,6.409039281159,25373,87493,3,2,17947,61886,6,1
3098,4151971805,4152636209,664404,5.822432238428,17947,61886,6,1,25383,87527,17,2
3099,4152636209,4153963225,1327016,6.122876159240,25383,87527,17,2,25387,87541,11,2
3100,4153963225,4155290453,1327228,6.122945535250,25387,87541,11,2,25391,87555,5,2
3101,4155290453,4156132825,842372,5.925503922698,25391,87555,5,2,17956,61917,7,1
3102,4156132825,4158010361,1877536,6.273588272947,17956,61917,7,1,17960,61931,1,1
3103,4158010361,4159849817,1839456,6.264689403917,17960,61931,1,1,25405,87603,13,2
3104,4159849817,4160295929,446112,5.649443905518,25405,87603,13,2,17965,61948,8,1
3105,4160295929,4161177985,882056,5.945496158509,17965,61948,8,1,25409,87617,7,2
3106,4161177985,4162174405,996420,5.998442436049,25409,87617,7,2,17969,61962,2,1
3107,4162174405,4162506365,331960,5.521085755915,17969,61962,2,1,25413,87631,1,2
3108,4162506365,4164461117,1954752,6.291091666150,25413,87631,1,2,17974,61979,9,1
3109,4164461117,4165740577,1279460,6.107026713005,17974,61979,9,1,25423,87665,15,2
3110,4165740577,4166340533,599956,5.778119400954,25423,87665,15,2,17978,61993,3,1
3111,4166340533,4167069685,729152,5.862818071364,17978,61993,3,1,25427,87679,9,2
3112,4167069685,4168628389,1558704,6.192763649909,25427,87679,9,2,17983,62010,10,1
3113,4168628389,4170508745,1880356,6.274240080221,17983,62010,10,1,17987,62024,4,1
3114,4170508745,4171635505,1126760,6.051831421126,17987,62024,4,1,25441,87727,17,2
3115,4171635505,4172797745,1162240,6.065295818169,25441,87727,17,2,17992,62041,11,1
3116,4172797745,4172965553,167808,5.224812661338,17992,62041,11,1,25445,87741,11,2
3117,4172965553,4174295813,1330260,6.123936532343,25445,87741,11,2,25449,87755,5,2
3118,4174295813,4174679041,383228,5.583457232664,25449,87755,5,2,17996,62055,5,1
3119,4174679041,4176969185,2290144,6.359862790829,17996,62055,5,1,18001,62072,12,1
3120,4176969185,4178851421,1882236,6.274674075559,18001,62072,12,1,18005,62086,6,1
3121,4178851421,4178865589,14168,4.151308548182,18005,62086,6,1,25463,87803,13,2
3122,4178865589,4180196789,1331200,6.124243308947,25463,87803,13,2,25467,87817,7,2
3123,4180196789,4181528201,1331412,6.124312466924,25467,87817,7,2,25471,87831,1,2
3124,4181528201,4183025885,1497684,6.175420190177,25471,87831,1,2,18014,62117,7,1
3125,4183025885,4184769793,1743908,6.241523569962,18014,62117,7,1,25481,87865,15,2
3126,4184769793,4184909485,139692,5.145171535281,25481,87865,15,2,18018,62131,1,1
3127,4184909485,4187202433,2292948,6.360394205812,18018,62131,1,1,18023,62148,8,1
3128,4187202433,4187434285,231852,5.365210846556,18023,62148,8,1,25489,87893,3,2
3129,4187434285,4189086973,1652688,6.218190873736,25489,87893,3,2,18027,62162,2,1
3130,4189086973,4190678165,1591192,6.201722586629,18027,62162,2,1,25499,87927,17,2
3131,4190678165,4191381065,702900,5.846893543317,25499,87927,17,2,18032,62179,9,1
3132,4191381065,4192011245,630180,5.799464615868,18032,62179,9,1,25503,87941,11,2
3133,4192011245,4193344537,1333292,6.124925273271,25503,87941,11,2,25507,87955,5,2
3134,4193344537,4195561781,2217244,6.345813488343,25507,87955,5,2,18041,62210,10,1
3135,4195561781,4197448201,1886420,6.275638392206,18041,62210,10,1,18045,62224,4,1
3136,4197448201,4197924725,476524,5.678084778647,18045,62224,4,1,25521,88003,13,2
3137,4197924725,4199258957,1334232,6.125231352489,25521,88003,13,2,25525,88017,7,2
3138,4199258957,4199744581,485624,5.686300141844,25525,88017,7,2,18050,62241,11,1
3139,4199744581,4200593401,848820,5.928815603913,18050,62241,11,1,25529,88031,1,2
3140,4200593401,4201631941,1038540,6.016423228309,25529,88031,1,2,18054,62255,5,1
3141,4201631941,4203929465,2297524,6.361260056734,18054,62255,5,1,18059,62272,12,1
3142,4203929465,4205177545,1248080,6.096242423844,18059,62272,12,1,25543,88079,9,2
3143,4205177545,4206512929,1335384,6.125606168398,25543,88079,9,2,25547,88093,3,2
3144,4206512929,4209764189,3251260,6.512051700979,25547,88093,3,2,25557,88127,17,2
3145,4209764189,4210005673,241484,5.382888361001,25557,88127,17,2,18072,62317,7,1
3146,4210005673,4211100301,1094628,6.039266552970,18072,62317,7,1,25561,88141,11,2
3147,4211100301,4211895337,795036,5.900386794376,25561,88141,11,2,18076,62331,1,1
3148,4211895337,4214195665,2300328,6.361789765771,18076,62331,1,1,18081,62348,8,1
3149,4214195665,4216086269,1890604,6.276600572407,18081,62348,8,1,18085,62362,2,1
3150,4216086269,4217027225,940956,5.973569315878,18085,62362,2,1,25579,88203,13,2
3151,4217027225,4218364489,1337264,6.126217153279,25579,88203,13,2,25583,88217,7,2
3152,4218364489,4219701965,1337476,6.126285997676,25583,88217,7,2,25587,88231,1,2
3153,4219701965,4220279285,577320,5.761416602950,25587,88231,1,2,18094,62393,3,1
3154,4220279285,4222581901,2302616,6.362221518083,18094,62393,3,1,18099,62410,10,1
3155,4222581901,4222958317,376416,5.575668075340,18099,62410,10,1,25597,88265,15,2
3156,4222958317,4224296521,1338204,6.126522323687,25597,88265,15,2,25601,88279,9,2
3157,4224296521,4224474385,177864,5.250088054978,25601,88279,9,2,18103,62424,4,1
3158,4224474385,4226778145,2303760,6.362437233386,18103,62424,4,1,18108,62441,11,1
3159,4226778145,4228671569,1893424,6.277247877694,18108,62441,11,1,18112,62455,5,1
3160,4228671569,4228893577,222008,5.346368624420,18112,62455,5,1,25615,88327,17,2
3161,4228893577,4231572077,2678500,6.427891650709,25615,88327,17,2,25623,88355,5,2
3162,4231572077,4232870837,1298760,6.113528904494,25623,88355,5,2,18121,62486,6,1
3163,4232870837,4236173089,3302252,6.518810211881,18121,62486,6,1,25637,88403,13,2
3164,4236173089,4238853893,2680804,6.428265062834,25637,88403,13,2,25645,88431,1,2
3165,4238853893,4238967917,114024,5.056996272131,25645,88431,1,2,18134,62531,1,1
3166,4238967917,4241275625,2307708,6.363180855605,18134,62531,1,1,18139,62548,8,1
3167,4241275625,4243172293,1896668,6.277991316979,18139,62548,8,1,18143,62562,2,1
3168,4243172293,4244800309,1628016,6.211658668783,18143,62562,2,1,25663,88493,3,2
3169,4244800309,4245481145,680836,5.833042511512,25663,88493,3,2,18148,62579,9,1
3170,4245481145,4247378753,1897608,6.278206502601,18148,62579,9,1,18152,62593,3,1
3171,4247378753,4248066329,687576,5.837320709130,18152,62593,3,1,25673,88527,17,2
3172,4248066329,4249408505,1342176,6.127809468752,25673,88527,17,2,25677,88541,11,2
3173,4249408505,4249688749,280244,5.447536323159,25677,88541,11,2,18157,62610,10,1
3174,4249688749,4250750893,1062144,6.026183400141,18157,62610,10,1,25681,88555,5,2
3175,4250750893,4251587297,836404,5.922416101111,25681,88555,5,2,18161,62624,4,1
3176,4251587297,4253898437,2311140,6.363826254171,18161,62624,4,1,18166,62641,11,1
3177,4253898437,4255362317,1463880,6.165505477355,18166,62641,11,1,25695,88603,13,2
3178,4255362317,4256705645,1343328,6.128182067172,25695,88603,13,2,25699,88617,7,2
3179,4256705645,4258049185,1343540,6.128250600818,25699,88617,7,2,25703,88631,1,2
3180,4258049185,4258110209,61024,4.785500671366,25703,88631,1,2,18175,62672,12,1
3181,4258110209,4260010637,1900428,6.278851420482,18175,62672,12,1,18179,62686,6,1
3182,4260010637,4262664565,2653928,6.423889136453,18179,62686,6,1,25717,88679,9,2
3183,4262664565,4264009045,1344480,6.128554346199,25717,88679,9,2,25721,88693,3,2
3184,4264009045,4264225433,216388,5.335233172893,25721,88693,3,2,18188,62717,7,1
3185,4264225433,4266127225,1901792,6.279163016181,18188,62717,7,1,18192,62731,1,1
3186,4266127225,4267282445,1155220,6.062664699109,18192,62731,1,1,25731,88727,17,2
3187,4267282445,4268442313,1159868,6.064408566698,25731,88727,17,2,18197,62748,8,1
3188,4268442313,4268627653,185340,5.267969158685,18197,62748,8,1,25735,88741,11,2
3189,4268627653,4269973073,1345420,6.128857879289,25735,88741,11,2,25739,88755,5,2
3190,4269973073,4270345045,371972,5.570510249820,25739,88755,5,2,18201,62762,2,1
3191,4270345045,4272661277,2316232,6.364782057332,18201,62762,2,1,18206,62779,9,1
3192,4272661277,4275941269,3279992,6.515872784456,18206,62779,9,1,25757,88817,7,2
3193,4275941269,4277287841,1346572,6.129229579706,25757,88817,7,2,25761,88831,1,2
3194,4277287841,4278786937,1499096,6.175829445347,25761,88831,1,2,18219,62824,4,1
3195,4278786937,4280566333,1779396,6.250272609959,18219,62824,4,1,25771,88865,15,2
3196,4280566333,4281105457,539124,5.731688665599,25771,88865,15,2,18224,62841,11,1
3197,4281105457,4281913633,808176,5.907505949271,18224,62841,11,1,25775,88879,9,2
3198,4281913633,4283011009,1097376,6.040355457790,25775,88879,9,2,18228,62855,5,1
3199,4283011009,4285330673,2319664,6.365425082514,18228,62855,5,1,18233,62872,12,1
3200,4285330673,4287890165,2559492,6.408153776449,18233,62872,12,1,25793,88941,11,2
3201,4287890165,4289238617,1348452,6.129835491756,25793,88941,11,2,25797,88955,5,2
3202,4289238617,4291465405,2226788,6.347678872260,25797,88955,5,2,18246,62917,7,1
3203,4291465405,4293373261,1907856,6.280545592189,18246,62917,7,1,18250,62931,1,1
3204,4293373261,4293870865,497604,5.696883862782,18250,62931,1,1,25811,89003,13,2
3205,4293870865,4295220257,1349392,6.130138131070,25811,89003,13,2,25815,89017,7,2
3206,4295220257,4295695729,475472,5.677124946923,25815,89017,7,2,18255,62948,8,1
3207,4295695729,4296569861,874132,5.941577019068,18255,62948,8,1,25819,89031,1,2
3208,4296569861,4297604525,1034664,6.014799338549,25819,89031,1,2,18259,62962,2,1
3209,4297604525,4299855733,2251208,6.352415623423,18259,62962,2,1,25829,89065,15,2
3210,4299855733,4301837873,1982140,6.297134325770,25829,89065,15,2,18268,62993,3,1
3211,4301837873,4302556609,718736,5.856569398314,18268,62993,3,1,25837,89093,3,2
3212,4302556609,4304162629,1606020,6.205750949309,25837,89093,3,2,18273,63010,10,1
3213,4304162629,4305844769,1682140,6.225862138131,18273,63010,10,1,25847,89127,17,2
3214,4305844769,4306073305,228536,5.358954621779,25847,89127,17,2,18277,63024,4,1
3215,4306073305,4307196041,1122736,6.050277648317,18277,63024,4,1,25851,89141,11,2
3216,4307196041,4310310821,3114780,6.493427377429,25851,89141,11,2,18286,63055,5,1
3217,4310310821,4313190185,2879364,6.459296570470,18286,63055,5,1,25869,89203,13,2
3218,4313190185,4314542609,1352424,6.131112869115,25869,89203,13,2,25873,89217,7,2
3219,4314542609,4314550421,7812,3.892762234616,25873,89217,7,2,18295,63086,6,1
3220,4314550421,4315895245,1344824,6.128665451007,18295,63086,6,1,25877,89231,1,2
3221,4315895245,4318792105,2896860,6.461927507045,25877,89231,1,2,18304,63117,7,1
3222,4318792105,4320541861,1749756,6.242977491405,18304,63117,7,1,25891,89279,9,2
3223,4320541861,4320706025,164164,5.215277925527,25891,89279,9,2,18308,63131,1,1
3224,4320706025,4321895437,1189412,6.075332315791,18308,63131,1,1,25895,89293,3,2
3225,4321895437,4323035873,1140436,6.057070918173,25895,89293,3,2,18313,63148,8,1
3226,4323035873,4324950733,1914860,6.282137027156,18313,63148,8,1,18317,63162,2,1
3227,4324950733,4325190977,240244,5.380652550141,18317,63162,2,1,25905,89327,17,2
3228,4325190977,4326545281,1354304,6.131716161176,25905,89327,17,2,25909,89341,11,2
3229,4326545281,4327281725,736444,5.867139728211,25909,89341,11,2,18322,63179,9,1
3230,4327281725,4327899797,618072,5.791039069557,18322,63179,9,1,25913,89355,5,2
3231,4327899797,4329197525,1297728,6.113183675147,25913,89355,5,2,18326,63193,3,1
3232,4329197525,4331529661,2332136,6.367753872985,18326,63193,3,1,18331,63210,10,1
3233,4331529661,4332552869,1023208,6.009963927036,18331,63210,10,1,25927,89403,13,2
3234,4332552869,4333446401,893532,5.951110110479,25927,89403,13,2,18335,63224,4,1
3235,4333446401,4333908325,461924,5.664570527297,18335,63224,4,1,25931,89417,7,2
3236,4333908325,4335263993,1355668,6.132153344825,25931,89417,7,2,25935,89431,1,2
3237,4335263993,4335779681,515688,5.712387025542,25935,89431,1,2,18340,63241,11,1
3238,4335779681,4337697361,1917680,6.282776138899,18340,63241,11,1,18344,63255,5,1
3239,4337697361,4339921021,2223660,6.347068383894,18344,63255,5,1,25949,89479,9,2
3240,4339921021,4340031785,110764,5.044398630954,25949,89479,9,2,18349,63272,12,1
3241,4340031785,4341950405,1918620,6.282988967312,18349,63272,12,1,18353,63286,6,1
3242,4341950405,4344580549,2630144,6.419979526700,18353,63286,6,1,25963,89527,17,2
3243,4344580549,4345937885,1357336,6.132687367839,25963,89527,17,2,25967,89541,11,2
3244,4345937885,4346205533,267648,5.427564002466,25967,89541,11,2,18362,63317,7,1
3245,4346205533,4347295433,1089900,6.037386652582,18362,63317,7,1,25971,89555,5,2
3246,4347295433,4348125517,830084,5.919122042847,25971,89555,5,2,18366,63331,1,1
3247,4348125517,4350462745,2337228,6.368701080519,18366,63331,1,1,18371,63348,8,1
3248,4350462745,4351958917,1496172,6.174981522911,18371,63348,8,1,25985,89603,13,2
3249,4351958917,4352383669,424752,5.628135432478,25985,89603,13,2,18375,63362,2,1
3250,4352383669,4353317405,933736,5.970224103264,18375,63362,2,1,25989,89617,7,2
3251,4353317405,4354676105,1358700,6.133123575403,25989,89617,7,2,25993,89631,1,2
3252,4354676105,4354722041,45936,4.662153175152,25993,89631,1,2,18380,63379,9,1
3253,4354722041,4357984117,3262076,6.513494075035,18380,63379,9,1,26003,89665,15,2
3254,4357984117,4358983421,999304,5.999697625802,26003,89665,15,2,18389,63410,10,1
3255,4358983421,4360703185,1719764,6.235468853576,18389,63410,10,1,26011,89693,3,2
3256,4360703185,4360906225,203040,5.307581604751,26011,89693,3,2,18393,63424,4,1
3257,4360906225,4363246885,2340660,6.369338333454,18393,63424,4,1,18398,63441,11,1
3258,4363246885,4364013485,766600,5.884568814918,18398,63441,11,1,26021,89727,17,2
3259,4364013485,4365170629,1157144,6.063387407797,26021,89727,17,2,18402,63455,5,1
3260,4365170629,4365373853,203224,5.307974995207,18402,63455,5,1,26025,89741,11,2
3261,4365373853,4366734433,1360580,6.133724082710,26025,89741,11,2,26029,89755,5,2
3262,4366734433,4367512433,778000,5.890979596990,26029,89755,5,2,18407,63472,12,1
3263,4367512433,4371408329,3895896,6.590607354975,18407,63472,12,1,26043,89803,13,2
3264,4371408329,4373705689,2297360,6.361229055170,26043,89803,13,2,18420,63517,7,1
3265,4373705689,4374131581,425892,5.629299482317,18420,63517,7,1,26051,89831,1,2
3266,4374131581,4375631737,1500156,6.176136423333,26051,89831,1,2,18424,63531,1,1
3267,4375631737,4377976345,2344608,6.370070242502,18424,63531,1,1,18429,63548,8,1
3268,4377976345,4378809433,833088,5.920690878833,18429,63548,8,1,26065,89879,9,2
3269,4378809433,4379903333,1093900,6.038977622333,26065,89879,9,2,18433,63562,2,1
3270,4379903333,4380172105,268772,5.429384023017,18433,63562,2,1,26069,89893,3,2
3271,4380172105,4383489785,3317680,6.520834494727,26069,89893,3,2,26079,89927,17,2
3272,4383489785,4384177013,687228,5.837100845814,26079,89927,17,2,18442,63593,3,1
3273,4384177013,4384853185,676172,5.830057182849,18442,63593,3,1,26083,89941,11,2
3274,4384853185,4386216797,1363612,6.134690814433,26083,89941,11,2,26087,89955,5,2
3275,4386216797,4386523909,307112,5.487296786264,26087,89955,5,2,18447,63610,10,1
3276,4386523909,4388452777,1928868,6.285302508187,18447,63610,10,1,18451,63624,4,1
3277,4388452777,4390800817,2348040,6.370705491056,18451,63624,4,1,18456,63641,11,1
3278,4390800817,4390901105,100288,5.001248970452,18456,63641,11,1,26101,90003,13,2
3279,4390901105,4392265657,1364552,6.134990090305,26101,90003,13,2,26105,90017,7,2
3280,4392265657,4393630421,1364764,6.135057558073,26105,90017,7,2,26109,90031,1,2
3281,4393630421,4396953193,3322772,6.521500542140,26109,90031,1,2,26119,90065,15,2
3282,4396953193,4397010557,57364,4.758639427133,26119,90065,15,2,18469,63686,6,1
3283,4397010557,4398318685,1308128,6.116650241675,18469,63686,6,1,26123,90079,9,2
3284,4398318685,4401292573,2973888,6.473324608470,26123,90079,9,2,18478,63717,7,1
3285,4401292573,4403009449,1716876,6.234738929721,18478,63717,7,1,26137,90127,17,2
3286,4403009449,4403224685,215236,5.332914912411,26137,90127,17,2,18482,63731,1,1
3287,4403224685,4404375881,1151196,6.061149271911,18482,63731,1,1,26141,90141,11,2
3288,4404375881,4405576673,1200792,6.079467785858,26141,90141,11,2,18487,63748,8,1
3289,4405576673,4407509725,1933052,6.286243536910,18487,63748,8,1,18491,63762,2,1
3290,4407509725,4409862857,2353132,6.371646289804,18491,63762,2,1,18496,63779,9,1
3291,4409862857,4410437245,574388,5.759205358135,18496,63779,9,1,26159,90203,13,2
3292,4410437245,4411796849,1359604,6.133412433622,26159,90203,13,2,18500,63793,3,1
3293,4411796849,4411804829,7980,3.902002891351,18500,63793,3,1,26163,90217,7,2
3294,4411804829,4413172625,1367796,6.136021329343,26163,90217,7,2,26167,90231,1,2
3295,4413172625,4416086057,2913432,6.464404886037,26167,90231,1,2,18509,63824,4,1
3296,4416086057,4416502777,416720,5.619844344425,18509,63824,4,1,26177,90265,15,2
3297,4416502777,4418441477,1938700,6.287510610304,26177,90265,15,2,18514,63841,11,1
3298,4418441477,4419240037,798560,5.902307552522,18514,63841,11,1,26185,90293,3,2
3299,4419240037,4420377349,1137312,6.055879621496,26185,90293,3,2,18518,63855,5,1
3300,4420377349,4422572477,2195128,6.341459849441,18518,63855,5,1,26195,90327,17,2
3301,4422572477,4422733913,161436,5.208000388242,26195,90327,17,2,18523,63872,12,1
3302,4422733913,4423941941,1208028,6.082077000597,18523,63872,12,1,26199,90341,11,2
3303,4423941941,4424670725,728784,5.862598829404,26199,90341,11,2,18527,63886,6,1
3304,4424670725,4425311617,640892,5.806784850493,18527,63886,6,1,26203,90355,5,2
3305,4425311617,4430016749,4705132,6.672571811837,26203,90355,5,2,26217,90403,13,2
3306,4430016749,4430904361,887612,5.948223165009,26217,90403,13,2,18540,63931,1,1
3307,4430904361,4431387365,483004,5.683950727378,18540,63931,1,1,26221,90417,7,2
3308,4431387365,4432758193,1370828,6.136982966579,26221,90417,7,2,26225,90431,1,2
3309,4432758193,4433263729,505536,5.703752087810,26225,90431,1,2,18545,63948,8,1
3310,4433263729,4435202845,1939116,6.287603789818,18545,63948,8,1,18549,63962,2,1
3311,4435202845,4437467281,2264436,6.354960050680,18549,63962,2,1,26239,90479,9,2
3312,4437467281,4437563357,96076,4.982614913482,26239,90479,9,2,18554,63979,9,1
3313,4437563357,4438839049,1275692,6.105745832029,18554,63979,9,1,26243,90493,3,2
3314,4438839049,4441865069,3026020,6.480871794097,26243,90493,3,2,18563,64010,10,1
3315,4441865069,4442178869,313800,5.496652939251,18563,64010,10,1,26253,90527,17,2
3316,4442178869,4443806065,1627196,6.211439867990,26253,90527,17,2,18567,64024,4,1
3317,4443806065,4444924073,1118008,6.048444911192,18567,64024,4,1,26261,90555,5,2
3318,4444924073,4446168865,1244792,6.095096788541,26261,90555,5,2,18572,64041,11,1
3319,4446168865,4448110801,1941936,6.288234912851,18572,64041,11,1,18576,64055,5,1
3320,4448110801,4449639617,1528816,6.184355219230,18576,64055,5,1,26275,90603,13,2
3321,4449639617,4450474745,835128,5.921753044865,26275,90603,13,2,18581,64072,12,1
3322,4450474745,4451013265,538520,5.731201837120,18581,64072,12,1,26279,90617,7,2
3323,4451013265,4452387125,1373860,6.137942479212,26279,90617,7,2,26283,90631,1,2
3324,4452387125,4455732037,3344912,6.524384696568,26283,90631,1,2,26293,90665,15,2
3325,4455732037,4456726525,994488,5.997599547073,26293,90665,15,2,18594,64117,7,1
3326,4456726525,4457106625,380100,5.579897869603,18594,64117,7,1,26297,90679,9,2
3327,4457106625,4458670765,1564140,6.194275622449,26297,90679,9,2,18598,64131,1,1
3328,4458670765,4461037513,2366748,6.374152018793,18598,64131,1,1,18603,64148,8,1
3329,4461037513,4461828625,791112,5.898237972169,18603,64148,8,1,26311,90727,17,2
3330,4461828625,4462982693,1154068,6.062231399075,26311,90727,17,2,18607,64162,2,1
3331,4462982693,4463204153,221460,5.345295295579,18607,64162,2,1,26315,90741,11,2
3332,4463204153,4464579893,1375740,6.138536364688,26315,90741,11,2,26319,90755,5,2
3333,4464579893,4467296705,2716812,6.434059586821,26319,90755,5,2,18616,64193,3,1
3334,4467296705,4469305849,2009144,6.303011064754,18616,64193,3,1,26333,90803,13,2
3335,4469305849,4469665741,359892,5.556172192876,26333,90803,13,2,18621,64210,10,1
3336,4469665741,4470682529,1016788,6.007230412089,18621,64210,10,1,26337,90817,7,2
3337,4470682529,4471612801,930272,5.968609949444,26337,90817,7,2,18625,64224,4,1
3338,4471612801,4472059421,446620,5.649938167224,18625,64224,4,1,26341,90831,1,2
3339,4472059421,4473982981,1923560,6.284105737439,26341,90831,1,2,18630,64241,11,1
3340,4473982981,4475411713,1428732,6.154950771942,18630,64241,11,1,26351,90865,15,2
3341,4475411713,4475930981,519268,5.715391559931,26351,90865,15,2,18634,64255,5,1
3342,4475930981,4478167165,2236184,6.349507535751,18634,64255,5,1,26359,90893,3,2
3343,4478167165,4480251245,2084080,6.318914385881,26359,90893,3,2,18643,64286,6,1
3344,4480251245,4481521745,1270500,6.103974669386,18643,64286,6,1,26369,90927,17,2
3345,4481521745,4482900305,1378560,6.139425672946,26369,90927,17,2,26373,90941,11,2
3346,4482900305,4484279077,1378772,6.139492455205,26373,90941,11,2,26377,90955,5,2
3347,4484279077,4484573593,294516,5.469108893429,26377,90955,5,2,18652,64317,7,1
3348,4484573593,4486523897,1950304,6.290102311482,18652,64317,7,1,18656,64331,1,1
3349,4486523897,4488898025,2374128,6.375504130034,18656,64331,1,1,18661,64348,8,1
3350,4488898025,4489015445,117420,5.069742076042,18661,64348,8,1,26391,91003,13,2
3351,4489015445,4490395157,1379712,6.139788441572,26391,91003,13,2,26395,91017,7,2
3352,4490395157,4490849269,454112,5.657162978371,26395,91017,7,2,18665,64362,2,1
3353,4490849269,4491775081,925812,5.966522805632,18665,64362,2,1,26399,91031,1,2
3354,4491775081,4493224541,1449460,6.161206234856,26399,91031,1,2,18670,64379,9,1
3355,4493224541,4495176725,1952184,6.290520748996,18670,64379,9,1,18674,64393,3,1
3356,4495176725,4496515405,1338680,6.126676775038,18674,64393,3,1,26413,91079,9,2
3357,4496515405,4497553141,1037736,6.016086883064,26413,91079,9,2,18679,64410,10,1
3358,4497553141,4497896269,343128,5.535456158888,18679,64410,10,1,26417,91093,3,2
3359,4497896269,4499506265,1609996,6.206824797038,26417,91093,3,2,18683,64424,4,1
3360,4499506265,4501258229,1751964,6.243525177881,18683,64424,4,1,26427,91127,17,2
3361,4501258229,4501883825,625596,5.796293963224,26427,91127,17,2,18688,64441,11,1
3362,4501883825,4502639821,755996,5.878519497641,18688,64441,11,1,26431,91141,11,2
3363,4502639821,4503837889,1198068,6.078481468460,26431,91141,11,2,18692,64455,5,1
3364,4503837889,4506216593,2378704,6.376340402876,18692,64455,5,1,18697,64472,12,1
3365,4506216593,4508171597,1955004,6.291147650313,18697,64472,12,1,18701,64486,6,1
3366,4508171597,4508768405,596808,5.775834636067,18701,64486,6,1,26449,91203,13,2
3367,4508768405,4511534105,2765700,6.441805069696,26449,91203,13,2,26457,91231,1,2
3368,4511534105,4512507389,973284,5.988239583985,26457,91231,1,2,18710,64517,7,1
3369,4512507389,4514463757,1956368,6.291450550522,18710,64517,7,1,18714,64531,1,1
3370,4514463757,4514901157,437400,5.640878778702,18714,64531,1,1,26467,91265,15,2
3371,4514901157,4516284841,1383684,6.141036919076,26467,91265,15,2,26471,91279,9,2
3372,4516284841,4516845265,560424,5.748516725551,26471,91279,9,2,18719,64548,8,1
3373,4516845265,4518802573,1957308,6.291659171174,18719,64548,8,1,18723,64562,2,1
3374,4518802573,4521038077,2235504,6.349375451290,18723,64562,2,1,26485,91327,17,2
3375,4521038077,4521185225,147148,5.167754363650,26485,91327,17,2,18728,64579,9,1
3376,4521185225,4522422701,1237476,6.092536784843,18728,64579,9,1,26489,91341,11,2
3377,4522422701,4523807537,1384836,6.141398344872,26489,91341,11,2,26493,91355,5,2
3378,4523807537,4525527269,1719732,6.235460772495,26493,91355,5,2,18737,64610,10,1
3379,4525527269,4527486457,1959188,6.292076112077,18737,64610,10,1,18741,64624,4,1
3380,4527486457,4529871397,2384940,6.377477457591,18741,64624,4,1,18746,64641,11,1
3381,4529871397,4529950505,79108,4.898220404865,18746,64641,11,1,26511,91417,7,2
3382,4529950505,4531336493,1385988,6.141759470134,26511,91417,7,2,26515,91431,1,2
3383,4531336493,4534217609,2881116,6.459560744273,26515,91431,1,2,18755,64672,12,1
3384,4534217609,4537484569,3266960,6.514143817094,18755,64672,12,1,26533,91493,3,2
3385,4537484569,4540527913,3043344,6.483351044983,26533,91493,3,2,18768,64717,7,1
3386,4540527913,4540861289,333376,5.522934331417,18768,64717,7,1,26543,91527,17,2
3387,4540861289,4542248945,1387656,6.142281817835,26543,91527,17,2,26547,91541,11,2
3388,4542248945,4542490345,241400,5.382737265761,26547,91541,11,2,18772,64731,1,1
3389,4542490345,4543636813,1146468,6.059361937289,18772,64731,1,1,26551,91555,5,2
3390,4543636813,4544879233,1242420,6.094268433883,26551,91555,5,2,18777,64748,8,1
3391,4544879233,4546842605,1963372,6.293002593151,18777,64748,8,1,18781,64762,2,1
3392,4546842605,4548404417,1561812,6.193628755357,18781,64762,2,1,26565,91603,13,2
3393,4548404417,4549793225,1388808,6.142642209522,26565,91603,13,2,26569,91617,7,2
3394,4549793225,4551182245,1389020,6.142708499033,26569,91617,7,2,26573,91631,1,2
3395,4551182245,4551196949,14704,4.167435494042,26573,91631,1,2,18790,64793,3,1
3396,4551196949,4555553377,4356428,6.639130540713,18790,64793,3,1,18799,64824,4,1
3397,4555553377,4555953805,400428,5.602524437989,18799,64824,4,1,26587,91679,9,2
3398,4555953805,4557343765,1389960,6.143002302391,26587,91679,9,2,26591,91693,3,2
3399,4557343765,4557945697,601932,5.779547431967,26591,91693,3,2,18804,64841,11,1
3400,4557945697,4559911889,1966192,6.293625924722,18804,64841,11,1,18808,64855,5,1
3401,4559911889,4560727865,815976,5.911677385199,18808,64855,5,1,26601,91727,17,2
3402,4560727865,4562118553,1390688,6.143229707219,26601,91727,17,2,26605,91741,11,2
3403,4562118553,4563509453,1390900,6.143295907124,26605,91741,11,2,26609,91755,5,2
3404,4563509453,4564272485,763032,5.882542751758,26609,91755,5,2,18817,64886,6,1
3405,4564272485,4568287469,4014984,6.603683818923,18817,64886,6,1,26623,91803,13,2
3406,4568287469,4568635165,347696,5.541199694457,26623,91803,13,2,18826,64917,7,1
3407,4568635165,4569679309,1044144,6.018760397223,18826,64917,7,1,26627,91817,7,2
3408,4569679309,4570603661,924352,5.965837385232,26627,91817,7,2,18830,64931,1,1
3409,4570603661,4571071361,467700,5.669967369909,18830,64931,1,1,26631,91831,1,2
3410,4571071361,4572999929,1928568,6.285234956401,26631,91831,1,2,18835,64948,8,1
3411,4572999929,4574460553,1460624,6.164538432402,18835,64948,8,1,26641,91865,15,2
3412,4574460553,4574969365,508812,5.706557345314,26641,91865,15,2,18839,64962,2,1
3413,4574969365,4575853333,883968,5.946436543661,18839,64962,2,1,26645,91879,9,2
3414,4575853333,4577366777,1513444,6.179966355956,26645,91879,9,2,18844,64979,9,1
3415,4577366777,4579337153,1970376,6.294549108976,18844,64979,9,1,18848,64993,3,1
3416,4579337153,4580637805,1300652,6.114161113090,18848,64993,3,1,26659,91927,17,2
3417,4580637805,4581735709,1097904,6.040564367352,26659,91927,17,2,18853,65010,10,1
3418,4581735709,4582031525,295816,5.471021660275,18853,65010,10,1,26663,91941,11,2
3419,4582031525,4583425457,1393932,6.144241588149,26663,91941,11,2,26667,91955,5,2
3420,4583425457,4583707025,281568,5.449583296020,26667,91955,5,2,18857,65024,4,1
3421,4583707025,4586106725,2399700,6.380156951508,18857,65024,4,1,18862,65041,11,1
3422,4586106725,4588078981,1972256,6.294963285946,18862,65041,11,1,18866,65055,5,1
3423,4588078981,4588213885,134904,5.130024827005,18866,65055,5,1,26681,92003,13,2
3424,4588213885,4589608757,1394872,6.144534356539,26681,92003,13,2,26685,92017,7,2
3425,4589608757,4590479825,871068,5.940052059568,26685,92017,7,2,18871,65072,12,1
3426,4590479825,4591003841,524016,5.719344547681,18871,65072,12,1,26689,92031,1,2
3427,4591003841,4592453021,1449180,6.161122331746,26689,92031,1,2,18875,65086,6,1
3428,4592453021,4594400413,1947392,6.289453381567,18875,65086,6,1,26699,92065,15,2
3429,4594400413,4594855009,454596,5.657625610039,26699,92065,15,2,18880,65103,13,1
3430,4594855009,4596829145,1974136,6.295377068301,18880,65103,13,1,18884,65117,7,1
3431,4596829145,4597192249,363104,5.560031033183,18884,65117,7,1,26707,92093,3,2
3432,4597192249,4598803705,1611456,6.207218451817,26707,92093,3,2,18888,65131,1,1
3433,4598803705,4600591109,1787404,6.252222725500,18888,65131,1,1,26717,92127,17,2
3434,4600591109,4601207353,616244,5.789752703840,26717,92127,17,2,18893,65148,8,1
3435,4601207353,4601987861,780508,5.892377358825,18893,65148,8,1,26721,92141,11,2
3436,4601987861,4603182853,1194992,6.077364997864,26721,92141,11,2,18897,65162,2,1
3437,4603182853,4605587645,2404792,6.381077518482,18897,65162,2,1,18902,65179,9,1
3438,4605587645,4608183665,2596020,6.414308033990,18902,65179,9,1,26739,92203,13,2
3439,4608183665,4609581569,1397904,6.145477347589,26739,92203,13,2,26743,92217,7,2
3440,4609581569,4609970021,388452,5.589337361816,26743,92217,7,2,18911,65210,10,1
3441,4609970021,4610979685,1009664,6.004176871581,18911,65210,10,1,26747,92231,1,2
3442,4610979685,4611947401,967716,5.985747921637,26747,92231,1,2,18915,65224,4,1
3443,4611947401,4615782481,3835080,6.583774427789,18915,65224,4,1,26761,92279,9,2
3444,4615782481,4616332801,550320,5.740615296442,26761,92279,9,2,18924,65255,5,1
3445,4616332801,4617181537,848736,5.928772623609,18924,65255,5,1,26765,92293,3,2
3446,4617181537,4618741025,1559488,6.192982037282,26765,92293,3,2,18929,65272,12,1
3447,4618741025,4621987561,3246536,6.511420223015,18929,65272,12,1,26779,92341,11,2
3448,4621987561,4623129653,1142092,6.057701089447,26779,92341,11,2,18938,65303,13,1
3449,4623129653,4623387557,257904,5.411458077944,18938,65303,13,1,26783,92355,5,2
3450,4623387557,4627090477,3702920,6.568544329405,26783,92355,5,2,18946,65331,1,1
3451,4627090477,4628196809,1106332,6.043885474285,18946,65331,1,1,26797,92403,13,2
3452,4628196809,4629501505,1304696,6.115509330906,26797,92403,13,2,18951,65348,8,1
3453,4629501505,4629597745,96240,4.983355614332,18951,65348,8,1,26801,92417,7,2
3454,4629597745,4630998893,1401148,6.146484011223,26801,92417,7,2,26805,92431,1,2
3455,4630998893,4631483069,484176,5.685003258204,26805,92431,1,2,18955,65362,2,1
3456,4631483069,4635812101,4329032,6.636390796109,18955,65362,2,1,26819,92479,9,2
3457,4635812101,4635877745,65644,4.817195036808,26819,92479,9,2,18964,65393,3,1
3458,4635877745,4638291061,2413316,6.382614192224,18964,65393,3,1,18969,65410,10,1
3459,4638291061,4640274505,1983444,6.297419943235,18969,65410,10,1,18973,65424,4,1
3460,4640274505,4640627809,353304,5.548148554412,18973,65424,4,1,26833,92527,17,2
3461,4640627809,4642030625,1402816,6.147000710640,26833,92527,17,2,26837,92541,11,2
3462,4642030625,4642688965,658340,5.818450243139,26837,92541,11,2,18978,65441,11,1
3463,4642688965,4643433653,744688,5.871974355622,18978,65441,11,1,26841,92555,5,2
3464,4643433653,4644673349,1239696,6.093315199913,26841,92555,5,2,18982,65455,5,1
3465,4644673349,4648253317,3579968,6.553879144665,18982,65455,5,1,26855,92603,13,2
3466,4648253317,4649074277,820960,5.914321997311,26855,92603,13,2,18991,65486,6,1
3467,4649074277,4651061465,1987188,6.298238955937,18991,65486,6,1,26863,92631,1,2
3468,4651061465,4651491025,429560,5.633023833706,26863,92631,1,2,18996,65503,13,1
3469,4651491025,4653477289,1986264,6.298036971311,18996,65503,13,1,19000,65517,7,1
3470,4653477289,4654480177,1002888,6.001252434817,19000,65517,7,1,26873,92665,15,2
3471,4654480177,4655463977,983800,5.992906818223,26873,92665,15,2,19004,65531,1,1
3472,4655463977,4657290205,1826228,6.261554997163,19004,65531,1,1,26881,92693,3,2
3473,4657290205,4657882385,592180,5.772453735650,26881,92693,3,2,19009,65548,8,1
3474,4657882385,4659870013,1987628,6.298335106085,19009,65548,8,1,19013,65562,2,1
3475,4659870013,4660711205,841192,5.924895133757,19013,65562,2,1,26891,92727,17,2
3476,4660711205,4662289565,1578360,6.198206066162,26891,92727,17,2,19018,65579,9,1
3477,4662289565,4663523113,1233548,6.091156053485,19018,65579,9,1,26899,92755,5,2
3478,4663523113,4664278133,755020,5.877958455966,26899,92755,5,2,19022,65593,3,1
3479,4664278133,4666698829,2420696,6.383940252551,19022,65593,3,1,19027,65610,10,1
3480,4666698829,4668353189,1654360,6.218630020937,19027,65610,10,1,26913,92803,13,2
3481,4668353189,4668688337,335148,5.525236632080,26913,92803,13,2,19031,65624,4,1
3482,4668688337,4669760189,1071852,6.030134822651,19031,65624,4,1,26917,92817,7,2
3483,4669760189,4671110177,1349988,6.130329908082,26917,92817,7,2,19036,65641,11,1
3484,4671110177,4671167401,57224,4.757578212036,19036,65641,11,1,26921,92831,1,2
3485,4671167401,4675523609,4356208,6.639108608250,26921,92831,1,2,19045,65672,12,1
3486,4675523609,4676001433,477824,5.679267959574,19045,65672,12,1,26935,92879,9,2
3487,4676001433,4677409585,1408152,6.148649536339,26935,92879,9,2,26939,92893,3,2
3488,4677409585,4677514997,105412,5.022890053354,26939,92893,3,2,19049,65686,6,1
3489,4677514997,4679939125,2424128,6.384555547931,19049,65686,6,1,19054,65703,13,1
3490,4679939125,4680837965,898840,5.953682391064,19054,65703,13,1,26949,92927,17,2
3491,4680837965,4681931453,1093488,6.038814021427,26949,92927,17,2,19058,65717,7,1
3492,4681931453,4682246845,315392,5.498850673140,19058,65717,7,1,26953,92941,11,2
3493,4682246845,4683655937,1409092,6.148939349240,26953,92941,11,2,26957,92955,5,2
3494,4683655937,4683924205,268268,5.428568871508,26957,92955,5,2,19062,65731,1,1
3495,4683924205,4686349993,2425788,6.384852843335,19062,65731,1,1,19067,65748,8,1
3496,4686349993,4688343685,1993692,6.299658066196,19067,65748,8,1,19071,65762,2,1
3497,4688343685,4688496425,152740,5.183952786267,19071,65762,2,1,26971,93003,13,2
3498,4688496425,4689906457,1410032,6.149228968872,26971,93003,13,2,26975,93017,7,2
3499,4689906457,4690770617,864160,5.936594159937,26975,93017,7,2,19076,65779,9,1
3500,4690770617,4691316701,546084,5.737259452101,19076,65779,9,1,26979,93031,1,2
3501,4691316701,4694750173,3433472,6.535733510069,26979,93031,1,2,26989,93065,15,2
3502,4694750173,4696161145,1410972,6.149518395493,26989,93065,15,2,26993,93079,9,2
3503,4696161145,4697188897,1027752,6.011888330588,26993,93079,9,2,19089,65824,4,1
3504,4697188897,4699618117,2429220,6.385466848053,19089,65824,4,1,19094,65841,11,1
3505,4699618117,4701008089,1389972,6.143006051788,19094,65841,11,1,27007,93127,17,2
3506,4701008089,4701614629,606540,5.782859446928,27007,93127,17,2,19098,65855,5,1
3507,4701614629,4702420001,805372,5.905996526616,19098,65855,5,1,27011,93141,11,2
3508,4702420001,4704044993,1624992,6.210851227244,27011,93141,11,2,19103,65872,12,1
3509,4704044993,4708473953,4428960,6.646301757987,19103,65872,12,1,19112,65903,13,1
3510,4708473953,4708683025,209072,5.320295873756,19112,65903,13,1,27029,93203,13,2
3511,4708683025,4710096089,1413064,6.150161832208,27029,93203,13,2,27033,93217,7,2
3512,4710096089,4710472345,376256,5.575483434173,27033,93217,7,2,19116,65917,7,1
3513,4710472345,4711509365,1037020,6.015787132287,19116,65917,7,1,27037,93231,1,2
3514,4711509365,4712471161,961796,5.983082966560,27037,93231,1,2,19120,65931,1,1
3515,4712471161,4714904329,2433168,6.386172096170,19120,65931,1,1,19125,65948,8,1
3516,4714904329,4714950217,45888,4.661699129652,19125,65948,8,1,27047,93265,15,2
3517,4714950217,4716904085,1953868,6.290895220177,27047,93265,15,2,19129,65962,2,1
3518,4716904085,4717778437,874352,5.941686307785,19129,65962,2,1,27055,93293,3,2
3519,4717778437,4721221577,3443140,6.536954681720,27055,93293,3,2,27065,93327,17,2
3520,4721221577,4721339093,117516,5.070097000554,27065,93327,17,2,19138,65993,3,1
3521,4721339093,4722636521,1297428,6.113083266274,19138,65993,3,1,27069,93341,11,2
3522,4722636521,4723774549,1138028,6.056152947556,27069,93341,11,2,19143,66010,10,1
3523,4723774549,4724051677,277128,5.442680407526,19143,66010,10,1,27073,93355,5,2
3524,4724051677,4725776185,1724508,6.236665213402,27073,93355,5,2,19147,66024,4,1
3525,4725776185,4728212785,2436600,6.386784239874,19147,66024,4,1,19152,66041,11,1
3526,4728212785,4728912989,700204,5.845224587396,19152,66041,11,1,27087,93403,13,2
3527,4728912989,4730215361,1302372,6.114735050647,27087,93403,13,2,19156,66055,5,1
3528,4730215361,4730329085,113724,5.055852126672,19156,66055,5,1,27091,93417,7,2
3529,4730329085,4731745393,1416308,6.151157708265,27091,93417,7,2,27095,93431,1,2
3530,4731745393,4734656621,2911228,6.464076219614,27095,93431,1,2,19165,66086,6,1
3531,4734656621,4736610661,1954040,6.290933449660,19165,66086,6,1,27109,93479,9,2
3532,4736610661,4737095509,484848,5.685605608483,27109,93479,9,2,19170,66103,13,1
3533,4737095509,4738027909,932400,5.969602264849,19170,66103,13,1,27113,93493,3,2
3534,4738027909,4739099965,1072056,6.030217471789,27113,93493,3,2,19174,66117,7,1
3535,4739099965,4741104845,2004880,6.302088383491,19174,66117,7,1,19178,66131,1,1
3536,4741104845,4741478429,373584,5.572388267824,19178,66131,1,1,27123,93527,17,2
3537,4741478429,4742896405,1417976,6.151668880244,27123,93527,17,2,27127,93541,11,2
3538,4742896405,4743545393,648988,5.812236666628,27127,93541,11,2,19183,66148,8,1
3539,4743545393,4744314593,769200,5.886039275566,19183,66148,8,1,27131,93555,5,2
3540,4744314593,4745551213,1236620,6.092236266115,27131,93555,5,2,19187,66162,2,1
3541,4745551213,4747992905,2441692,6.387690880274,19187,66162,2,1,19192,66179,9,1
3542,4747992905,4749186317,1193412,6.076790400449,19192,66179,9,1,27145,93603,13,2
3543,4749186317,4749999665,813348,5.910276403088,27145,93603,13,2,19196,66193,3,1
3544,4749999665,4750605445,605780,5.782314930877,19196,66193,3,1,27149,93617,7,2
3545,4750605445,4752024785,1419340,6.152086442277,27149,93617,7,2,27153,93631,1,2
3546,4752024785,4752442501,417716,5.620881110598,27153,93631,1,2,19201,66210,10,1
3547,4752442501,4754450201,2007700,6.302698818992,19201,66210,10,1,19205,66224,4,1
3548,4754450201,4755480397,1030196,6.012919859288,19205,66224,4,1,27163,93665,15,2
3549,4755480397,4756894181,1413784,6.150383062379,27163,93665,15,2,19210,66241,11,1
3550,4756894181,4756900465,6284,3.798236176368,19210,66241,11,1,27167,93679,9,2
3551,4756900465,4758902821,2002356,6.301541293468,27167,93679,9,2,19214,66255,5,1
3552,4758902821,4761347945,2445124,6.388300888470,19214,66255,5,1,19219,66272,12,1
3553,4761347945,4761778645,430700,5.634174871763,19219,66272,12,1,27181,93727,17,2
3554,4761778645,4763199653,1421008,6.152596522928,27181,93727,17,2,27185,93741,11,2
3555,4763199653,4763357525,157872,5.198305110858,27185,93741,11,2,19223,66286,6,1
3556,4763357525,4764620873,1263348,6.101522997160,19223,66286,6,1,27189,93755,5,2
3557,4764620873,4765803793,1182920,6.072955374608,27189,93755,5,2,19228,66303,13,1
3558,4765803793,4767814313,2010520,6.303308397681,19228,66303,13,1,19232,66317,7,1
3559,4767814313,4769503009,1688696,6.227551474671,19232,66317,7,1,27203,93803,13,2
3560,4769503009,4769825257,322248,5.508190230629,27203,93803,13,2,19236,66331,1,1
3561,4769825257,4770925169,1099912,6.041357940210,19236,66331,1,1,27207,93817,7,2
3562,4770925169,4772273185,1348016,6.129695046999,27207,93817,7,2,19241,66348,8,1
3563,4772273185,4772347541,74356,4.871316018746,19241,66348,8,1,27211,93831,1,2
3564,4772347541,4774285069,1937528,6.287247987389,27211,93831,1,2,19245,66362,2,1
3565,4774285069,4775810533,1525464,6.183401963020,19245,66362,2,1,27221,93865,15,2
3566,4775810533,4776734141,923608,5.965487685983,27221,93865,15,2,19250,66379,9,1
3567,4776734141,4778656945,1922804,6.283935016918,19250,66379,9,1,27229,93893,3,2
3568,4778656945,4781197181,2540236,6.404874066516,27229,93893,3,2,19259,66410,10,1
3569,4781197181,4782122225,925044,5.966162390580,19259,66410,10,1,27239,93927,17,2
3570,4782122225,4783210945,1088720,6.036916201068,27239,93927,17,2,19263,66424,4,1
3571,4783210945,4783546265,335320,5.525459457487,19263,66424,4,1,27243,93941,11,2
3572,4783546265,4784970517,1424252,6.153586837985,27243,93941,11,2,27247,93955,5,2
3573,4784970517,4785662305,691788,5.839973024318,27247,93955,5,2,19268,66441,11,1
3574,4785662305,4787677009,2014704,6.304211248686,19268,66441,11,1,19272,66455,5,1
3575,4787677009,4790129513,2452504,6.389609724381,19272,66455,5,1,19277,66472,12,1
3576,4790129513,4792713661,2584148,6.412317383062,19277,66472,12,1,27269,94031,1,2
3577,4792713661,4794598805,1885144,6.275344530148,27269,94031,1,2,19286,66503,13,1
3578,4794598805,4796615389,2016584,6.304616317083,19286,66503,13,1,19290,66517,7,1
3579,4796615389,4797610165,994776,5.997725298921,19290,66517,7,1,27283,94079,9,2
3580,4797610165,4798632397,1022232,6.009549472007,27283,94079,9,2,19294,66531,1,1
3581,4798632397,4799036509,404112,5.606501746895,19294,66531,1,1,27287,94093,3,2
3582,4799036509,4801087705,2051196,6.312007160930,27287,94093,3,2,19299,66548,8,1
3583,4801087705,4802509169,1421464,6.152735865223,19299,66548,8,1,27297,94127,17,2
3584,4802509169,4803105653,596484,5.775598798711,27297,94127,17,2,19303,66562,2,1
3585,4803105653,4803936241,830588,5.919385652308,19303,66562,2,1,27301,94141,11,2
3586,4803936241,4807580993,3644752,6.561667982943,27301,94141,11,2,19312,66593,3,1
3587,4807580993,4810038589,2457596,6.390510491491,19312,66593,3,1,19317,66610,10,1
3588,4810038589,4810266485,227896,5.357736702569,19317,66610,10,1,27319,94203,13,2
3589,4810266485,4811694709,1428224,6.154796326722,27319,94203,13,2,27323,94217,7,2
3590,4811694709,4812058417,363708,5.560752853757,27323,94217,7,2,19321,66624,4,1
3591,4812058417,4813123145,1064728,6.027238675205,19321,66624,4,1,27327,94231,1,2
3592,4813123145,4814517157,1394012,6.144266512292,27327,94231,1,2,19326,66641,11,1
3593,4814517157,4816600897,2083740,6.318843528634,19326,66641,11,1,27337,94265,15,2
3594,4816600897,4818030061,1429164,6.155082067985,27337,94265,15,2,27341,94279,9,2
3595,4818030061,4821019517,2989456,6.475592165685,27341,94279,9,2,19339,66686,6,1
3596,4821019517,4822939477,1919960,6.283292180808,19339,66686,6,1,27355,94327,17,2
3597,4822939477,4824369581,1430104,6.155367621370,27355,94327,17,2,27359,94341,11,2
3598,4824369581,4825799897,1430316,6.155431996832,27359,94341,11,2,27363,94355,5,2
3599,4825799897,4827526265,1726368,6.237133377320,27363,94355,5,2,19352,66731,1,1
3600,4827526265,4829988953,2462688,6.391409394193,19352,66731,1,1,19357,66748,8,1
3601,4829988953,4830713269,724316,5.859928078788,19357,66748,8,1,27377,94403,13,2
3602,4830713269,4832012965,1299696,6.113841782336,27377,94403,13,2,19361,66762,2,1
3603,4832012965,4832144525,131560,5.119123864811,19361,66762,2,1,27381,94417,7,2
3604,4832144525,4833575993,1431468,6.155781643955,27381,94417,7,2,27385,94431,1,2
3605,4833575993,4834476797,900804,5.954630305986,27385,94431,1,2,19366,66779,9,1
3606,4834476797,4836501749,2024952,6.306414733041,19366,66779,9,1,19370,66793,3,1
3607,4836501749,4839925729,3423980,6.534531219231,19370,66793,3,1,27403,94493,3,2
3608,4839925729,4840992617,1066888,6.028118830357,27403,94493,3,2,19379,66824,4,1
3609,4840992617,4843413149,2420532,6.383910828490,19379,66824,4,1,27413,94527,17,2
3610,4843413149,4843458737,45588,4.658850539602,27413,94527,17,2,19384,66841,11,1
3611,4843458737,4844846285,1387548,6.142248015776,19384,66841,11,1,27417,94541,11,2
3612,4844846285,4845485569,639284,5.805693835048,27417,94541,11,2,19388,66855,5,1
3613,4845485569,4846279633,794064,5.899855507121,19388,66855,5,1,27421,94555,5,2
3614,4846279633,4847952833,1673200,6.223547855909,27421,94555,5,2,19393,66872,12,1
3615,4847952833,4849980605,2027772,6.307019121910,19393,66872,12,1,19397,66886,6,1
3616,4849980605,4851203417,1222812,6.087359692001,19397,66886,6,1,27435,94603,13,2
3617,4851203417,4852449013,1245596,6.095377204906,27435,94603,13,2,19402,66903,13,1
3618,4852449013,4852637705,188692,5.275753487714,19402,66903,13,1,27439,94617,7,2
3619,4852637705,4854072205,1434500,6.156700552582,27439,94617,7,2,27443,94631,1,2
3620,4854072205,4854477725,405520,5.608012278215,27443,94631,1,2,19406,66917,7,1
3621,4854477725,4856506861,2029136,6.307311155989,19406,66917,7,1,19410,66931,1,1
3622,4856506861,4858976929,2470068,6.392708909380,19410,66931,1,1,19415,66948,8,1
3623,4858976929,4858999945,23016,4.362029848882,19415,66948,8,1,27457,94679,9,2
3624,4858999945,4860435385,1435440,6.156985044124,27457,94679,9,2,27461,94693,3,2
3625,4860435385,4861007005,571620,5.757107415601,27461,94693,3,2,19419,66962,2,1
3626,4861007005,4863478217,2471212,6.392910004196,19419,66962,2,1,19424,66979,9,1
3627,4863478217,4863930185,451968,5.655107687211,19424,66979,9,1,27471,94727,17,2
3628,4863930185,4865366353,1436168,6.157205245760,27471,94727,17,2,27475,94741,11,2
3629,4865366353,4866802733,1436380,6.157269349427,27475,94741,11,2,27479,94755,5,2
3630,4866802733,4867981589,1178856,6.071460758255,27479,94755,5,2,19433,67010,10,1
3631,4867981589,4870013545,2031956,6.307914299496,19433,67010,10,1,19437,67024,4,1
3632,4870013545,4871736929,1723384,6.236382056612,19437,67024,4,1,27493,94803,13,2
3633,4871736929,4872487045,750116,5.875128429078,27493,94803,13,2,19442,67041,11,1
3634,4872487045,4873174249,687204,5.837085678723,19442,67041,11,1,27497,94817,7,2
3635,4873174249,4874519941,1345692,6.128945670581,27497,94817,7,2,19446,67055,5,1
3636,4874519941,4874611781,91840,4.963031875054,19446,67055,5,1,27501,94831,1,2
3637,4874611781,4876994585,2382804,6.377088320475,27501,94831,1,2,19451,67072,12,1
3638,4876994585,4878111673,1117088,6.048087386553,19451,67072,12,1,27511,94865,15,2
3639,4878111673,4879549933,1438260,6.157837402291,27511,94865,15,2,27515,94879,9,2
3640,4879549933,4881504209,1954276,6.290985898591,27515,94879,9,2,19460,67103,13,1
3641,4881504209,4883538985,2034776,6.308516606525,19460,67103,13,1,19464,67117,7,1
3642,4883538985,4884490585,951600,5.978454433365,19464,67117,7,1,27529,94927,17,2
3643,4884490585,4885574185,1083600,6.034868996361,27529,94927,17,2,19468,67131,1,1
3644,4885574185,4887369197,1795012,6.254067356266,19468,67131,1,1,27537,94955,5,2
3645,4887369197,4888051633,682436,5.834061928753,27537,94955,5,2,19473,67148,8,1
3646,4888051633,4890087773,2036140,6.308807635716,19473,67148,8,1,19477,67162,2,1
3647,4890087773,4892313805,2226032,6.347531403181,19477,67162,2,1,27551,95003,13,2
3648,4892313805,4893754157,1440352,6.158468639996,27551,95003,13,2,27555,95017,7,2
3649,4893754157,4894603445,849288,5.929054987772,27555,95017,7,2,19486,67193,3,1
3650,4894603445,4895194721,591276,5.771790251265,19486,67193,3,1,27559,95031,1,2
3651,4895194721,4897083181,1888460,6.276107790348,27559,95031,1,2,19491,67210,10,1
3652,4897083181,4898701993,1618812,6.209196415088,19491,67210,10,1,27569,95065,15,2
3653,4898701993,4899121201,419208,5.622429561959,27569,95065,15,2,19495,67224,4,1
3654,4899121201,4901584789,2463588,6.391568079999,19495,67224,4,1,27577,95093,3,2
3655,4901584789,4901602081,17292,4.237845226862,27577,95093,3,2,19500,67241,11,1
3656,4901602081,4903641041,2038960,6.309408705940,19500,67241,11,1,19504,67255,5,1
3657,4903641041,4905094349,1453308,6.162357664212,19504,67255,5,1,27587,95127,17,2
3658,4905094349,4906536581,1442232,6.159035127384,27587,95127,17,2,27591,95141,11,2
3659,4906536581,4908162965,1626384,6.211223093160,27591,95141,11,2,19513,67286,6,1
3660,4908162965,4910646133,2483168,6.395006102964,19513,67286,6,1,19518,67303,13,1
3661,4910646133,4911490873,844740,5.926723059316,19518,67303,13,1,27605,95189,19,2
3662,4911490873,4912686973,1196100,6.077767490382,27605,95189,19,2,19522,67317,7,1
3663,4912686973,4912934045,247072,5.392823530774,19522,67317,7,1,27609,95203,13,2
3664,4912934045,4914377429,1443384,6.159381886808,27609,95203,13,2,27613,95217,7,2
3665,4914377429,4914728237,350808,5.545069488674,27613,95217,7,2,19526,67331,1,1
3666,4914728237,4915821025,1092788,6.038535917338,19526,67331,1,1,27617,95231,1,2
3667,4915821025,4917213065,1392040,6.143651714822,27617,95231,1,2,19531,67348,8,1
3668,4917213065,4919255269,2042204,6.310099122496,19531,67348,8,1,19535,67362,2,1
3669,4919255269,4920780001,1524732,6.183193515060,19535,67362,2,1,27631,95279,9,2
3670,4920780001,4921741241,961240,5.982831834768,27631,95279,9,2,19540,67379,9,1
3671,4921741241,4922224537,483296,5.684213200715,19540,67379,9,1,27635,95293,3,2
3672,4922224537,4923784385,1559848,6.193082280420,27635,95293,3,2,19544,67393,3,1
3673,4923784385,4925741477,1957092,6.291611241679,19544,67393,3,1,27645,95327,17,2
3674,4925741477,4926271501,530024,5.724295535321,27645,95327,17,2,19549,67410,10,1
3675,4926271501,4927186741,915240,5.961534992436,19549,67410,10,1,27649,95341,11,2
3676,4927186741,4928315585,1128844,6.052633928975,27649,95341,11,2,19553,67424,4,1
3677,4928315585,4928632217,316632,5.500554804150,19553,67424,4,1,27653,95355,5,2
3678,4928632217,4932151445,3519228,6.546447404356,27653,95355,5,2,27663,95389,19,2
3679,4932151445,4932848869,697424,5.843496888392,27663,95389,19,2,19562,67455,5,1
3680,4932848869,4933597649,748780,5.874354235829,19562,67455,5,1,27667,95403,13,2
3681,4933597649,4935338273,1740624,6.240704967349,27667,95403,13,2,19567,67472,12,1
3682,4935338273,4936490693,1152420,6.061610786761,19567,67472,12,1,27675,95431,1,2
3683,4936490693,4937384237,893544,5.951115942949,27675,95431,1,2,19571,67486,6,1
3684,4937384237,4939874785,2490548,6.396294916249,19571,67486,6,1,19576,67503,13,1
3685,4939874785,4941460081,1585296,6.200110363819,19576,67503,13,1,27689,95479,9,2
3686,4941460081,4941921689,461608,5.664273326850,27689,95479,9,2,19580,67517,7,1
3687,4941921689,4943969017,2047328,6.311187426042,19580,67517,7,1,19584,67531,1,1
3688,4943969017,4946431969,2462952,6.391455948040,19584,67531,1,1,27703,95527,17,2
3689,4946431969,4946461225,29256,4.466214947330,27703,95527,17,2,19589,67548,8,1
3690,4946461225,4947880265,1419040,6.151994637554,19589,67548,8,1,27707,95541,11,2
3691,4947880265,4948509493,629228,5.798808040040,27707,95541,11,2,19593,67562,2,1
3692,4948509493,4949328773,819280,5.913432353132,19593,67562,2,1,27711,95555,5,2
3693,4949328773,4951002845,1674072,6.223774132588,27711,95555,5,2,19598,67579,9,1
3694,4951002845,4954304617,3301772,6.518747080265,19598,67579,9,1,27725,95603,13,2
3695,4954304617,4955546549,1241932,6.094097817392,27725,95603,13,2,19607,67610,10,1
3696,4955546549,4955754065,207516,5.317051587524,19607,67610,10,1,27729,95617,7,2
3697,4955754065,4957203725,1449660,6.161266155726,27729,95617,7,2,27733,95631,1,2
3698,4957203725,4957596697,392972,5.594361607173,27733,95631,1,2,19611,67624,4,1
3699,4957596697,4960092337,2495640,6.397181937866,19611,67624,4,1,19616,67641,11,1
3700,4960092337,4960733137,640800,5.806722503076,19616,67641,11,1,27743,95665,15,2
3701,4960733137,4963634125,2900988,6.462545932338,27743,95665,15,2,27751,95693,3,2
3702,4963634125,4964640209,1006084,6.002634242364,27751,95693,3,2,19625,67672,12,1
3703,4964640209,4968617153,3976944,6.599549475657,19625,67672,12,1,27765,95741,11,2
3704,4968617153,4969190165,573012,5.758163717045,27765,95741,11,2,19634,67703,13,1
3705,4969190165,4970068693,878528,5.943755607666,19634,67703,13,1,27769,95755,5,2
3706,4970068693,4971243133,1174440,6.069830834366,27769,95755,5,2,19638,67717,7,1
3707,4971243133,4973296525,2053392,6.312471865681,19638,67717,7,1,19642,67731,1,1
3708,4973296525,4973602681,306156,5.485942775094,19642,67731,1,1,27779,95789,19,2
3709,4973602681,4975054949,1452268,6.162046768004,27779,95789,19,2,27783,95803,13,2
3710,4975054949,4975796113,741164,5.869914316501,27783,95803,13,2,19647,67748,8,1
3711,4975796113,4976507429,711316,5.852062577619,19647,67748,8,1,27787,95817,7,2
3712,4976507429,4977850445,1343016,6.128081186660,27787,95817,7,2,19651,67762,2,1
3713,4977850445,4977960121,109676,5.040111602890,19651,67762,2,1,27791,95831,1,2
3714,4977960121,4982406449,4446328,6.648001496900,27791,95831,1,2,19660,67793,3,1
3715,4982406449,4982950333,543884,5.735506282912,19660,67793,3,1,27805,95879,9,2
3716,4982950333,4984403965,1453632,6.162454474888,27805,95879,9,2,27809,95893,3,2
3717,4984403965,4986964537,2560572,6.408336992146,27809,95893,3,2,19669,67824,4,1
3718,4986964537,4987943045,978508,5.990564380675,19669,67824,4,1,27819,95927,17,2
3719,4987943045,4989397405,1454360,6.162671921421,27819,95927,17,2,27823,95941,11,2
3720,4989397405,4989467557,70152,4.846040057069,27823,95941,11,2,19674,67841,11,1
3721,4989467557,4990851977,1384420,6.141267864695,19674,67841,11,1,27827,95955,5,2
3722,4990851977,4991524709,672732,5.827842086361,27827,95955,5,2,19678,67855,5,1
3723,4991524709,4994393345,2868636,6.457675444300,19678,67855,5,1,27837,95989,19,2
3724,4994393345,4995848645,1455300,6.162952529346,27837,95989,19,2,27841,96003,13,2
3725,4995848645,4996086965,238320,5.377160490207,27841,96003,13,2,19687,67886,6,1
3726,4996086965,4997304157,1217192,6.085359089293,19687,67886,6,1,27845,96017,7,2
3727,4997304157,4998592273,1288116,6.109954974741,27845,96017,7,2,19692,67903,13,1
3728,4998592273,4998759881,167608,5.224294743846,19692,67903,13,1,27849,96031,1,2
3729,4998759881,5000651305,1891424,6.276788895434,27849,96031,1,2,19696,67917,7,1
3730,5000651305,5002304053,1652748,6.218206640291,19696,67917,7,1,27859,96065,15,2
3731,5002304053,5002710761,406708,5.609282715118,27859,96065,15,2,19700,67931,1,1
3732,5002710761,5003760505,1049744,6.021083401029,19700,67931,1,1,27863,96079,9,2
3733,5003760505,5005217729,1457224,6.163526315316,27863,96079,9,2,19705,67948,8,1
3734,5005217729,5007278125,2060396,6.313950698081,19705,67948,8,1,19709,67962,2,1
3735,5007278125,5008763629,1485504,6.171873825561,19709,67962,2,1,27877,96127,17,2
3736,5008763629,5009786237,1022608,6.009709185948,27877,96127,17,2,19714,67979,9,1
3737,5009786237,5010221021,434784,5.638273553723,19714,67979,9,1,27881,96141,11,2
3738,5010221021,5011847573,1626552,6.211267952003,27881,96141,11,2,19718,67993,3,1
3739,5011847573,5014356829,2509256,6.399544971285,19718,67993,3,1,19723,68010,10,1
3740,5014356829,5015227373,870544,5.939790726601,19723,68010,10,1,27895,96189,19,2
3741,5015227373,5016419105,1191732,6.076178601036,27895,96189,19,2,19727,68024,4,1
3742,5016419105,5016685705,266600,5.425860145078,19727,68024,4,1,27899,96203,13,2
3743,5016685705,5018144249,1458544,6.163919535048,27899,96203,13,2,27903,96217,7,2
3744,5018144249,5018929505,785256,5.895011263449,27903,96217,7,2,19732,68041,11,1
3745,5018929505,5019603005,673500,5.828337600059,19732,68041,11,1,27907,96231,1,2
3746,5019603005,5020992721,1389716,6.142926057639,27907,96231,1,2,19736,68055,5,1
3747,5020992721,5023154557,2161836,6.334822744661,19736,68055,5,1,27917,96265,15,2
3748,5023154557,5023504265,349708,5.543705567443,27917,96265,15,2,19741,68072,12,1
3749,5023504265,5025568421,2064156,6.314742516298,19741,68072,12,1,19745,68086,6,1
3750,5025568421,5026073737,505316,5.703563049676,19745,68086,6,1,27925,96293,3,2
3751,5026073737,5028081109,2007372,6.302627862062,27925,96293,3,2,19750,68103,13,1
3752,5028081109,5029627577,1546468,6.189340937875,19750,68103,13,1,27935,96327,17,2
3753,5029627577,5031088001,1460424,6.164478961351,27935,96327,17,2,27939,96341,11,2
3754,5031088001,5032211725,1123724,6.050659656432,27939,96341,11,2,19758,68131,1,1
3755,5032211725,5032548637,336912,5.527516479788,19758,68131,1,1,27943,96355,5,2
3756,5032548637,5034726073,2177436,6.337945398924,27943,96355,5,2,19763,68148,8,1
3757,5034726073,5036104765,1378692,6.139467255559,19763,68148,8,1,27953,96389,19,2
3758,5036104765,5036792533,687768,5.837441965399,27953,96389,19,2,19767,68162,2,1
3759,5036792533,5037566129,773596,5.888514215493,19767,68162,2,1,27957,96403,13,2
3760,5037566129,5039027705,1461576,6.164821403014,27957,96403,13,2,27961,96417,7,2
3761,5039027705,5039308025,280320,5.447654084488,27961,96417,7,2,19772,68179,9,1
3762,5039308025,5040489493,1181468,6.072421963284,19772,68179,9,1,27965,96431,1,2
3763,5040489493,5043892061,3402568,6.531806813296,27965,96431,1,2,19781,68210,10,1
3764,5043892061,5045510941,1618880,6.209214657728,19781,68210,10,1,27979,96479,9,2
3765,5045510941,5045960401,449460,5.652691047455,27979,96479,9,2,19785,68224,4,1
3766,5045960401,5046973669,1013268,6.005724327421,19785,68224,4,1,27983,96493,3,2
3767,5046973669,5048478181,1504512,6.177395656026,27983,96493,3,2,19790,68241,11,1
3768,5048478181,5050534889,2056708,6.313172637348,19790,68241,11,1,27993,96527,17,2
3769,5050534889,5050547461,12572,4.099404372346,27993,96527,17,2,19794,68255,5,1
3770,5050547461,5051998345,1450884,6.161632691436,19794,68255,5,1,27997,96541,11,2
3771,5051998345,5053066385,1068040,6.028587518099,27997,96541,11,2,19799,68272,12,1
3772,5053066385,5053462013,395628,5.597287020577,19799,68272,12,1,28001,96555,5,2
3773,5053462013,5057025521,3563508,6.551877738116,28001,96555,5,2,28011,96589,19,2
3774,5057025521,5057656673,631152,5.800133962749,28011,96589,19,2,19808,68303,13,1
3775,5057656673,5059727833,2071160,6.316213650044,19808,68303,13,1,19812,68317,7,1
3776,5059727833,5059954525,226692,5.355436194069,19812,68317,7,1,28019,96617,7,2
3777,5059954525,5061419345,1464820,6.165784260998,28019,96617,7,2,28023,96631,1,2
3778,5061419345,5061799417,380072,5.579865876198,28023,96631,1,2,19816,68331,1,1
3779,5061799417,5064321145,2521728,6.401698240655,19816,68331,1,1,19821,68348,8,1
3780,5064321145,5064985657,664512,5.822502827998,19821,68348,8,1,28033,96665,15,2
3781,5064985657,5066393669,1408012,6.148606356164,28033,96665,15,2,19825,68362,2,1
3782,5066393669,5066451205,57536,4.759939665717,19825,68362,2,1,28037,96679,9,2
3783,5066451205,5070990005,4538800,6.656941046191,28037,96679,9,2,19834,68393,3,1
3784,5070990005,5071485565,495560,5.695096244273,19834,68393,3,1,28051,96727,17,2
3785,5071485565,5072952053,1466488,6.166278513580,28051,96727,17,2,28055,96741,11,2
3786,5072952053,5073514021,561968,5.749711586354,28055,96741,11,2,19839,68410,10,1
3787,5073514021,5074418753,904732,5.956519951406,19839,68410,10,1,28059,96755,5,2
3788,5074418753,5075588425,1169672,6.068064093745,28059,96755,5,2,19843,68424,4,1
3789,5075588425,5077989641,2401216,6.380431228524,19843,68424,4,1,28069,96789,19,2
3790,5077989641,5078113585,123944,5.093225507869,28069,96789,19,2,19848,68441,11,1
3791,5078113585,5079457069,1343484,6.128232498642,19848,68441,11,1,28073,96803,13,2
3792,5079457069,5080188929,731860,5.864428011328,28073,96803,13,2,19852,68455,5,1
3793,5080188929,5082392561,2203632,6.343139070346,19852,68455,5,1,28081,96831,1,2
3794,5082392561,5084791517,2398956,6.380022282510,28081,96831,1,2,19861,68486,6,1
3795,5084791517,5085966253,1174736,6.069940277990,19861,68486,6,1,28091,96865,15,2
3796,5085966253,5087318965,1352712,6.131205342699,28091,96865,15,2,19866,68503,13,1
3797,5087318965,5088903625,1584660,6.199936095599,19866,68503,13,1,28099,96893,3,2
3798,5088903625,5089396189,492564,5.692462667404,28099,96893,3,2,19870,68517,7,1
3799,5089396189,5091473837,2077648,6.317571970263,19870,68517,7,1,19874,68531,1,1
3800,5091473837,5092479605,1005768,6.002497813782,19874,68531,1,1,28109,96927,17,2
3801,5092479605,5093949125,1469520,6.167175501147,28109,96927,17,2,28113,96941,11,2
3802,5093949125,5094002945,53820,4.730943693428,28113,96941,11,2,19879,68548,8,1
3803,5094002945,5095418857,1415912,6.151036262462,19879,68548,8,1,28117,96955,5,2
3804,5095418857,5096081533,662676,5.821301242122,28117,96955,5,2,19883,68562,2,1
3805,5096081533,5098611785,2530252,6.403163776812,19883,68562,2,1,19888,68579,9,1
3806,5098611785,5098997125,385340,5.585844093045,19888,68579,9,1,28127,96989,19,2
3807,5098997125,5100467585,1470460,6.167453215164,28127,96989,19,2,28131,97003,13,2
3808,5100467585,5100691313,223728,5.349720340308,28131,97003,13,2,19892,68593,3,1
3809,5100691313,5101938257,1246944,6.095846949840,19892,68593,3,1,28135,97017,7,2
3810,5101938257,5103222709,1284452,6.108717879311,28135,97017,7,2,19897,68610,10,1
3811,5103222709,5103409141,186432,5.270520458612,19897,68610,10,1,28139,97031,1,2
3812,5103409141,5105303177,1894036,6.277388229394,28139,97031,1,2,19901,68624,4,1
3813,5105303177,5107835717,2532540,6.403556313516,19901,68624,4,1,19906,68641,11,1
3814,5107835717,5108461825,626108,5.796649252952,19906,68641,11,1,28153,97079,9,2
3815,5108461825,5109933649,1471824,6.167855880383,28153,97079,9,2,28157,97093,3,2
3816,5109933649,5112450809,2517160,6.400910821789,28157,97093,3,2,19915,68672,12,1
3817,5112450809,5113517009,1066200,6.027838678189,19915,68672,12,1,28167,97127,17,2
3818,5113517009,5114533157,1016148,6.006956966710,28167,97127,17,2,19919,68686,6,1
3819,5114533157,5117067985,2534828,6.403948495746,19919,68686,6,1,19924,68703,13,1
3820,5117067985,5119151273,2083288,6.318749312274,19924,68703,13,1,19928,68717,7,1
3821,5119151273,5120047973,896700,5.952647169759,19928,68717,7,1,28185,97189,19,2
3822,5120047973,5121234985,1187012,6.074455109441,28185,97189,19,2,19932,68731,1,1
3823,5121234985,5121521465,286480,5.457094308004,19932,68731,1,1,28189,97203,13,2
3824,5121521465,5122995169,1473704,6.168410262305,28189,97203,13,2,28193,97217,7,2
3825,5122995169,5123771473,776304,5.890031823924,28193,97217,7,2,19937,68748,8,1
3826,5123771473,5124469085,697612,5.843613942522,19937,68748,8,1,28197,97231,1,2
3827,5124469085,5125856125,1387040,6.142088985607,28197,97231,1,2,19941,68762,2,1
3828,5125856125,5128057537,2201412,6.342701329506,19941,68762,2,1,28207,97265,15,2
3829,5128057537,5128393757,336220,5.526623543819,28207,97265,15,2,19946,68779,9,1
3830,5128393757,5129532181,1138424,6.056304042872,19946,68779,9,1,28211,97279,9,2
3831,5129532181,5134597777,5065596,6.704630550246,28211,97279,9,2,28225,97327,17,2
3832,5134597777,5135104657,506880,5.704905155573,28225,97327,17,2,19959,68824,4,1
3833,5135104657,5136073361,968704,5.986191093042,19959,68824,4,1,28229,97341,11,2
3834,5136073361,5137549157,1475796,6.169026328898,28229,97341,11,2,28233,97355,5,2
3835,5137549157,5137644577,95420,4.979639412223,28233,97355,5,2,19964,68841,11,1
3836,5137644577,5139732049,2087472,6.319620658849,19964,68841,11,1,19968,68855,5,1
3837,5139732049,5141142185,1410136,6.149261000032,19968,68855,5,1,28243,97389,19,2
3838,5141142185,5142273113,1130928,6.053434956651,28243,97389,19,2,19973,68872,12,1
3839,5142273113,5142618709,345596,5.538568707221,19973,68872,12,1,28247,97403,13,2
3840,5142618709,5144095445,1476736,6.169302862278,28247,97403,13,2,28251,97417,7,2
3841,5144095445,5145572393,1476948,6.169365205054,28251,97417,7,2,28255,97431,1,2
3842,5145572393,5146903733,1331340,6.124288980544,28255,97431,1,2,19982,68903,13,1
3843,5146903733,5148993085,2089352,6.320011613163,19982,68903,13,1,19986,68917,7,1
3844,5148993085,5151082861,2089776,6.320099737222,19986,68917,7,1,19990,68931,1,1
3845,5151082861,5152123789,1040928,6.017420690813,19990,68931,1,1,28273,97493,3,2
3846,5152123789,5153626729,1502940,6.176941643136,28273,97493,3,2,19995,68948,8,1
3847,5153626729,5155717445,2090716,6.320295042856,19995,68948,8,1,19999,68962,2,1
3848,5155717445,5155721909,4464,3.649724185930,19999,68962,2,1,28283,97527,17,2
3849,5155721909,5157200525,1478616,6.169855401357,28283,97527,17,2,28287,97541,11,2
3850,5157200525,5158679353,1478828,6.169917664873,28287,97541,11,2,28291,97555,5,2
3851,5158679353,5160354113,1674760,6.223952579645,28291,97555,5,2,20008,68993,3,1
3852,5160354113,5162279761,1925648,6.284576902919,20008,68993,3,1,28301,97589,19,2
3853,5162279761,5162900269,620508,5.792747385083,28301,97589,19,2,20013,69010,10,1
3854,5162900269,5163759317,859048,5.934017431064,20013,69010,10,1,28305,97603,13,2
3855,5163759317,5164992865,1233548,6.091156053485,28305,97603,13,2,20017,69024,4,1
3856,5164992865,5165239085,246220,5.391323326974,20017,69024,4,1,28309,97617,7,2
3857,5165239085,5166719065,1479980,6.170255846511,28309,97617,7,2,28313,97631,1,2
3858,5166719065,5167540165,821100,5.914396052130,28313,97631,1,2,20022,69041,11,1
3859,5167540165,5169633701,2093536,6.320880433327,20022,69041,11,1,20026,69055,5,1
3860,5169633701,5171802985,2169284,6.336316413037,20026,69055,5,1,28327,97679,9,2
3861,5171802985,5173283905,1480920,6.170531598361,28327,97679,9,2,28331,97693,3,2
3862,5173283905,5174276621,992716,5.996825021633,28331,97693,3,2,20035,69086,6,1
3863,5174276621,5176826209,2549588,6.406470006401,20035,69086,6,1,20040,69103,13,1
3864,5176826209,5176889405,63196,4.800689590420,20040,69103,13,1,28341,97727,17,2
3865,5176889405,5178371053,1481648,6.170745039126,28341,97727,17,2,28345,97741,11,2
3866,5178371053,5178921625,550572,5.740814121052,28345,97741,11,2,20044,69117,7,1
3867,5178921625,5179852913,931288,5.969084006941,20044,69117,7,1,28349,97755,5,2
3868,5179852913,5181017465,1164552,6.066158885579,28349,97755,5,2,20048,69131,1,1
3869,5181017465,5183460701,2443236,6.387965418896,20048,69131,1,1,28359,97789,19,2
3870,5183460701,5183568713,108012,5.033472007749,28359,97789,19,2,20053,69148,8,1
3871,5183568713,5184943289,1374576,6.138168756888,20053,69148,8,1,28363,97803,13,2
3872,5184943289,5185665493,722204,5.858659889481,28363,97803,13,2,20057,69162,2,1
3873,5185665493,5186426089,760596,5.881154037112,20057,69162,2,1,28367,97817,7,2
3874,5186426089,5187909101,1483012,6.171144665197,28367,97817,7,2,28371,97831,1,2
3875,5187909101,5188217885,308784,5.489654788776,28371,97831,1,2,20062,69179,9,1
3876,5188217885,5190315605,2097720,6.321747518857,20062,69179,9,1,20066,69193,3,1
3877,5190315605,5191519693,1204088,6.080658228216,20066,69193,3,1,28381,97865,15,2
3878,5191519693,5192869141,1349448,6.130156153992,28381,97865,15,2,20071,69210,10,1
3879,5192869141,5193003433,134292,5.128050141788,20071,69210,10,1,28385,97879,9,2
3880,5193003433,5194967801,1964368,6.293222850762,28385,97879,9,2,20075,69224,4,1
3881,5194967801,5197522481,2554680,6.407336508018,20075,69224,4,1,20080,69241,11,1
3882,5197522481,5198100265,577784,5.761765511188,20080,69241,11,1,28399,97927,17,2
3883,5198100265,5199584945,1484680,6.171632858226,28399,97927,17,2,28403,97941,11,2
3884,5199584945,5199622081,37136,4.569795123112,28403,97941,11,2,20084,69255,5,1
3885,5199622081,5201069837,1447756,6.160695373475,20084,69255,5,1,28407,97955,5,2
3886,5201069837,5202177905,1108068,6.044566413027,28407,97955,5,2,20089,69272,12,1
3887,5202177905,5204278445,2100540,6.322330956102,20089,69272,12,1,20093,69286,6,1
3888,5204278445,5204685005,406560,5.609124647706,20093,69286,6,1,28417,97989,19,2
3889,5204685005,5206170625,1485620,6.171907737414,28417,97989,19,2,28421,98003,13,2
3890,5206170625,5207656457,1485832,6.171969707407,28421,98003,13,2,28425,98017,7,2
3891,5207656457,5208936893,1280436,6.107357876017,28425,98017,7,2,20102,69317,7,1
3892,5208936893,5209142501,205608,5.313040008612,20102,69317,7,1,28429,98031,1,2
3893,5209142501,5211038797,1896296,6.277906128958,28429,98031,1,2,20106,69331,1,1
3894,5211038797,5212760473,1721676,6.235951425485,20106,69331,1,1,28439,98065,15,2
3895,5212760473,5213597425,836952,5.922700551502,28439,98065,15,2,20111,69348,8,1
3896,5213597425,5215700269,2102844,6.322807055638,20111,69348,8,1,20115,69362,2,1
3897,5215700269,5215734229,33960,4.530967681572,20115,69362,2,1,28447,98093,3,2
3898,5215734229,5218260041,2525812,6.402401022228,28447,98093,3,2,20120,69379,9,1
3899,5218260041,5219354489,1094448,6.039195131962,20120,69379,9,1,28457,98127,17,2
3900,5219354489,5220842201,1487712,6.172518866078,28457,98127,17,2,28461,98141,11,2
3901,5220842201,5222924741,2082540,6.318593351789,28461,98141,11,2,20129,69410,10,1
3902,5222924741,5225029465,2104724,6.323195153314,20129,69410,10,1,20133,69424,4,1
3903,5225029465,5225952673,923208,5.965299559179,20133,69424,4,1,28475,98189,19,2
3904,5225952673,5227441325,1488652,6.172793185231,28475,98189,19,2,28479,98203,13,2
3905,5227441325,5227591525,150200,5.176669932668,28479,98203,13,2,20138,69441,11,1
3906,5227591525,5229697189,2105664,6.323389072173,20138,69441,11,1,20142,69455,5,1
3907,5229697189,5230419265,722076,5.858582910372,20142,69455,5,1,28487,98231,1,2
3908,5230419265,5232260393,1841128,6.265083982834,28487,98231,1,2,20147,69472,12,1
3909,5232260393,5235534421,3274028,6.515082389246,20147,69472,12,1,28501,98279,9,2
3910,5235534421,5236931345,1396924,6.145172778857,28501,98279,9,2,20156,69503,13,1
3911,5236931345,5237024437,93092,4.968912360840,20156,69503,13,1,28505,98293,3,2
3912,5237024437,5240652077,3627640,6.559624181979,28505,98293,3,2,28515,98327,17,2
3913,5240652077,5241146857,494780,5.694412136258,28515,98327,17,2,20164,69531,1,1
3914,5241146857,5242142821,995964,5.998243640749,20164,69531,1,1,28519,98341,11,2
3915,5242142821,5243633777,1490956,6.173464827062,28519,98341,11,2,28523,98355,5,2
3916,5243633777,5243712865,79088,4.898110593117,28523,98355,5,2,20169,69548,8,1
3917,5243712865,5245821773,2108908,6.324057634285,20169,69548,8,1,20173,69562,2,1
3918,5245821773,5247263705,1441932,6.158944779994,20173,69562,2,1,28533,98389,19,2
3919,5247263705,5248755389,1491684,6.173676831453,28533,98389,19,2,28537,98403,13,2
3920,5248755389,5250247285,1491896,6.173738549544,28537,98403,13,2,28541,98417,7,2
3921,5250247285,5250498773,251488,5.400517267093,28541,98417,7,2,20182,69593,3,1
3922,5250498773,5251739393,1240620,6.093638778134,20182,69593,3,1,28545,98431,1,2
3923,5251739393,5253067069,1327676,6.123092104716,28545,98431,1,2,20187,69610,10,1
3924,5253067069,5255177857,2110788,6.324444616513,20187,69610,10,1,20191,69624,4,1
3925,5255177857,5256864961,1687104,6.227141855105,20191,69624,4,1,28559,98479,9,2
3926,5256864961,5261993029,5128068,6.709953775448,28559,98479,9,2,28573,98527,17,2
3927,5261993029,5263486805,1493776,6.174285477494,28573,98527,17,2,28577,98541,11,2
3928,5263486805,5264542277,1055472,6.023446716652,28577,98541,11,2,20209,69686,6,1
3929,5264542277,5264980793,438516,5.641985443962,20209,69686,6,1,28581,98555,5,2
3930,5264980793,5267114005,2133212,6.329034018063,28581,98555,5,2,20214,69703,13,1
3931,5267114005,5268618101,1504096,6.177275556295,20214,69703,13,1,28591,98589,19,2
3932,5268618101,5269227613,609512,5.784982260377,28591,98589,19,2,20218,69717,7,1
3933,5269227613,5270112817,885204,5.947043367720,20218,69717,7,1,28595,98603,13,2
3934,5270112817,5271341645,1228828,6.089491098608,28595,98603,13,2,20222,69731,1,1
3935,5271341645,5271607745,266100,5.425044874551,20222,69731,1,1,28599,98617,7,2
3936,5271607745,5273102885,1495140,6.174681860474,28599,98617,7,2,28603,98631,1,2
3937,5273102885,5273915033,812148,5.909635179151,28603,98631,1,2,20227,69748,8,1
3938,5273915033,5276030005,2114972,6.325304622148,20227,69748,8,1,20231,69762,2,1
3939,5276030005,5276742997,712992,5.853084656955,20231,69762,2,1,28613,98665,15,2
3940,5276742997,5278604537,1861540,6.269872372595,28613,98665,15,2,20236,69779,9,1
3941,5278604537,5279734945,1130408,6.053235222393,20236,69779,9,1,28621,98693,3,2
3942,5279734945,5280720449,985504,5.993658391350,28621,98693,3,2,20240,69793,3,1
3943,5280720449,5283377345,2656896,6.424374554971,20240,69793,3,1,28631,98727,17,2
3944,5283377345,5284874153,1496808,6.175166095675,28631,98727,17,2,28635,98741,11,2
3945,5284874153,5285412977,538824,5.731446931586,28635,98741,11,2,20249,69824,4,1
3946,5285412977,5286371173,958196,5.981454353559,20249,69824,4,1,28639,98755,5,2
3947,5286371173,5287989797,1618624,6.209145975566,28639,98755,5,2,20254,69841,11,1
3948,5287989797,5290015861,2026064,6.306653159883,20254,69841,11,1,28649,98789,19,2
3949,5290015861,5290107589,91728,4.962501924431,28649,98789,19,2,20258,69855,5,1
3950,5290107589,5291513609,1406020,6.147991498371,20258,69855,5,1,28653,98803,13,2
3951,5291513609,5292685553,1171944,6.068906859914,28653,98803,13,2,20263,69872,12,1
3952,5292685553,5293011569,326016,5.513238914611,20263,69872,12,1,28657,98817,7,2
3953,5293011569,5294509741,1498172,6.175561676089,28657,98817,7,2,28661,98831,1,2
3954,5294509741,5294804285,294544,5.469150180379,28661,98831,1,2,20267,69886,6,1
3955,5294804285,5297383393,2579108,6.411469528575,20267,69886,6,1,20272,69903,13,1
3956,5297383393,5299503065,2119672,6.326268662999,20272,69903,13,1,20276,69917,7,1
3957,5299503065,5299656133,153068,5.184884407707,20276,69917,7,1,28675,98879,9,2
3958,5299656133,5301155245,1499112,6.175834080590,28675,98879,9,2,28679,98893,3,2
3959,5301155245,5301623161,467916,5.670167895786,28679,98893,3,2,20280,69931,1,1
3960,5301623161,5304203929,2580768,6.411748965083,20280,69931,1,1,20285,69948,8,1
3961,5304203929,5304805025,601096,5.778943837961,20285,69948,8,1,28689,98927,17,2
3962,5304805025,5306304865,1499840,6.176044931840,28689,98927,17,2,28693,98941,11,2
3963,5306304865,5306324965,20100,4.303196057420,28693,98941,11,2,20289,69962,2,1
3964,5306324965,5307804917,1479952,6.170247629940,20289,69962,2,1,28697,98955,5,2
3965,5307804917,5308906877,1101960,6.042165830365,28697,98955,5,2,20294,69979,9,1
3966,5308906877,5311456985,2550108,6.406558573693,20294,69979,9,1,28707,98989,19,2
3967,5311456985,5312957765,1500780,6.176317033490,28707,98989,19,2,28711,99003,13,2
3968,5312957765,5313611909,654144,5.815673362271,28711,99003,13,2,20303,70010,10,1
3969,5313611909,5314458757,846848,5.927805466192,20303,70010,10,1,28715,99017,7,2
3970,5314458757,5315734825,1276068,6.105873817989,28715,99017,7,2,20307,70024,4,1
3971,5315734825,5315959961,225136,5.352444945695,20307,70024,4,1,28719,99031,1,2
3972,5315959961,5318319025,2359064,6.372739723196,28719,99031,1,2,20312,70041,11,1
3973,5318319025,5319614833,1295808,6.112540656845,20312,70041,11,1,28729,99065,15,2
3974,5319614833,5320442881,828048,5.918055512547,28729,99065,15,2,20316,70055,5,1
3975,5320442881,5321116765,673884,5.828585145058,20316,70055,5,1,28733,99079,9,2
3976,5321116765,5323028225,1911460,6.281365214225,28733,99079,9,2,20321,70072,12,1
3977,5323028225,5327739509,4711284,6.673139284649,20321,70072,12,1,20330,70103,13,1
3978,5327739509,5327778941,39432,4.595848805147,20330,70103,13,1,28751,99141,11,2
3979,5327778941,5329865245,2086304,6.319377590717,28751,99141,11,2,20334,70117,7,1
3980,5329865245,5331991405,2126160,6.327595943396,20334,70117,7,1,20338,70131,1,1
3981,5331991405,5332452877,461472,5.664145355168,20338,70131,1,1,20339,70134,14,1
3982,5332452877,5332941473,488596,5.688949907203,20339,70134,14,1,28765,99189,19,2
3983,5332941473,5334579553,1638080,6.214335107870,28765,99189,19,2,20343,70148,8,1
3984,5334579553,5335949309,1369756,6.136643211469,20343,70148,8,1,28773,99217,7,2
3985,5335949309,5336706653,757344,5.879293189100,28773,99217,7,2,20347,70162,2,1
3986,5336706653,5337453545,746892,5.873257807712,20347,70162,2,1,28777,99231,1,2
3987,5337453545,5341115797,3662252,6.563748224849,28777,99231,1,2,28787,99265,15,2
3988,5341115797,5341423985,308188,5.488815724469,28787,99265,15,2,20356,70193,3,1
3989,5341423985,5344014421,2590436,6.413372866961,20356,70193,3,1,20361,70210,10,1
3990,5344014421,5344125937,111516,5.047337183198,20361,70210,10,1,28795,99293,3,2
3991,5344125937,5346143401,2017464,6.304805793832,28795,99293,3,2,20365,70224,4,1
3992,5346143401,5347790477,1647076,6.216713639011,20365,70224,4,1,28805,99327,17,2
3993,5347790477,5348734981,944504,5.975203801511,28805,99327,17,2,20370,70241,11,1
3994,5348734981,5350802497,2067516,6.315448879136,20370,70241,11,1,28813,99355,5,2
3995,5350802497,5350864901,62404,4.795212428180,28813,99355,5,2,20374,70255,5,1
3996,5350864901,5355588485,4723584,6.674271642866,20374,70255,5,1,20383,70286,6,1
3997,5355588485,5355976169,387684,5.588477877729,20383,70286,6,1,28827,99403,13,2
3998,5355976169,5357483225,1507056,6.178129390363,28827,99403,13,2,28831,99417,7,2
3999,5357483225,5358182353,699128,5.844556695924,28831,99417,7,2,20388,70303,13,1
4000,5358182353,5358990493,808140,5.907486603300,20388,70303,13,1,28835,99431,1,2
4001,5358990493,5360314153,1323660,6.121776445008,28835,99431,1,2,20392,70317,7,1
4002,5360314153,5362446377,2132224,6.328832827397,20392,70317,7,1,20396,70331,1,1
4003,5362446377,5362909165,462788,5.665382089257,20396,70331,1,1,20397,70334,14,1
4004,5362909165,5364168121,1258956,6.100010551958,20397,70334,14,1,28849,99479,9,2
4005,5364168121,5365041905,873784,5.941404088010,28849,99479,9,2,20401,70348,8,1
4006,5365041905,5365676329,634424,5.802379603803,20401,70348,8,1,28853,99493,3,2
4007,5365676329,5367175069,1498740,6.175726298386,28853,99493,3,2,20405,70362,2,1
4008,5367175069,5369348249,2173180,6.337095699523,20405,70362,2,1,28863,99527,17,2
4009,5369348249,5369771741,423492,5.626845210679,28863,99527,17,2,20410,70379,9,1
4010,5369771741,5370857185,1085444,6.035607422338,20410,70379,9,1,28867,99541,11,2
4011,5370857185,5371905845,1048660,6.020634702628,28867,99541,11,2,20414,70393,3,1
4012,5371905845,5372366333,460488,5.663218317265,20414,70393,3,1,28871,99555,5,2
4013,5372366333,5374503661,2137328,6.329871175257,28871,99555,5,2,20419,70410,10,1
4014,5374503661,5376040541,1536880,6.186639958995,20419,70410,10,1,28881,99589,19,2
4015,5376040541,5376638705,598164,5.776820271832,28881,99589,19,2,20423,70424,4,1
4016,5376638705,5377550417,911712,5.959857671043,20423,70424,4,1,28885,99603,13,2
4017,5377550417,5379237665,1687248,6.227178922017,28885,99603,13,2,20428,70441,11,1
4018,5379237665,5380570805,1333140,6.124875759342,20428,70441,11,1,28893,99631,1,2
4019,5380570805,5381373649,802844,5.904631166050,28893,99631,1,2,20432,70455,5,1
4020,5381373649,5383973753,2600104,6.414990719403,20432,70455,5,1,20437,70472,12,1
4021,5383973753,5384247817,274064,5.437851992022,20437,70472,12,1,28903,99665,15,2
4022,5384247817,5385758845,1511028,6.179272512077,28903,99665,15,2,28907,99679,9,2
4023,5385758845,5386110677,351832,5.546335337087,28907,99679,9,2,20441,70486,6,1
4024,5386110677,5388711925,2601248,6.415181759307,20441,70486,6,1,20446,70503,13,1
4025,5388711925,5390849789,2137864,6.329980074152,20446,70503,13,1,20450,70517,7,1
4026,5390849789,5390949385,99596,4.998241896528,20450,70517,7,1,28921,99727,17,2
4027,5390949385,5392461353,1511968,6.179542599650,28921,99727,17,2,28925,99741,11,2
4028,5392461353,5392988077,526724,5.721583107289,28925,99741,11,2,20454,70531,1,1
4029,5392988077,5393452181,464104,5.666615311514,20454,70531,1,1,20455,70534,14,1
4030,5393452181,5393973533,521352,5.717131043912,20455,70534,14,1,28929,99755,5,2
4031,5393973533,5395590985,1617452,6.208831401276,28929,99755,5,2,20459,70548,8,1
4032,5395590985,5397655121,2064136,6.314738308316,20459,70548,8,1,28939,99789,19,2
4033,5397655121,5397730213,75092,4.875593671479,28939,99789,19,2,20463,70562,2,1
4034,5397730213,5399168029,1437816,6.157703312126,20463,70562,2,1,28943,99803,13,2
4035,5399168029,5400334265,1166236,6.066786443328,28943,99803,13,2,20468,70579,9,1
4036,5400334265,5400681149,346884,5.540184268502,20468,70579,9,1,28947,99817,7,2
4037,5400681149,5402194481,1513332,6.179934215499,28947,99817,7,2,28951,99831,1,2
4038,5402194481,5405079629,2885148,6.460168096152,28951,99831,1,2,20477,70610,10,1
4039,5405079629,5405878873,799244,5.902679384666,20477,70610,10,1,28961,99865,15,2
4040,5405878873,5407220737,1341864,6.127708501643,28961,99865,15,2,20481,70624,4,1
4041,5407220737,5408907205,1686468,6.226978105054,20481,70624,4,1,28969,99893,3,2
4042,5408907205,5409827077,919872,5.963727399562,28969,99893,3,2,20486,70641,11,1
4043,5409827077,5412593885,2766808,6.441979022736,20486,70641,11,1,28979,99927,17,2
4044,5412593885,5414108885,1515000,6.180412632838,28979,99927,17,2,28983,99941,11,2
4045,5414108885,5414576609,467724,5.669989655134,28983,99941,11,2,20495,70672,12,1
4046,5414576609,5415624097,1047488,6.020149056399,20495,70672,12,1,28987,99955,5,2
4047,5415624097,5419313065,3688968,6.566904887950,28987,99955,5,2,28997,99989,19,2
4048,5419313065,5419328225,15160,4.180699201296,28997,99989,19,2,20504,70703,13,1
4049,5419328225,5420829005,1500780,6.176317033490,20504,70703,13,1,29001,100003,13,2
4050,5420829005,5421472153,643148,5.808310923449,29001,100003,13,2,20508,70717,7,1
4051,5421472153,5422345157,873004,5.941016233596,20508,70717,7,1,29005,100017,7,2
4052,5422345157,5423616505,1271348,6.104264444176,29005,100017,7,2,20512,70731,1,1
4053,5423616505,5423861521,245016,5.389194445527,20512,70731,1,1,29009,100031,1,2
4054,5423861521,5424081925,220404,5.343219472041,29009,100031,1,2,20513,70734,14,1
4055,5424081925,5426226793,2144868,6.331400569884,20513,70734,14,1,20517,70748,8,1
4056,5426226793,5428372085,2145292,6.331486413238,20517,70748,8,1,20521,70762,2,1
4057,5428372085,5429070385,698300,5.844042042041,20521,70762,2,1,29023,100079,9,2
4058,5429070385,5430587689,1517304,6.181072602735,29023,100079,9,2,29027,100093,3,2
4059,5430587689,5433129749,2542060,6.405185796950,29027,100093,3,2,20530,70793,3,1
4060,5433129749,5434281749,1152000,6.061452479087,20530,70793,3,1,29037,100127,17,2
4061,5434281749,5435799781,1518032,6.181280926551,29037,100127,17,2,29041,100141,11,2
4062,5435799781,5437889497,2089716,6.320087267923,29041,100141,11,2,20539,70824,4,1
4063,5437889497,5440503217,2613720,6.417259061068,20539,70824,4,1,20544,70841,11,1
4064,5440503217,5441014373,511156,5.708553462952,20544,70841,11,1,29055,100189,19,2
4065,5441014373,5442533345,1518972,6.181549768361,29055,100189,19,2,29059,100203,13,2
4066,5442533345,5442651329,117984,5.071823115926,29059,100203,13,2,20548,70855,5,1
4067,5442651329,5444052529,1401200,6.146500128646,20548,70855,5,1,29063,100217,7,2
4068,5444052529,5445571925,1519396,6.181670978735,29063,100217,7,2,29067,100231,1,2
4069,5445571925,5447415245,1843320,6.265600735203,29067,100231,1,2,20557,70886,6,1
4070,5447415245,5449271077,1855832,6.268538658965,20557,70886,6,1,29077,100265,15,2
4071,5449271077,5450031253,760176,5.880914154096,29077,100265,15,2,20562,70903,13,1
4072,5450031253,5450791201,759948,5.880783876379,20562,70903,13,1,29081,100279,9,2
4073,5450791201,5454331661,3540460,6.549059692106,29081,100279,9,2,20570,70931,1,1
4074,5454331661,5454798397,466736,5.669071299917,20570,70931,1,1,20571,70934,14,1
4075,5454798397,5456012977,1214580,6.084426125493,20571,70934,14,1,29095,100327,17,2
4076,5456012977,5456949329,936352,5.971439142456,29095,100327,17,2,20575,70948,8,1
4077,5456949329,5457534041,584712,5.766942006921,20575,70948,8,1,29099,100341,11,2
4078,5457534041,5459055317,1521276,6.182208013792,29099,100341,11,2,29103,100355,5,2
4079,5459055317,5459100685,45368,4.656749634278,29103,100355,5,2,20579,70962,2,1
4080,5459100685,5461719497,2618812,6.418104322292,20579,70962,2,1,20584,70979,9,1
4081,5461719497,5462759045,1039548,6.016844547207,20584,70979,9,1,29113,100389,19,2
4082,5462759045,5463871793,1112748,6.046396822375,29113,100389,19,2,20588,70993,3,1
4083,5463871793,5464281049,409256,5.611995055214,20588,70993,3,1,29117,100403,13,2
4084,5464281049,5465803265,1522216,6.182476282495,29117,100403,13,2,29121,100417,7,2
4085,5465803265,5466491749,688484,5.837893851939,29121,100417,7,2,20593,71010,10,1
4086,5466491749,5467325693,833944,5.921136888398,20593,71010,10,1,29125,100431,1,2
4087,5467325693,5468644985,1319292,6.120340928946,29125,100431,1,2,20597,71024,4,1
4088,5468644985,5471266085,2621100,6.418483590431,20597,71024,4,1,20602,71041,11,1
4089,5471266085,5473420261,2154176,6.333281183041,20602,71041,11,1,20606,71055,5,1
4090,5473420261,5474078749,658488,5.818547864975,20606,71055,5,1,29143,100493,3,2
4091,5474078749,5476042505,1963756,6.293087524980,29143,100493,3,2,20611,71072,12,1
4092,5476042505,5477787569,1745064,6.241811359282,20611,71072,12,1,29153,100527,17,2
4093,5477787569,5478197621,410052,5.612838934478,29153,100527,17,2,20615,71086,6,1
4094,5478197621,5479311665,1114044,6.046902343961,20615,71086,6,1,29157,100541,11,2
4095,5479311665,5480821009,1509344,6.178788232669,29157,100541,11,2,20620,71103,13,1
4096,5480821009,5480835973,14964,4.175047699526,20620,71103,13,1,29161,100555,5,2
4097,5480835973,5482977065,2141092,6.330635328777,29161,100555,5,2,20624,71117,7,1
4098,5482977065,5484547081,1570016,6.195904078318,20624,71117,7,1,29171,100589,19,2
4099,5484547081,5485133545,586464,5.768241358172,29171,100589,19,2,20628,71131,1,1
4100,5485133545,5486072117,938572,5.972467593956,20628,71131,1,1,29175,100603,13,2
4101,5486072117,5487597365,1525248,6.183340464191,29175,100603,13,2,29179,100617,7,2
4102,5487597365,5487758593,161228,5.207440466684,29179,100617,7,2,20633,71148,8,1
4103,5487758593,5489122825,1364232,6.134888232309,20633,71148,8,1,29183,100631,1,2
4104,5489122825,5489916013,793188,5.899376135219,29183,100631,1,2,20637,71162,2,1
4105,5489916013,5492542205,2626192,6.419326474035,20637,71162,2,1,20642,71179,9,1
4106,5492542205,5494362925,1820720,6.260243162816,20642,71179,9,1,29197,100679,9,2
4107,5494362925,5495889325,1526400,6.183668357360,29197,100679,9,2,29201,100693,3,2
4108,5495889325,5497327901,1438576,6.157932810619,29201,100693,3,2,20651,71210,10,1
4109,5497327901,5499487201,2159300,6.334312984758,20651,71210,10,1,20655,71224,4,1
4110,5499487201,5499605525,118324,5.073072842772,20655,71224,4,1,29211,100727,17,2
4111,5499605525,5501132653,1527128,6.183875440045,29211,100727,17,2,29215,100741,11,2
4112,5501132653,5502115681,983028,5.992565888201,29215,100741,11,2,20660,71241,11,1
4113,5502115681,5502659993,544312,5.735847908957,20660,71241,11,1,29219,100755,5,2
4114,5502659993,5504275921,1615928,6.208422006253,29219,100755,5,2,20664,71255,5,1
4115,5504275921,5506378481,2102560,6.322748397953,20664,71255,5,1,29229,100789,19,2
4116,5506378481,5506905545,527064,5.721863353655,29229,100789,19,2,20669,71272,12,1
4117,5506905545,5507906549,1001004,6.000435812918,20669,71272,12,1,29233,100803,13,2
4118,5507906549,5509434829,1528280,6.184202929707,29233,100803,13,2,29237,100817,7,2
4119,5509434829,5510963321,1528492,6.184263170007,29237,100817,7,2,29241,100831,1,2
4120,5510963321,5511697493,734172,5.865797817273,29241,100831,1,2,20678,71303,13,1
4121,5511697493,5513859613,2162120,6.334879794100,20678,71303,13,1,20682,71317,7,1
4122,5513859613,5514684613,825000,5.916453948550,20682,71317,7,1,29251,100865,15,2
4123,5514684613,5516022157,1337544,6.126308077529,29251,100865,15,2,20686,71331,1,1
4124,5516022157,5516213833,191676,5.282567737708,20686,71331,1,1,29255,100879,9,2
4125,5516213833,5516491525,277692,5.443563368386,29255,100879,9,2,20687,71334,14,1
4126,5516491525,5518654585,2163060,6.335068566276,20687,71334,14,1,20691,71348,8,1
4127,5518654585,5520818069,2163484,6.335153687731,20691,71348,8,1,20695,71362,2,1
4128,5520818069,5521466845,648776,5.812094775759,20695,71362,2,1,29269,100927,17,2
4129,5521466845,5522997005,1530160,6.184736844859,29269,100927,17,2,29273,100941,11,2
4130,5522997005,5524527377,1530372,6.184797011151,29273,100941,11,2,29277,100955,5,2
4131,5524527377,5525616065,1088688,6.036903435961,29277,100955,5,2,20704,71393,3,1
4132,5525616065,5528250781,2634716,6.420733808816,20704,71393,3,1,20709,71410,10,1
4133,5528250781,5528253245,2464,3.391640703492,20709,71410,10,1,29287,100989,19,2
4134,5528253245,5529784345,1531100,6.185003556492,29287,100989,19,2,29291,101003,13,2
4135,5529784345,5530416145,631800,5.800579621569,29291,101003,13,2,20713,71424,4,1
4136,5530416145,5532847181,2431036,6.385791390141,20713,71424,4,1,29299,101031,1,2
4137,5532847181,5533052005,204824,5.311380843207,29299,101031,1,2,20718,71441,11,1
4138,5533052005,5535218309,2166304,6.335719401624,20718,71441,11,1,20722,71455,5,1
4139,5535218309,5536575853,1357544,6.132753914613,20722,71455,5,1,29309,101065,15,2
4140,5536575853,5539640569,3064716,6.486390235674,29309,101065,15,2,29317,101093,3,2
4141,5539640569,5540022557,381988,5.582049719939,29317,101093,3,2,20731,71486,6,1
4142,5540022557,5542660705,2638148,6.421299155797,20731,71486,6,1,20736,71503,13,1
4143,5542660705,5543371529,710824,5.851762082740,20736,71503,13,1,29327,101127,17,2
4144,5543371529,5544828889,1457360,6.163566845319,29327,101127,17,2,20740,71517,7,1
4145,5544828889,5544904721,75832,4.879852510259,20740,71517,7,1,29331,101141,11,2
4146,5544904721,5546997497,2092776,6.320722746174,29331,101141,11,2,20744,71531,1,1
4147,5546997497,5547468181,470684,5.672729435549,20744,71531,1,1,20745,71534,14,1
4148,5547468181,5549637305,2169124,6.336284379574,20745,71534,14,1,20749,71548,8,1
4149,5549637305,5550171373,534068,5.727596556925,20749,71548,8,1,29345,101189,19,2
4150,5550171373,5551705505,1534132,6.185862728847,29345,101189,19,2,29349,101203,13,2
4151,5551705505,5551806853,101348,5.005815182752,29349,101203,13,2,20753,71562,2,1
4152,5551806853,5553239849,1432996,6.156244978129,20753,71562,2,1,29353,101217,7,2
4153,5553239849,5554447805,1207956,6.082051115324,29353,101217,7,2,20758,71579,9,1
4154,5554447805,5554774405,326600,5.514016180401,20758,71579,9,1,29357,101231,1,2
4155,5554774405,5556618293,1843888,6.265734537944,29357,101231,1,2,20762,71593,3,1
4156,5556618293,5559260389,2642096,6.421948593563,20762,71593,3,1,20767,71610,10,1
4157,5559260389,5560045741,785352,5.895064354062,20767,71610,10,1,29371,101279,9,2
4158,5560045741,5561431817,1386076,6.141787043750,29371,101279,9,2,20771,71624,4,1
4159,5561431817,5561581237,149420,5.174408732073,20771,71624,4,1,29375,101293,3,2
4160,5561581237,5564075057,2493820,6.396865103582,29375,101293,3,2,20776,71641,11,1
4161,5564075057,5565319577,1244520,6.095001880310,20776,71641,11,1,29385,101327,17,2
4162,5565319577,5566855801,1536224,6.186454545690,29385,101327,17,2,29389,101341,11,2
4163,5566855801,5568392237,1536436,6.186514474501,29389,101341,11,2,29393,101355,5,2
4164,5568392237,5568891809,499572,5.698598089057,29393,101355,5,2,20785,71672,12,1
4165,5568891809,5571065117,2173308,6.337121278654,20785,71672,12,1,20789,71686,6,1
4166,5571065117,5572132865,1067748,6.028468766622,20789,71686,6,1,29403,101389,19,2
4167,5572132865,5573670029,1537164,6.186720204842,29403,101389,19,2,29407,101403,13,2
4168,5573670029,5573710645,40616,4.608697150397,29407,101403,13,2,20794,71703,13,1
4169,5573710645,5575207405,1496760,6.175152168391,20794,71703,13,1,29411,101417,7,2
4170,5575207405,5575884893,677488,5.830901607178,29411,101417,7,2,20798,71717,7,1
4171,5575884893,5576744993,860100,5.934548947666,20798,71717,7,1,29415,101431,1,2
4172,5576744993,5578059565,1314572,6.118784377697,29415,101431,1,2,20802,71731,1,1
4173,5578059565,5578531565,472000,5.673941998634,20802,71731,1,1,20803,71734,14,1
4174,5578531565,5580706753,2175188,6.337496798686,20803,71734,14,1,20807,71748,8,1
4175,5580706753,5582026741,1319988,6.120569983056,20807,71748,8,1,29429,101479,9,2
4176,5582026741,5582882365,855624,5.932282957902,29429,101479,9,2,20811,71762,2,1
4177,5582882365,5585530697,2648332,6.422972428173,20811,71762,2,1,20816,71779,9,1
4178,5585530697,5587310989,1780292,6.250491240280,20816,71779,9,1,29443,101527,17,2
4179,5587310989,5590389713,3078724,6.488370757221,29443,101527,17,2,29451,101555,5,2
4180,5590389713,5592534217,2144504,6.331326860636,29451,101555,5,2,20829,71824,4,1
4181,5592534217,5594137721,1603504,6.205070047629,20829,71824,4,1,29461,101589,19,2
4182,5594137721,5595677917,1540196,6.187575991162,29461,101589,19,2,29465,101603,13,2
4183,5595677917,5597218325,1540408,6.187635765434,29465,101603,13,2,29469,101617,7,2
4184,5597218325,5597363269,144944,5.161200242314,29469,101617,7,2,20838,71855,5,1
4185,5597363269,5598758945,1395676,6.144784610448,20838,71855,5,1,29473,101631,1,2
4186,5598758945,5600015033,1256088,6.099020066611,29473,101631,1,2,20843,71872,12,1
4187,5600015033,5602509757,2494724,6.397022505107,20843,71872,12,1,29483,101665,15,2
4188,5602509757,5605592665,3082908,6.488960564724,29483,101665,15,2,29491,101693,3,2
4189,5605592665,5607027625,1434960,6.156839795132,29491,101693,3,2,20856,71917,7,1
4190,5607027625,5609208361,2180736,6.338603093051,20856,71917,7,1,20860,71931,1,1
4191,5609208361,5609345765,137404,5.137999375756,20860,71931,1,1,29501,101727,17,2
4192,5609345765,5609681677,335912,5.526225518699,29501,101727,17,2,20861,71934,14,1
4193,5609681677,5610888053,1206376,6.081482688629,20861,71934,14,1,29505,101741,11,2
4194,5610888053,5611862929,974876,5.988949378836,29505,101741,11,2,20865,71948,8,1
4195,5611862929,5612430553,567624,5.754060749800,20865,71948,8,1,29509,101755,5,2
4196,5612430553,5614044605,1614052,6.207917522300,29509,101755,5,2,20869,71962,2,1
4197,5614044605,5616185941,2141336,6.330684818391,20869,71962,2,1,29519,101789,19,2
4198,5616185941,5618882933,2696992,6.430879658221,29519,101789,19,2,20878,71993,3,1
4199,5618882933,5619272609,389676,5.590703658581,20878,71993,3,1,29527,101817,7,2
4200,5619272609,5620816261,1543652,6.188549399941,29527,101817,7,2,29531,101831,1,2
4201,5620816261,5621539789,723528,5.859455342656,29531,101831,1,2,20883,72010,10,1
4202,5621539789,5623723345,2183556,6.339164334420,20883,72010,10,1,20887,72024,4,1
4203,5623723345,5626118833,2395488,6.379393999637,20887,72024,4,1,29545,101879,9,2
4204,5626118833,5626381345,262512,5.419149160750,29545,101879,9,2,20892,72041,11,1
4205,5626381345,5627663425,1282080,6.107915125397,20892,72041,11,1,29549,101893,3,2
4206,5627663425,5628565841,902416,5.955406786828,29549,101893,3,2,20896,72055,5,1
4207,5628565841,5631423905,2858064,6.456071949625,20896,72055,5,1,29559,101927,17,2
4208,5631423905,5632969225,1545320,6.189018425407,29559,101927,17,2,29563,101941,11,2
4209,5632969225,5633410421,441196,5.644631566357,29563,101941,11,2,20905,72086,6,1
4210,5633410421,5634514757,1104336,6.043101229865,20905,72086,6,1,29567,101955,5,2
4211,5634514757,5636070709,1555952,6.191996195188,29567,101955,5,2,20910,72103,13,1
4212,5636070709,5638257085,2186376,6.339724851430,20910,72103,13,1,20914,72117,7,1
4213,5638257085,5638277525,20440,4.310480891463,20914,72117,7,1,29577,101989,19,2
4214,5638277525,5639823785,1546260,6.189282521323,29577,101989,19,2,29581,102003,13,2
4215,5639823785,5640443885,620100,5.792461731347,29581,102003,13,2,20918,72131,1,1
4216,5640443885,5640918517,474632,5.676357015287,20918,72131,1,1,20919,72134,14,1
4217,5640918517,5641370257,451740,5.654888547524,20919,72134,14,1,29585,102017,7,2
4218,5641370257,5642916941,1546684,6.189401592901,29585,102017,7,2,29589,102031,1,2
4219,5642916941,5643105833,188892,5.276213564966,29589,102031,1,2,20923,72148,8,1
4220,5643105833,5645293573,2187740,6.339995707390,20923,72148,8,1,20927,72162,2,1
4221,5645293573,5646682513,1388940,6.142683485312,20927,72162,2,1,29599,102065,15,2
4222,5646682513,5647956665,1274152,6.105221240263,29599,102065,15,2,20932,72179,9,1
4223,5647956665,5648229925,273260,5.436576063999,20932,72179,9,1,29603,102079,9,2
4224,5648229925,5650145345,1915420,6.282264017826,29603,102079,9,2,20936,72193,3,1
4225,5650145345,5652809581,2664236,6.425572692329,20936,72193,3,1,20941,72210,10,1
4226,5652809581,5653545409,735828,5.866776309744,20941,72210,10,1,29617,102127,17,2
4227,5653545409,5654999201,1453792,6.162502274670,29617,102127,17,2,20945,72224,4,1
4228,5654999201,5655093761,94560,4.975707463537,20945,72224,4,1,29621,102141,11,2
4229,5655093761,5657664581,2570820,6.410071669897,29621,102141,11,2,20950,72241,11,1
4230,5657664581,5659855141,2190560,6.340555153114,20950,72241,11,1,20954,72255,5,1
4231,5659855141,5660412473,557332,5.746113979400,20954,72255,5,1,29635,102189,19,2
4232,5660412473,5661961765,1549292,6.190133278339,29635,102189,19,2,29639,102203,13,2
4233,5661961765,5662521665,559900,5.748110467495,29639,102203,13,2,20959,72272,12,1
4234,5662521665,5663511269,989604,5.995461442052,20959,72272,12,1,29643,102217,7,2
4235,5663511269,5664713165,1201896,6.079866889813,29643,102217,7,2,20963,72286,6,1
4236,5664713165,5665060985,347820,5.541354550754,20963,72286,6,1,29647,102231,1,2
4237,5665060985,5667380833,2319848,6.365459530182,29647,102231,1,2,20968,72303,13,1
4238,5667380833,5668833937,1453104,6.162296698269,20968,72303,13,1,29657,102265,15,2
4239,5668833937,5671766137,2932200,6.467193589412,29657,102265,15,2,20976,72331,1,1
4240,5671766137,5671935037,168900,5.227629649571,20976,72331,1,1,29665,102293,3,2
4241,5671935037,5672242085,307048,5.487206272890,29665,102293,3,2,20977,72334,14,1
4242,5672242085,5674435465,2193380,6.341113879104,20977,72334,14,1,20981,72348,8,1
4243,5674435465,5675710277,1274812,6.105446142901,20981,72348,8,1,29675,102327,17,2
4244,5675710277,5676629269,918992,5.963311730787,29675,102327,17,2,20985,72362,2,1
4245,5676629269,5677261661,632392,5.800986367304,20985,72362,2,1,29679,102341,11,2
4246,5677261661,5678813257,1551596,6.190778651322,29679,102341,11,2,29683,102355,5,2
4247,5678813257,5679299741,486484,5.687068561303,29683,102355,5,2,20990,72379,9,1
4248,5679299741,5682590785,3291044,6.517333688684,20990,72379,9,1,29693,102389,19,2
4249,5682590785,5684143109,1552324,6.190982372029,29693,102389,19,2,29697,102403,13,2
4250,5684143109,5684166101,22992,4.361576750790,29697,102403,13,2,20999,72410,10,1
4251,5684166101,5686361785,2195684,6.341569837175,20999,72410,10,1,21003,72424,4,1
4252,5686361785,5687248393,886608,5.947731645687,21003,72424,4,1,29705,102431,1,2
4253,5687248393,5689034545,1786152,6.251918414212,29705,102431,1,2,21008,72441,11,1
4254,5689034545,5691231169,2196624,6.341755724331,21008,72441,11,1,21012,72455,5,1
4255,5691231169,5692582201,1351032,6.130665635668,21012,72455,5,1,29719,102479,9,2
4256,5692582201,5693905073,1322872,6.121517824246,29719,102479,9,2,21017,72472,12,1
4257,5693905073,5694135889,230816,5.363265910510,21017,72472,12,1,29723,102493,3,2
4258,5694135889,5698777685,4641796,6.666686049946,29723,102493,3,2,21026,72503,13,1
4259,5698777685,5699472925,695240,5.842134750897,21026,72503,13,1,29737,102541,11,2
4260,5699472925,5700976189,1503264,6.177035257150,29737,102541,11,2,21030,72517,7,1
4261,5700976189,5701027553,51364,4.710658837302,21030,72517,7,1,29741,102555,5,2
4262,5701027553,5703175117,2147564,6.331946115196,29741,102555,5,2,21034,72531,1,1
4263,5703175117,5704812461,1637344,6.214139932684,21034,72531,1,1,29751,102589,19,2
4264,5704812461,5705851825,1039364,6.016767670278,29751,102589,19,2,21039,72548,8,1
4265,5705851825,5706367817,515992,5.712642968327,21039,72548,8,1,29755,102603,13,2
4266,5706367817,5707923385,1555568,6.191889000581,29755,102603,13,2,29759,102617,7,2
4267,5707923385,5708051693,128308,5.108253735467,29759,102617,7,2,21043,72562,2,1
4268,5708051693,5709479165,1427472,6.154567598274,21043,72562,2,1,29763,102631,1,2
4269,5709479165,5712930353,3451188,6.537968617692,29763,102631,1,2,21052,72593,3,1
4270,5712930353,5713266877,336524,5.527016042396,21052,72593,3,1,29773,102665,15,2
4271,5713266877,5714823385,1556508,6.192151357172,29773,102665,15,2,29777,102679,9,2
4272,5714823385,5715609349,785964,5.895402654234,29777,102679,9,2,21057,72610,10,1
4273,5715609349,5717811097,2201748,6.342767610516,21057,72610,10,1,21061,72624,4,1
4274,5717811097,5720170105,2359008,6.372729413692,21061,72624,4,1,29791,102727,17,2
4275,5720170105,5720491237,321132,5.506683584081,29791,102727,17,2,21066,72641,11,1
4276,5720491237,5721727553,1236316,6.092129489779,21066,72641,11,1,29795,102741,11,2
4277,5721727553,5723285213,1557660,6.192472667561,29795,102741,11,2,29799,102755,5,2
4278,5723285213,5727077501,3792288,6.578901311805,29799,102755,5,2,29809,102789,19,2
4279,5727077501,5727578837,501336,5.700128891607,29809,102789,19,2,21079,72686,6,1
4280,5727578837,5728635889,1057052,6.024096352263,21079,72686,6,1,29813,102803,13,2
4281,5728635889,5730194489,1558600,6.192734671903,29813,102803,13,2,29817,102817,7,2
4282,5730194489,5730261265,66776,4.824620400493,29817,102817,7,2,21084,72703,13,1
4283,5730261265,5731753301,1492036,6.173779301966,21084,72703,13,1,29821,102831,1,2
4284,5731753301,5732465833,712532,5.852804373398,29821,102831,1,2,21088,72717,7,1
4285,5732465833,5734670825,2204992,6.343407018129,21088,72717,7,1,21092,72731,1,1
4286,5734670825,5735149405,478580,5.679954545362,21092,72731,1,1,21093,72734,14,1
4287,5735149405,5735548393,398988,5.600959834002,21093,72734,14,1,29831,102865,15,2
4288,5735548393,5737354913,1806520,6.256842774009,29831,102865,15,2,21097,72748,8,1
4289,5737354913,5738667685,1312772,6.118189305115,21097,72748,8,1,29839,102893,3,2
4290,5738667685,5739560845,893160,5.950929265039,29839,102893,3,2,21101,72762,2,1
4291,5739560845,5742246077,2685232,6.428981814046,21101,72762,2,1,21106,72779,9,1
4292,5742246077,5742465065,218988,5.340420317230,21106,72779,9,1,29849,102927,17,2
4293,5742465065,5744025545,1560480,6.193258206872,29849,102927,17,2,29853,102941,11,2
4294,5744025545,5744452949,427404,5.630838582334,29853,102941,11,2,21110,72793,3,1
4295,5744452949,5745586237,1133288,6.054340290196,21110,72793,3,1,29857,102955,5,2
4296,5745586237,5749347137,3760900,6.575291785955,29857,102955,5,2,21119,72824,4,1
4297,5749347137,5749385905,38768,4.588473396793,21119,72824,4,1,29867,102989,19,2
4298,5749385905,5750947325,1561420,6.193519737879,29867,102989,19,2,29871,103003,13,2
4299,5750947325,5752034657,1087332,6.036362169434,29871,103003,13,2,21124,72841,11,1
4300,5752034657,5752508957,474300,5.676053124652,21124,72841,11,1,29875,103017,7,2
4301,5752508957,5754070801,1561844,6.193637653535,29875,103017,7,2,29879,103031,1,2
4302,5754070801,5754243409,172608,5.237060920437,29879,103031,1,2,21128,72855,5,1
4303,5754243409,5756932073,2688664,6.429536532211,21128,72855,5,1,21133,72872,12,1
4304,5756932073,5759141765,2209692,6.344331743358,21133,72872,12,1,21137,72886,6,1
4305,5759141765,5759435845,294080,5.468465489706,21137,72886,6,1,29893,103079,9,2
4306,5759435845,5760998629,1562784,6.193898956208,29893,103079,9,2,29897,103093,3,2
4307,5760998629,5761831573,832944,5.920615804158,29897,103093,3,2,21142,72903,13,1
4308,5761831573,5764042205,2210632,6.344516452361,21142,72903,13,1,21146,72917,7,1
4309,5764042205,5764803389,761184,5.881489650891,21146,72917,7,1,29907,103127,17,2
4310,5764803389,5766253261,1449872,6.161329662823,29907,103127,17,2,21150,72931,1,1
4311,5766253261,5766366901,113640,5.055531225051,21150,72931,1,1,29911,103141,11,2
4312,5766366901,5766733157,366256,5.563784748026,29911,103141,11,2,21151,72934,14,1
4313,5766733157,5768944729,2211572,6.344701082839,21151,72934,14,1,21155,72948,8,1
4314,5768944729,5771156725,2211996,6.344784337289,21155,72948,8,1,21159,72962,2,1
4315,5771156725,5773302125,2145400,6.331508276286,21159,72962,2,1,29929,103203,13,2
4316,5773302125,5773849337,547212,5.738155612609,29929,103203,13,2,21164,72979,9,1
4317,5773849337,5774866789,1017452,6.007513929812,21164,72979,9,1,29933,103217,7,2
4318,5774866789,5776431665,1564876,6.194479929966,29933,103217,7,2,29937,103231,1,2
4319,5776431665,5778756029,2324364,6.366304140419,29937,103231,1,2,21173,73010,10,1
4320,5778756029,5780241517,1485488,6.171869147856,21173,73010,10,1,29947,103265,15,2
4321,5780241517,5780969905,728388,5.862362782295,29947,103265,15,2,21177,73024,4,1
4322,5780969905,5781807121,837216,5.922837519530,21177,73024,4,1,29951,103279,9,2
4323,5781807121,5783664805,1857684,6.268971840590,29951,103279,9,2,21182,73041,11,1
4324,5783664805,5785879621,2214816,6.345337652228,21182,73041,11,1,21186,73055,5,1
4325,5785879621,5787185077,1305456,6.115762238641,21186,73055,5,1,29965,103327,17,2
4326,5787185077,5788575665,1390588,6.143198477346,29965,103327,17,2,21191,73072,12,1
4327,5788575665,5788751621,175956,5.245404080620,21191,73072,12,1,29969,103341,11,2
4328,5788751621,5790318377,1566756,6.195001366536,29969,103341,11,2,29973,103355,5,2
4329,5790318377,5793488609,3170232,6.501091045383,29973,103355,5,2,21200,73103,13,1
4330,5793488609,5794132805,644196,5.809018023832,21200,73103,13,1,29983,103389,19,2
4331,5794132805,5795700289,1567484,6.195203116490,29983,103389,19,2,29987,103403,13,2
4332,5795700289,5795705305,5016,3.700357527823,29987,103403,13,2,21204,73117,7,1
4333,5795705305,5797267985,1562680,6.193870053859,21204,73117,7,1,29991,103417,7,2
4334,5797267985,5797922425,654440,5.815869835969,29991,103417,7,2,21208,73131,1,1
4335,5797922425,5798403637,481212,5.682336448819,21208,73131,1,1,21209,73134,14,1
4336,5798403637,5798835893,432256,5.635741030283,21209,73134,14,1,29995,103431,1,2
4337,5798835893,5800621273,1785380,6.251730665456,29995,103431,1,2,21213,73148,8,1
4338,5800621273,5802839333,2218060,6.345973289927,21213,73148,8,1,21217,73162,2,1
4339,5802839333,5805790609,2951276,6.470009826129,21217,73162,2,1,30013,103493,3,2
4340,5805790609,5807758325,1967716,6.293962416995,30013,103493,3,2,21226,73193,3,1
4341,5807758325,5809610129,1851804,6.267595017863,21226,73193,3,1,30023,103527,17,2
4342,5809610129,5810459461,849332,5.929077487162,30023,103527,17,2,21231,73210,10,1
4343,5810459461,5811179705,720244,5.857479649073,21231,73210,10,1,30027,103541,11,2
4344,5811179705,5812679401,1499696,6.176003233120,30027,103541,11,2,21235,73224,4,1
4345,5812679401,5812749493,70092,4.845668452287,21235,73224,4,1,30031,103555,5,2
4346,5812749493,5815381681,2632188,6.420316904868,30031,103555,5,2,21240,73241,11,1
4347,5815381681,5816571301,1189620,6.075408256974,21240,73241,11,1,30041,103589,19,2
4348,5816571301,5817602561,1031260,6.013368172878,30041,103589,19,2,21244,73255,5,1
4349,5817602561,5818141817,539256,5.731794985953,21244,73255,5,1,30045,103603,13,2
4350,5818141817,5819712545,1570728,6.196100985596,30045,103603,13,2,30049,103617,7,2
4351,5819712545,5821283485,1570940,6.196159598047,30049,103617,7,2,30053,103631,1,2
4352,5821283485,5822527805,1244320,6.094932081611,30053,103631,1,2,21253,73286,6,1
4353,5822527805,5825232373,2704568,6.432097905228,21253,73286,6,1,21258,73303,13,1
4354,5825232373,5826679765,1447392,6.160586167872,21258,73303,13,1,30067,103679,9,2
4355,5826679765,5827455133,775368,5.889507873393,30067,103679,9,2,21262,73317,7,1
4356,5827455133,5828251645,796512,5.901192323131,21262,73317,7,1,30071,103693,3,2
4357,5828251645,5829678317,1426672,6.154324137821,30071,103693,3,2,21266,73331,1,1
4358,5829678317,5830160845,482528,5.683522519530,21266,73331,1,1,21267,73334,14,1
4359,5830160845,5832078545,1917700,6.282780668249,21267,73334,14,1,30081,103727,17,2
4360,5832078545,5832384545,306000,5.485721426482,30081,103727,17,2,21271,73348,8,1
4361,5832384545,5834608669,2224124,6.347158996496,21271,73348,8,1,21275,73362,2,1
4362,5834608669,5835223973,615304,5.789089738381,21275,73362,2,1,30089,103755,5,2
4363,5835223973,5837316041,2092068,6.320575796612,30089,103755,5,2,21280,73379,9,1
4364,5837316041,5839053161,1737120,6.239829820484,21280,73379,9,1,30099,103789,19,2
4365,5839053161,5839541105,487944,5.688369982071,30099,103789,19,2,21284,73393,3,1
4366,5839541105,5840626709,1085604,6.035671434849,21284,73393,3,1,30103,103803,13,2
4367,5840626709,5842249621,1622912,6.210294971489,30103,103803,13,2,21289,73410,10,1
4368,5842249621,5843774441,1524820,6.183218579669,21289,73410,10,1,30111,103831,1,2
4369,5843774441,5844475625,701184,5.845831997566,30111,103831,1,2,21293,73424,4,1
4370,5844475625,5847185285,2709660,6.432914800326,21293,73424,4,1,21298,73441,11,1
4371,5847185285,5847606433,421148,5.624434742601,21298,73441,11,1,30121,103865,15,2
4372,5847606433,5849181133,1574700,6.197197827488,30121,103865,15,2,30125,103879,9,2
4373,5849181133,5849412229,231096,5.363792428417,30125,103879,9,2,21302,73455,5,1
4374,5849412229,5852123033,2710804,6.433098117803,21302,73455,5,1,21307,73472,12,1
4375,5852123033,5854350917,2227884,6.347892574531,21307,73472,12,1,21311,73486,6,1
4376,5854350917,5854590325,239408,5.379138658593,21311,73486,6,1,30139,103927,17,2
4377,5854590325,5856165965,1575640,6.197456997498,30139,103927,17,2,30143,103941,11,2
4378,5856165965,5857062865,896900,5.952744024015,30143,103941,11,2,21316,73503,13,1
4379,5857062865,5857741817,678952,5.831839071965,21316,73503,13,1,30147,103955,5,2
4380,5857741817,5859291689,1549872,6.190295832371,30147,103955,5,2,21320,73517,7,1
4381,5859291689,5861520937,2229248,6.348158385681,21320,73517,7,1,21324,73531,1,1
4382,5861520937,5861578385,57448,4.759274913719,21324,73531,1,1,30157,103989,19,2
4383,5861578385,5862004781,426396,5.629813121942,30157,103989,19,2,21325,73534,14,1
4384,5862004781,5863154965,1150184,6.060767321912,21325,73534,14,1,30161,104003,13,2
4385,5863154965,5864234545,1079580,6.033254830340,30161,104003,13,2,21329,73548,8,1
4386,5864234545,5864731757,497212,5.696541601609,21329,73548,8,1,30165,104017,7,2
4387,5864731757,5866308761,1577004,6.197832794899,30165,104017,7,2,30169,104031,1,2
4388,5866308761,5866464733,155972,5.193046641066,30169,104031,1,2,21333,73562,2,1
4389,5866464733,5869179485,2714752,6.433730161751,21333,73562,2,1,21338,73579,9,1
4390,5869179485,5870148133,968648,5.986165986101,21338,73579,9,1,30179,104065,15,2
4391,5870148133,5873303809,3155676,6.499092406884,30179,104065,15,2,30187,104093,3,2
4392,5873303809,5874126509,822700,5.915241497306,30187,104093,3,2,21347,73610,10,1
4393,5874126509,5876358577,2232068,6.348707421258,21347,73610,10,1,21351,73624,4,1
4394,5876358577,5877145469,786892,5.895915130043,21351,73624,4,1,30197,104127,17,2
4395,5877145469,5878724141,1578672,6.198291906204,30197,104127,17,2,30201,104141,11,2
4396,5878724141,5879075617,351476,5.545895675235,30201,104141,11,2,21356,73641,11,1
4397,5879075617,5884026809,4951192,6.694709767964,21356,73641,11,1,21365,73672,12,1
4398,5884026809,5884146973,120164,5.079774376626,21365,73672,12,1,30215,104189,19,2
4399,5884146973,5885726585,1579612,6.198550424326,30215,104189,19,2,30219,104203,13,2
4400,5885726585,5887306409,1579824,6.198608707153,30219,104203,13,2,30223,104217,7,2
4401,5887306409,5888886445,1580036,6.198666982159,30223,104217,7,2,30227,104231,1,2
4402,5888886445,5888980085,93640,4.971461405025,30227,104231,1,2,21374,73703,13,1
4403,5888980085,5893450285,4470200,6.650326954218,21374,73703,13,1,21382,73731,1,1
4404,5893450285,5893935445,485160,5.685884987381,21382,73731,1,1,21383,73734,14,1
4405,5893935445,5894313961,378516,5.578084241999,21383,73734,14,1,30241,104279,9,2
4406,5894313961,5895894937,1580976,6.198925277177,30241,104279,9,2,30245,104293,3,2
4407,5895894937,5896171273,276336,5.441437466831,30245,104293,3,2,21387,73748,8,1
4408,5896171273,5898407525,2236252,6.349520741988,21387,73748,8,1,21391,73762,2,1
4409,5898407525,5899743977,1336452,6.125953365255,21391,73762,2,1,30255,104327,17,2
4410,5899743977,5901325681,1581704,6.199125212920,30255,104327,17,2,30259,104341,11,2
4411,5901325681,5902907597,1581916,6.199183418665,30259,104341,11,2,30263,104355,5,2
4412,5902907597,5903366849,459252,5.662051056294,30263,104355,5,2,21400,73793,3,1
4413,5903366849,5906758925,3392076,6.530465574130,21400,73793,3,1,30273,104389,19,2
4414,5906758925,5908328257,1569332,6.195714830467,30273,104389,19,2,21409,73824,4,1
4415,5908328257,5909924425,1596168,6.203078599817,21409,73824,4,1,30281,104417,7,2
4416,5909924425,5911052677,1128252,6.052406112047,30281,104417,7,2,21414,73841,11,1
4417,5911052677,5911507493,454816,5.657835734357,21414,73841,11,1,30285,104431,1,2
4418,5911507493,5913291749,1784256,6.251457165854,30285,104431,1,2,21418,73855,5,1
4419,5913291749,5916945421,3653672,6.562729556978,21418,73855,5,1,30299,104479,9,2
4420,5916945421,5918257325,1311904,6.117902056232,30299,104479,9,2,21427,73886,6,1
4421,5918257325,5920984033,2726708,6.435638632339,21427,73886,6,1,21432,73903,13,1
4422,5920984033,5922385849,1401816,6.146691012611,21432,73903,13,1,30313,104527,17,2
4423,5922385849,5923224985,839136,5.923832353276,30313,104527,17,2,21436,73917,7,1
4424,5923224985,5923970585,745600,5.872505899346,21436,73917,7,1,30317,104541,11,2
4425,5923970585,5925466361,1495776,6.174866560609,30317,104541,11,2,21440,73931,1,1
4426,5925466361,5925555533,89172,4.950228507353,21440,73931,1,1,30321,104555,5,2
4427,5925555533,5928194729,2639196,6.421471644315,30321,104555,5,2,21445,73948,8,1
4428,5928194729,5929414241,1219512,6.086186078129,21445,73948,8,1,30331,104589,19,2
4429,5929414241,5930437045,1022804,6.009792417804,30331,104589,19,2,21449,73962,2,1
4430,5930437045,5930999917,562872,5.750409645271,21449,73962,2,1,30335,104603,13,2
4431,5930999917,5932585805,1585888,6.200272512931,30335,104603,13,2,30339,104617,7,2
4432,5932585805,5933166557,580752,5.763990714103,30339,104617,7,2,21454,73979,9,1
4433,5933166557,5934171905,1005348,6.002316418293,21454,73979,9,1,30343,104631,1,2
4434,5934171905,5935409813,1237908,6.092688369582,30343,104631,1,2,21458,73993,3,1
4435,5935409813,5938033417,2623604,6.418898284365,21458,73993,3,1,30353,104665,15,2
4436,5938033417,5938140469,107052,5.029594785417,30353,104665,15,2,21463,74010,10,1
4437,5938140469,5940384665,2244196,6.351060783957,21463,74010,10,1,21467,74024,4,1
4438,5940384665,5941207285,822620,5.915199264113,21467,74024,4,1,30361,104693,3,2
4439,5941207285,5945071085,3863800,6.587014638151,30361,104693,3,2,30371,104727,17,2
4440,5945071085,5945361601,290516,5.463170055901,30371,104727,17,2,21476,74055,5,1
4441,5945361601,5946658853,1297252,6.113024348928,21476,74055,5,1,30375,104741,11,2
4442,5946658853,5948094545,1435692,6.157061280402,30375,104741,11,2,21481,74072,12,1
4443,5948094545,5948246833,152288,5.182665683119,21481,74072,12,1,30379,104755,5,2
4444,5948246833,5950340621,2093788,6.320932706430,30379,104755,5,2,21485,74086,6,1
4445,5950340621,5952112921,1772300,6.248537237482,21485,74086,6,1,30389,104789,19,2
4446,5952112921,5953074709,961788,5.983079354183,30389,104789,19,2,21490,74103,13,1
4447,5953074709,5953701629,626920,5.797212124921,21490,74103,13,1,30393,104803,13,2
4448,5953701629,5955290549,1588920,6.201102031611,30393,104803,13,2,30397,104817,7,2
4449,5955290549,5955321725,31176,4.493820392785,30397,104817,7,2,21494,74117,7,1
4450,5955321725,5956879681,1557956,6.192555188107,21494,74117,7,1,30401,104831,1,2
4451,5956879681,5957569165,689484,5.838524192495,30401,104831,1,2,21498,74131,1,1
4452,5957569165,5958056957,487792,5.688234673419,21498,74131,1,1,21499,74134,14,1
4453,5958056957,5960304913,2247956,6.351787806388,21499,74134,14,1,21503,74148,8,1
4454,5960304913,5962338433,2033520,6.308248448118,21503,74148,8,1,30415,104879,9,2
4455,5962338433,5962553293,214860,5.332155571396,30415,104879,9,2,21507,74162,2,1
4456,5962553293,5963928505,1375212,6.138369653318,21507,74162,2,1,30419,104893,3,2
4457,5963928505,5965290185,1361680,6.134075058705,30419,104893,3,2,21512,74179,9,1
4458,5965290185,5967799685,2509500,6.399587200018,21512,74179,9,1,30429,104927,17,2
4459,5967799685,5969390485,1590800,6.201615582314,30429,104927,17,2,30433,104941,11,2
4460,5969390485,5970277541,887056,5.947951037784,30433,104941,11,2,21521,74210,10,1
4461,5970277541,5970981497,703956,5.847545514889,21521,74210,10,1,30437,104955,5,2
4462,5970981497,5972527801,1546304,6.189294879326,30437,104955,5,2,21525,74224,4,1
4463,5972527801,5974854965,2327164,6.366826989984,21525,74224,4,1,30447,104989,19,2
4464,5974854965,5975266981,412016,5.614914081511,30447,104989,19,2,21530,74241,11,1
4465,5975266981,5976446705,1179724,6.071780414681,21530,74241,11,1,30451,105003,13,2
4466,5976446705,5977518181,1071476,6.029982447721,30451,105003,13,2,21534,74255,5,1
4467,5977518181,5978038657,520476,5.716400708279,21534,74255,5,1,30455,105017,7,2
4468,5978038657,5979630821,1592164,6.201987799976,30455,105017,7,2,30459,105031,1,2
4469,5979630821,5980258505,627684,5.797741058394,30459,105031,1,2,21539,74272,12,1
4470,5980258505,5983507093,3248588,6.511694635730,21539,74272,12,1,30469,105065,15,2
4471,5983507093,5985099985,1592892,6.202186331109,30469,105065,15,2,30473,105079,9,2
4472,5985099985,5985252113,152128,5.182209155712,30473,105079,9,2,21548,74303,13,1
4473,5985252113,5987505193,2253080,6.352776612470,21548,74303,13,1,21552,74317,7,1
4474,5987505193,5989758697,2253504,6.352858333286,21552,74317,7,1,21556,74331,1,1
4475,5989758697,5990247805,489108,5.689404766333,21556,74331,1,1,21557,74334,14,1
4476,5990247805,5990571649,323844,5.510335855100,21557,74334,14,1,30487,105127,17,2
4477,5990571649,5992165481,1593832,6.202442542080,30487,105127,17,2,30491,105141,11,2
4478,5992165481,5992501825,336344,5.526783684761,30491,105141,11,2,21561,74348,8,1
4479,5992501825,5994756269,2254444,6.353039451977,21561,74348,8,1,21565,74362,2,1
4480,5994756269,5997640373,2884104,6.460010916870,21565,74362,2,1,30505,105189,19,2
4481,5997640373,5999235145,1594772,6.202698601989,30505,105189,19,2,30509,105203,13,2
4482,5999235145,5999755925,520780,5.716654297264,30509,105203,13,2,21574,74393,3,1
4483,5999755925,6002425325,2669400,6.426413656132,21574,74393,3,1,30517,105231,1,2
4484,6002425325,6002501341,76016,4.880905013075,30517,105231,1,2,21579,74410,10,1
4485,6002501341,6004713265,2211924,6.344770200866,21579,74410,10,1,30523,105251,21,2
4486,6004713265,6004757665,44400,4.647382970115,30523,105251,21,2,21583,74424,4,1
4487,6004757665,6006308977,1551312,6.190699151941,21583,74424,4,1,30527,105265,15,2
4488,6006308977,6007504225,1195248,6.077458025667,30527,105265,15,2,21588,74441,11,1
4489,6007504225,6009501037,1996812,6.300337177937,21588,74441,11,1,30535,105293,3,2
4490,6009501037,6009761489,260452,5.415727696711,30535,105293,3,2,21592,74455,5,1
4491,6009761489,6013386977,3625488,6.559366471995,21592,74455,5,1,30545,105327,17,2
4492,6013386977,6014767397,1380420,6.140011242873,30545,105327,17,2,21601,74486,6,1
4493,6014767397,6014983841,216444,5.335345551327,21601,74486,6,1,30549,105341,11,2
4494,6014983841,6016580917,1597076,6.203325583387,30549,105341,11,2,30553,105355,5,2
4495,6016580917,6019775389,3194472,6.504399085832,30553,105355,5,2,21610,74517,7,1
4496,6019775389,6020469145,693756,5.841206752175,21610,74517,7,1,30563,105389,19,2
4497,6020469145,6022034957,1565812,6.194739617068,30563,105389,19,2,21614,74531,1,1
4498,6022034957,6022066949,31992,4.505041391125,21614,74531,1,1,30567,105403,13,2
4499,6022066949,6022525381,458432,5.661274925143,30567,105403,13,2,21615,74534,14,1
4500,6022525381,6023664965,1139584,6.056746343024,21615,74534,14,1,30571,105417,7,2
4501,6023664965,6024785465,1120500,6.049411860871,30571,105417,7,2,21619,74548,8,1
4502,6024785465,6025263193,477728,5.679180696358,21619,74548,8,1,30575,105431,1,2
4503,6025263193,6027045973,1782780,6.251097753337,30575,105431,1,2,21623,74562,2,1
4504,6027045973,6027555481,509508,5.707151007437,21623,74562,2,1,30581,105451,21,2
4505,6027555481,6029797625,2242144,6.350663501389,30581,105451,21,2,21628,74579,9,1
4506,6029797625,6030753181,955556,5.980256143802,21628,74579,9,1,30589,105479,9,2
4507,6030753181,6032059073,1305892,6.115907261362,30589,105479,9,2,21632,74593,3,1
4508,6032059073,6032352349,293276,5.467276524303,21632,74593,3,1,30593,105493,3,2
4509,6032352349,6034811869,2459520,6.390850358448,30593,105493,3,2,21637,74610,10,1
4510,6034811869,6036245669,1433800,6.156488576050,21637,74610,10,1,30603,105527,17,2
4511,6036245669,6037074257,828588,5.918338639351,30603,105527,17,2,21641,74624,4,1
4512,6037074257,6037845565,771308,5.887227835885,21641,74624,4,1,30607,105541,11,2
4513,6037845565,6039445673,1600108,6.204149296544,30607,105541,11,2,30611,105555,5,2
4514,6039445673,6039828197,382524,5.582658688485,30611,105555,5,2,21646,74641,11,1
4515,6039828197,6043341281,3513084,6.545688534164,21646,74641,11,1,30621,105589,19,2
4516,6043341281,6044846609,1505328,6.177631139843,30621,105589,19,2,21655,74672,12,1
4517,6044846609,6044942117,95508,4.980039750750,21655,74672,12,1,30625,105603,13,2
4518,6044942117,6046543165,1601048,6.204404352421,30625,105603,13,2,30629,105617,7,2
4519,6046543165,6047110877,567712,5.754128074213,30629,105617,7,2,21659,74686,6,1
4520,6047110877,6048144425,1033548,6.014330650921,21659,74686,6,1,30633,105631,1,2
4521,6048144425,6049867105,1722680,6.236204611667,30633,105631,1,2,21664,74703,13,1
4522,6049867105,6052042837,2175732,6.337605399257,21664,74703,13,1,30643,105665,15,2
4523,6052042837,6052132313,89476,4.951706560843,30643,105665,15,2,21668,74717,7,1
4524,6052132313,6053644825,1512512,6.179698828953,21668,74717,7,1,30647,105679,9,2
4525,6053644825,6054397945,753120,5.876864180963,30647,105679,9,2,21672,74731,1,1
4526,6054397945,6054889685,491740,5.691735536890,21672,74731,1,1,21673,74734,14,1
4527,6054889685,6057155833,2266148,6.355288269819,21673,74734,14,1,21677,74748,8,1
4528,6057155833,6059147725,1991892,6.299265787363,21677,74748,8,1,30661,105727,17,2
4529,6059147725,6059422405,274680,5.438827038722,30661,105727,17,2,21681,74762,2,1
4530,6059422405,6060750653,1328248,6.123279170646,21681,74762,2,1,30665,105741,11,2
4531,6060750653,6062181437,1430784,6.155574074928,30665,105741,11,2,21686,74779,9,1
4532,6062181437,6062353793,172356,5.236426406523,21686,74779,9,1,30669,105755,5,2
4533,6062353793,6066256781,3902988,6.591397216016,30669,105755,5,2,30679,105789,19,2
4534,6066256781,6067860649,1603868,6.205168622533,30679,105789,19,2,30683,105803,13,2
4535,6067860649,6069464729,1604080,6.205226023981,30683,105803,13,2,30687,105817,7,2
4536,6069464729,6069477577,12848,4.108835527935,30687,105817,7,2,21699,74824,4,1
4537,6069477577,6071069021,1591444,6.201791361198,21699,74824,4,1,30691,105831,1,2
4538,6071069021,6072238897,1169876,6.068139831516,30691,105831,1,2,21704,74841,11,1
4539,6072238897,6073370005,1131108,6.053504074037,21704,74841,11,1,30697,105851,21,2
4540,6073370005,6074508289,1138284,6.056250631343,30697,105851,21,2,21708,74855,5,1
4541,6074508289,6074974813,466524,5.668873990632,21708,74855,5,1,30701,105865,15,2
4542,6074974813,6077270753,2295940,6.360960534419,30701,105865,15,2,21713,74872,12,1
4543,6077270753,6078185065,914312,5.961094419757,21713,74872,12,1,30709,105893,3,2
4544,6078185065,6082304693,4119628,6.614858001266,30709,105893,3,2,21722,74903,13,1
4545,6082304693,6084575965,2271272,6.356269147001,21722,74903,13,1,21726,74917,7,1
4546,6084575965,6085305277,729312,5.862913359444,21726,74917,7,1,30727,105955,5,2
4547,6085305277,6086847661,1542384,6.188192511406,30727,105955,5,2,21730,74931,1,1
4548,6086847661,6087340717,493056,5.692896248100,21730,74931,1,1,21731,74934,14,1
4549,6087340717,6089215645,1874928,6.272984594835,21731,74934,14,1,30737,105989,19,2
4550,6089215645,6089612929,397284,5.599101074868,30737,105989,19,2,21735,74948,8,1
4551,6089612929,6090822545,1209616,6.082647522755,21735,74948,8,1,30741,106003,13,2
4552,6090822545,6091885565,1063020,6.026541435556,30741,106003,13,2,21739,74962,2,1
4553,6091885565,6092429657,544092,5.735672340349,21739,74962,2,1,30745,106017,7,2
4554,6092429657,6094036981,1607324,6.206103429488,30745,106017,7,2,30749,106031,1,2
4555,6094036981,6096342313,2305332,6.362733478700,30749,106031,1,2,30755,106051,21,2
4556,6096342313,6096925553,583240,5.765847301290,30755,106051,21,2,21748,74993,3,1
4557,6096925553,6099558205,2632652,6.420393455206,21748,74993,3,1,30763,106079,9,2
4558,6099558205,6099693109,134904,5.130024827005,30763,106079,9,2,21753,75010,10,1
4559,6099693109,6101166469,1473360,6.168308875092,21753,75010,10,1,30767,106093,3,2
4560,6101166469,6101967625,801156,5.903717089546,30767,106093,3,2,21757,75024,4,1
4561,6101967625,6104736325,2768700,6.442275900707,21757,75024,4,1,21762,75041,11,1
4562,6104736325,6105081929,345604,5.538578760334,21762,75041,11,1,30777,106127,17,2
4563,6105081929,6106690921,1608992,6.206553884767,30777,106127,17,2,30781,106141,11,2
4564,6106690921,6107011781,320860,5.506315579165,30781,106141,11,2,21766,75055,5,1
4565,6107011781,6112058021,5046240,6.702967901789,21766,75055,5,1,21775,75086,6,1
4566,6112058021,6112217873,159852,5.203718074349,21775,75086,6,1,30795,106189,19,2
4567,6112217873,6113827805,1609932,6.206807532772,30795,106189,19,2,30799,106203,13,2
4568,6113827805,6114829009,1001204,6.000522576029,30799,106203,13,2,21780,75103,13,1
4569,6114829009,6115437949,608940,5.784574502891,21780,75103,13,1,30803,106217,7,2
4570,6115437949,6117048305,1610356,6.206921895749,30803,106217,7,2,30807,106231,1,2
4571,6117048305,6119384105,2335800,6.368435654102,30807,106231,1,2,21788,75131,1,1
4572,6119384105,6119878477,494372,5.694053865418,21788,75131,1,1,21789,75134,14,1
4573,6119878477,6120968857,1090380,6.037577876971,21789,75134,14,1,30817,106265,15,2
4574,6120968857,6122156753,1187896,6.074778419935,30817,106265,15,2,21793,75148,8,1
4575,6122156753,6122579941,423188,5.626533344264,21793,75148,8,1,30821,106279,9,2
4576,6122579941,6124435453,1855512,6.268463767371,30821,106279,9,2,21797,75162,2,1
4577,6124435453,6127209245,2773792,6.443073891258,21797,75162,2,1,21802,75179,9,1
4578,6127209245,6128114077,904832,5.956567951309,21802,75179,9,1,30835,106327,17,2
4579,6128114077,6129488885,1374808,6.138242050630,30835,106327,17,2,21806,75193,3,1
4580,6129488885,6129726101,237216,5.375143978442,21806,75193,3,1,30839,106341,11,2
4581,6129726101,6131338337,1612236,6.207428614390,30839,106341,11,2,30843,106355,5,2
4582,6131338337,6132263821,925484,5.966368914962,30843,106355,5,2,21811,75210,10,1
4583,6132263821,6134544401,2280580,6.358045311372,21811,75210,10,1,21815,75224,4,1
4584,6134544401,6135263465,719064,5.856767546308,21815,75224,4,1,30853,106389,19,2
4585,6135263465,6136876429,1612964,6.207624674410,30853,106389,19,2,30857,106403,13,2
4586,6136876429,6137320481,444052,5.647433830454,30857,106403,13,2,21820,75241,11,1
4587,6137320481,6138489605,1169124,6.067860575884,21820,75241,11,1,30861,106417,7,2
4588,6138489605,6139602001,1112396,6.046259418541,30861,106417,7,2,21824,75255,5,1
4589,6139602001,6140102993,500992,5.699830790970,21824,75255,5,1,30865,106431,1,2
4590,6140102993,6142379225,2276232,6.357216524500,30865,106431,1,2,21829,75272,12,1
4591,6142379225,6142417021,37796,4.577445840317,21829,75272,12,1,30871,106451,21,2
4592,6142417021,6144661685,2244664,6.351151341390,30871,106451,21,2,21833,75286,6,1
4593,6144661685,6147259369,2597684,6.414586319407,21833,75286,6,1,30883,106493,3,2
4594,6147259369,6147440053,180684,5.256919696449,30883,106493,3,2,21838,75303,13,1
4595,6147440053,6149723453,2283400,6.358581996719,21838,75303,13,1,21842,75317,7,1
4596,6149723453,6151189589,1466136,6.166174257693,21842,75317,7,1,30893,106527,17,2
4597,6151189589,6152007277,817688,5.912587624300,30893,106527,17,2,21846,75331,1,1
4598,6152007277,6152804645,797368,5.901658802555,21846,75331,1,1,30897,106541,11,2
4599,6152804645,6154419913,1615268,6.208244589370,30897,106541,11,2,30901,106555,5,2
4600,6154419913,6154787305,367392,5.565129695264,30901,106555,5,2,21851,75348,8,1
4601,6154787305,6157072069,2284764,6.358841347167,21851,75348,8,1,21855,75362,2,1
4602,6157072069,6157567961,495892,5.695387102072,21855,75362,2,1,21856,75365,15,1
4603,6157567961,6158352421,784460,5.894570803599,21856,75365,15,1,30911,106589,19,2
4604,6158352421,6159853241,1500820,6.176328608503,30911,106589,19,2,21860,75379,9,1
4605,6159853241,6159968417,115176,5.061361991644,21860,75379,9,1,30915,106603,13,2
4606,6159968417,6163201045,3232628,6.509555730333,30915,106603,13,2,30923,106631,1,2
4607,6163201045,6164921261,1720216,6.235582982790,30923,106631,1,2,21869,75410,10,1
4608,6164921261,6165519421,598160,5.776817367639,21869,75410,10,1,30929,106651,21,2
4609,6165519421,6167207905,1688484,6.227496949636,30929,106651,21,2,21873,75424,4,1
4610,6167207905,6168753505,1545600,6.189097109071,21873,75424,4,1,30937,106679,9,2
4611,6168753505,6169991365,1237860,6.092671529445,30937,106679,9,2,21878,75441,11,1
4612,6169991365,6170370865,379500,5.579211780231,21878,75441,11,1,30941,106693,3,2
4613,6170370865,6172278949,1908084,6.280597489830,30941,106693,3,2,21882,75455,5,1
4614,6172278949,6174308465,2029516,6.307392479494,21882,75455,5,1,30951,106727,17,2
4615,6174308465,6175063553,755088,5.877997568434,30951,106727,17,2,21887,75472,12,1
4616,6175063553,6175926553,863000,5.936010795715,21887,75472,12,1,30955,106741,11,2
4617,6175926553,6177544853,1618300,6.209059034129,30955,106741,11,2,30959,106755,5,2
4618,6177544853,6180137825,2592972,6.413797827101,30959,106755,5,2,21896,75503,13,1
4619,6180137825,6181484741,1346916,6.129340511926,21896,75503,13,1,30969,106789,19,2
4620,6181484741,6182427289,942548,5.974303476230,30969,106789,19,2,21900,75517,7,1
4621,6182427289,6183103769,676480,5.830254961291,21900,75517,7,1,30973,106803,13,2
4622,6183103769,6184717177,1613408,6.207744206039,30973,106803,13,2,21904,75531,1,1
4623,6184717177,6184723009,5832,3.765817515310,21904,75531,1,1,30977,106817,7,2
4624,6184723009,6185214181,491172,5.691233601227,30977,106817,7,2,21905,75534,14,1
4625,6185214181,6186342461,1128280,6.052416889864,21905,75534,14,1,30981,106831,1,2
4626,6186342461,6187504585,1162124,6.065252470260,30981,106831,1,2,21909,75548,8,1
4627,6187504585,6189795413,2290828,6.359992482705,21909,75548,8,1,21913,75562,2,1
4628,6189795413,6190285153,489740,5.689965576899,21913,75562,2,1,30991,106865,15,2
4629,6190285153,6190292621,7468,3.873204309277,30991,106865,15,2,21914,75565,15,1
4630,6190292621,6191905333,1612712,6.207556817495,21914,75565,15,1,30995,106879,9,2
4631,6191905333,6194875733,2970400,6.472814936218,30995,106879,9,2,21922,75593,3,1
4632,6194875733,6197470705,2594972,6.414132676130,21922,75593,3,1,31009,106927,17,2
4633,6197470705,6197665429,194724,5.289419482209,31009,106927,17,2,21927,75610,10,1
4634,6197665429,6199091825,1426396,6.154240112290,21927,75610,10,1,31013,106941,11,2
4635,6199091825,6199958137,866312,5.937674330211,31013,106941,11,2,21931,75624,4,1
4636,6199958137,6200713157,755020,5.877958455966,21931,75624,4,1,31017,106955,5,2
4637,6200713157,6202748977,2035820,6.308739376581,31017,106955,5,2,21936,75641,11,1
4638,6202748977,6207904757,5155780,6.712294377490,21936,75641,11,1,31035,107017,7,2
4639,6207904757,6209527241,1622484,6.210180422732,31035,107017,7,2,31039,107031,1,2
4640,6209527241,6210129197,601956,5.779564747644,31039,107031,1,2,21949,75686,6,1
4641,6210129197,6212922325,2793128,6.446090838465,21949,75686,6,1,21954,75703,13,1
4642,6212922325,6213477313,554988,5.744283592870,21954,75703,13,1,31049,107065,15,2
4643,6213477313,6215217853,1740540,6.240684008419,31049,107065,15,2,21958,75717,7,1
4644,6215217853,6216723949,1506096,6.177852655093,21958,75717,7,1,31057,107093,3,2
4645,6216723949,6217513805,789856,5.897547921536,31057,107093,3,2,21962,75731,1,1
4646,6217513805,6218012125,498320,5.697508317866,21962,75731,1,1,21963,75734,14,1
4647,6218012125,6220308593,2296468,6.361060398145,21963,75734,14,1,21967,75748,8,1
4648,6220308593,6220676309,367716,5.565512527232,21967,75748,8,1,31067,107127,17,2
4649,6220676309,6222300461,1624152,6.210626671255,31067,107127,17,2,31071,107141,11,2
4650,6222300461,6222605485,305024,5.484334011994,31071,107141,11,2,21971,75762,2,1
4651,6222605485,6225401417,2795932,6.446526604705,21971,75762,2,1,21976,75779,9,1
4652,6225401417,6227699249,2297832,6.361318273203,21976,75779,9,1,21980,75793,3,1
4653,6227699249,6227879473,180224,5.255812624454,21980,75793,3,1,31085,107189,19,2
4654,6227879473,6229504565,1625092,6.210877952368,31085,107189,19,2,31089,107203,13,2
4655,6229504565,6231129869,1625304,6.210934604192,31089,107203,13,2,31093,107217,7,2
4656,6231129869,6232755385,1625516,6.210991248626,31093,107217,7,2,31097,107231,1,2
4657,6232755385,6232795097,39712,4.598921759819,31097,107231,1,2,21989,75824,4,1
4658,6232795097,6235086805,2291708,6.360159280805,21989,75824,4,1,31103,107251,21,2
4659,6235086805,6235593317,506512,5.704589738881,31103,107251,21,2,21994,75841,11,1
4660,6235593317,6237893029,2299712,6.361673451390,21994,75841,11,1,21998,75855,5,1
4661,6237893029,6238339081,446052,5.649385490992,21998,75855,5,1,31111,107279,9,2
4662,6238339081,6239965537,1626456,6.211242318945,31111,107279,9,2,31115,107293,3,2
4663,6239965537,6240692393,726856,5.861448379773,31115,107293,3,2,22003,75872,12,1
4664,6240692393,6242993045,2300652,6.361850931615,22003,75872,12,1,22007,75886,6,1
4665,6242993045,6243925277,932232,5.969524006540,22007,75886,6,1,31125,107327,17,2
4666,6243925277,6245552461,1627184,6.211436665209,31125,107327,17,2,31129,107341,11,2
4667,6245552461,6245793553,241092,5.382182799703,31129,107341,11,2,22012,75903,13,1
4668,6245793553,6247179857,1386304,6.141858476340,22012,75903,13,1,31133,107355,5,2
4669,6247179857,6248095145,915288,5.961557768526,31133,107355,5,2,22016,75917,7,1
4670,6248095145,6250397161,2302016,6.362108337837,22016,75917,7,1,22020,75931,1,1
4671,6250397161,6250896797,499636,5.698653722813,22020,75931,1,1,22021,75934,14,1
4672,6250896797,6251141885,245088,5.389322047844,22021,75934,14,1,31143,107389,19,2
4673,6251141885,6252770009,1628124,6.211687478234,31143,107389,19,2,31147,107403,13,2
4674,6252770009,6253199329,429320,5.632781120688,31147,107403,13,2,22025,75948,8,1
4675,6253199329,6254398345,1199016,6.078824978483,22025,75948,8,1,31151,107417,7,2
4676,6254398345,6255502285,1103940,6.042945469791,31151,107417,7,2,22029,75962,2,1
4677,6255502285,6256026893,524608,5.719834909071,22029,75962,2,1,31155,107431,1,2
4678,6256026893,6258305597,2278704,6.357687914686,31155,107431,1,2,22034,75979,9,1
4679,6258305597,6261621001,3315404,6.520536457109,22034,75979,9,1,31169,107479,9,2
4680,6261621001,6263413949,1792948,6.253567694113,31169,107479,9,2,22043,76010,10,1
4681,6263413949,6265718785,2304836,6.362640028715,22043,76010,10,1,22047,76024,4,1
4682,6265718785,6267217609,1498824,6.175750638641,22047,76024,4,1,31183,107527,17,2
4683,6267217609,6268524385,1306776,6.116201149707,31183,107527,17,2,22052,76041,11,1
4684,6268524385,6268847825,323440,5.509793728326,22052,76041,11,1,31187,107541,11,2
4685,6268847825,6270478253,1630428,6.212301625041,31187,107541,11,2,31191,107555,5,2
4686,6270478253,6270830161,351908,5.546429139857,31191,107555,5,2,22056,76055,5,1
4687,6270830161,6273636905,2806744,6.448202802924,22056,76055,5,1,22061,76072,12,1
4688,6273636905,6274447661,810756,5.908890171353,22061,76072,12,1,31201,107589,19,2
4689,6274447661,6276078817,1631156,6.212495497950,31201,107589,19,2,31205,107603,13,2
4690,6276078817,6277710185,1631368,6.212551939178,31205,107603,13,2,31209,107617,7,2
4691,6277710185,6278751509,1041324,6.017585877944,31209,107617,7,2,22070,76103,13,1
4692,6278751509,6279341765,590256,5.771040410412,22070,76103,13,1,31213,107631,1,2
4693,6279341765,6281059165,1717400,6.234871458563,31213,107631,1,2,22074,76117,7,1
4694,6281059165,6281681881,622716,5.794290024582,22074,76117,7,1,31219,107651,21,2
4695,6281681881,6283313977,1632096,6.212745700401,31219,107651,21,2,31223,107665,15,2
4696,6283313977,6283367245,53268,4.726466391073,31223,107665,15,2,22078,76131,1,1
4697,6283367245,6283868197,500952,5.699796114822,22078,76131,1,1,22079,76134,14,1
4698,6283868197,6286176793,2308596,6.363347938841,22079,76134,14,1,22083,76148,8,1
4699,6286176793,6286578805,402012,5.604239016905,22083,76148,8,1,31231,107693,3,2
4700,6286578805,6288485813,1907008,6.280352514938,31231,107693,3,2,22087,76162,2,1
4701,6288485813,6288986969,501156,5.699972934237,22087,76162,2,1,22088,76165,15,1
4702,6288986969,6290553305,1566336,6.194884929685,22088,76165,15,1,31241,107727,17,2
4703,6290553305,6292186553,1633248,6.213052135045,31241,107727,17,2,31245,107741,11,2
4704,6292186553,6293606465,1419912,6.152261429525,31245,107741,11,2,22096,76193,3,1
4705,6293606465,6293820013,213548,5.329495508364,22096,76193,3,1,31249,107755,5,2
4706,6293820013,6296418301,2598288,6.414687287568,31249,107755,5,2,22101,76210,10,1
4707,6296418301,6297796801,1378500,6.139406770442,22101,76210,10,1,31259,107789,19,2
4708,6297796801,6298729201,932400,5.969602264849,31259,107789,19,2,22105,76224,4,1
4709,6298729201,6299430989,701788,5.846205937863,22105,76224,4,1,31263,107803,13,2
4710,6299430989,6301065389,1634400,6.213358353624,31263,107803,13,2,31267,107817,7,2
4711,6301065389,6302700001,1634612,6.213414682834,31267,107817,7,2,31271,107831,1,2
4712,6302700001,6303854021,1154020,6.062213335522,31271,107831,1,2,22114,76255,5,1
4713,6303854021,6305044465,1190444,6.075708970457,22114,76255,5,1,31277,107851,21,2
4714,6305044465,6308314933,3270468,6.514609904120,31277,107851,21,2,31285,107879,9,2
4715,6308314933,6308980925,665992,5.823469012388,31285,107879,9,2,22123,76286,6,1
4716,6308980925,6309950485,969560,5.986574690014,22123,76286,6,1,31289,107893,3,2
4717,6309950485,6311796193,1845708,6.266162994621,31289,107893,3,2,22128,76303,13,1
4718,6311796193,6313932365,2136172,6.329636218227,22128,76303,13,1,31299,107927,17,2
4719,6313932365,6314109913,177548,5.249315784529,31299,107927,17,2,22132,76317,7,1
4720,6314109913,6315568645,1458732,6.163975510117,22132,76317,7,1,31303,107941,11,2
4721,6315568645,6316424057,855412,5.932175338389,31303,107941,11,2,22136,76331,1,1
4722,6316424057,6316926325,502268,5.700935509702,22136,76331,1,1,22137,76334,14,1
4723,6316926325,6317205137,278812,5.445311461756,22137,76334,14,1,31307,107955,5,2
4724,6317205137,6319240985,2035848,6.308745349684,31307,107955,5,2,22141,76348,8,1
4725,6319240985,6321189305,1948320,6.289660288693,22141,76348,8,1,31317,107989,19,2
4726,6321189305,6321556069,366764,5.564386700584,31317,107989,19,2,22145,76362,2,1
4727,6321556069,6322826525,1270456,6.103959628624,22145,76362,2,1,31321,108003,13,2
4728,6322826525,6324374141,1547616,6.189663211018,31321,108003,13,2,22150,76379,9,1
4729,6324374141,6326101601,1727460,6.237407999907,22150,76379,9,1,31329,108031,1,2
4730,6326101601,6326690165,588564,5.769793694598,31329,108031,1,2,22154,76393,3,1
4731,6326690165,6329509381,2819216,6.450128351506,22154,76393,3,1,22159,76410,10,1
4732,6329509381,6330088573,579192,5.762822554605,22159,76410,10,1,31339,108065,15,2
4733,6330088573,6331726945,1638372,6.214412517207,31339,108065,15,2,31343,108079,9,2
4734,6331726945,6331826345,99400,4.997386384397,31343,108079,9,2,22163,76424,4,1
4735,6331826345,6334646705,2820360,6.450304546630,22163,76424,4,1,22168,76441,11,1
4736,6334646705,6336964609,2317904,6.365095444944,22168,76441,11,1,22172,76455,5,1
4737,6336964609,6337354789,390180,5.591265004392,22172,76455,5,1,31357,108127,17,2
4738,6337354789,6339786113,2431324,6.385842837098,31357,108127,17,2,22177,76472,12,1
4739,6339786113,6342104957,2318844,6.365271532503,22177,76472,12,1,22181,76486,6,1
4740,6342104957,6344625173,2520216,6.401437764428,22181,76486,6,1,31375,108189,19,2
4741,6344625173,6344927605,302432,5.480627741486,31375,108189,19,2,22186,76503,13,1
4742,6344927605,6346265425,1337820,6.126397684235,22186,76503,13,1,31379,108203,13,2
4743,6346265425,6347905889,1640464,6.214966704230,31379,108203,13,2,31383,108217,7,2
4744,6347905889,6349546565,1640676,6.215022825230,31383,108217,7,2,31387,108231,1,2
4745,6349546565,6349567597,21032,4.322880573098,31387,108231,1,2,22194,76531,1,1
4746,6349567597,6350071181,503584,5.702071923139,22194,76531,1,1,22195,76534,14,1
4747,6350071181,6351899725,1828544,6.262105415168,22195,76534,14,1,31393,108251,21,2
4748,6351899725,6352391905,492180,5.692123961935,31393,108251,21,2,22199,76548,8,1
4749,6352391905,6353540917,1149012,6.060324564377,22199,76548,8,1,31397,108265,15,2
4750,6353540917,6354713053,1172136,6.068978004705,31397,108265,15,2,22203,76562,2,1
4751,6354713053,6355216841,503788,5.702247818589,22203,76562,2,1,22204,76565,15,1
4752,6355216841,6356823937,1607096,6.206041820152,22204,76565,15,1,31405,108293,3,2
4753,6356823937,6357538505,714568,5.854043563595,31405,108293,3,2,22208,76579,9,1
4754,6357538505,6360820577,3282072,6.516148104097,22208,76579,9,1,31415,108327,17,2
4755,6360820577,6362462921,1642344,6.215464128213,31415,108327,17,2,31419,108341,11,2
4756,6362462921,6362687189,224268,5.350767310075,31419,108341,11,2,22217,76610,10,1
4757,6362687189,6364105477,1418288,6.151764428386,22217,76610,10,1,31423,108355,5,2
4758,6364105477,6365010217,904740,5.956523791594,31423,108355,5,2,22221,76624,4,1
4759,6365010217,6367837957,2827740,6.451439475225,22221,76624,4,1,22226,76641,11,1
4760,6367837957,6368104405,266448,5.425612464707,22226,76641,11,1,31433,108389,19,2
4761,6368104405,6369747689,1643284,6.215712626718,31433,108389,19,2,31437,108403,13,2
4762,6369747689,6371391185,1643496,6.215768651417,31437,108403,13,2,31441,108417,7,2
4763,6371391185,6372990809,1599624,6.204017911459,31441,108417,7,2,22235,76672,12,1
4764,6372990809,6373034893,44084,4.644280993718,22235,76672,12,1,31445,108431,1,2
4765,6373034893,6378145745,5110852,6.708493304842,31445,108431,1,2,22244,76703,13,1
4766,6378145745,6378681061,535316,5.728610224157,22244,76703,13,1,31459,108479,9,2
4767,6378681061,6380325709,1644648,6.216072961243,31459,108479,9,2,31463,108493,3,2
4768,6380325709,6380471593,145884,5.164007662745,31463,108493,3,2,22248,76717,7,1
4769,6380471593,6382797865,2326272,6.366660493364,22248,76717,7,1,22252,76731,1,1
4770,6382797865,6384329729,1531864,6.185220210028,22252,76731,1,1,31473,108527,17,2
4771,6384329729,6385629553,1299824,6.113884551535,31473,108527,17,2,22257,76748,8,1
4772,6385629553,6385975105,345552,5.538513410940,22257,76748,8,1,31477,108541,11,2
4773,6385975105,6387620693,1645588,6.216321111725,31477,108541,11,2,31481,108555,5,2
4774,6387620693,6387956765,336072,5.526432330523,31481,108555,5,2,22261,76762,2,1
4775,6387956765,6388461869,505104,5.703380807774,22261,76762,2,1,22262,76765,15,1
4776,6388461869,6391627001,3165132,6.500391826731,22262,76765,15,1,31491,108589,19,2
4777,6391627001,6393117749,1490748,6.173404235365,31491,108589,19,2,22270,76793,3,1
4778,6393117749,6393273317,155568,5.191920268408,22270,76793,3,1,31495,108603,13,2
4779,6393273317,6394919845,1646528,6.216569120497,31495,108603,13,2,31499,108617,7,2
4780,6394919845,6396566585,1646740,6.216625034823,31499,108617,7,2,31503,108631,1,2
4781,6396566585,6398280817,1714232,6.234069597926,31503,108631,1,2,22279,76824,4,1
4782,6398280817,6400575697,2294880,6.360759981071,22279,76824,4,1,31513,108665,15,2
4783,6400575697,6401115937,540240,5.732586736712,31513,108665,15,2,22284,76841,11,1
4784,6401115937,6402223165,1107228,6.044237059854,22284,76841,11,1,31517,108679,9,2
4785,6402223165,6403445969,1222804,6.087356850708,31517,108679,9,2,22288,76855,5,1
4786,6403445969,6407882245,4436276,6.647018557664,22288,76855,5,1,31531,108727,17,2
4787,6407882245,6408613205,730960,5.863893611904,31531,108727,17,2,22297,76886,6,1
4788,6408613205,6409530653,917448,5.962581458261,22297,76886,6,1,31535,108741,11,2
4789,6409530653,6411179273,1648620,6.217120564122,31535,108741,11,2,31539,108755,5,2
4790,6411179273,6411450613,271340,5.433513820665,31539,108755,5,2,22302,76903,13,1
4791,6411450613,6413782525,2331912,6.367712157307,22302,76903,13,1,22306,76917,7,1
4792,6413782525,6415192961,1410436,6.149353384375,22306,76917,7,1,31549,108789,19,2
4793,6415192961,6416114861,921900,5.964683814976,31549,108789,19,2,22310,76931,1,1
4794,6416114861,6416621077,506216,5.704335867811,22310,76931,1,1,22311,76934,14,1
4795,6416621077,6416842309,221232,5.344847945500,22311,76934,14,1,31553,108803,13,2
4796,6416842309,6418491869,1649560,6.217368116908,31553,108803,13,2,31557,108817,7,2
4797,6418491869,6418953929,462060,5.664698373775,31557,108817,7,2,22315,76948,8,1
4798,6418953929,6420141641,1187712,6.074711144371,22315,76948,8,1,31561,108831,1,2
4799,6420141641,6421287205,1145564,6.059019357227,31561,108831,1,2,22319,76962,2,1
4800,6421287205,6422507845,1220640,6.086587597551,22319,76962,2,1,31567,108851,21,2
4801,6422507845,6424127417,1619572,6.209400259853,31567,108851,21,2,22324,76979,9,1
4802,6424127417,6424158133,30716,4.487364658917,22324,76979,9,1,31571,108865,15,2
4803,6424158133,6426461633,2303500,6.362388216589,31571,108865,15,2,22328,76993,3,1
4804,6426461633,6427459345,997712,5.999005195735,22328,76993,3,1,31579,108893,3,2
4805,6427459345,6429302989,1843644,6.265677064352,31579,108893,3,2,22333,77010,10,1
4806,6429302989,6431478125,2175136,6.337486416327,22333,77010,10,1,31589,108927,17,2
4807,6431478125,6431638145,160020,5.204174266074,31589,108927,17,2,22337,77024,4,1
4808,6431638145,6433129565,1491420,6.173599962700,22337,77024,4,1,31593,108941,11,2
4809,6433129565,6434480645,1351080,6.130681065180,31593,108941,11,2,22342,77041,11,1
4810,6434480645,6434781217,300572,5.477948521122,22342,77041,11,1,31597,108955,5,2
4811,6434781217,6436816741,2035524,6.308676227328,31597,108955,5,2,22346,77055,5,1
4812,6436816741,6438802285,1985544,6.297879515548,22346,77055,5,1,31607,108989,19,2
4813,6438802285,6439660385,858100,5.933537901972,31607,108989,19,2,22351,77072,12,1
4814,6439660385,6440454665,794280,5.899973627136,22351,77072,12,1,31611,109003,13,2
4815,6440454665,6441997421,1542756,6.188297244123,31611,109003,13,2,22355,77086,6,1
4816,6441997421,6442107257,109836,5.040744708410,22355,77086,6,1,31615,109017,7,2
4817,6442107257,6443760061,1652804,6.218221355226,31615,109017,7,2,31619,109031,1,2
4818,6443760061,6446130613,2370552,6.374849486365,31619,109031,1,2,31625,109051,21,2
4819,6446130613,6447180185,1049572,6.021012236277,31625,109051,21,2,22364,77117,7,1
4820,6447180185,6449437465,2257280,6.353585433651,22364,77117,7,1,31633,109079,9,2
4821,6449437465,6449518585,81120,4.909127941989,31633,109079,9,2,22368,77131,1,1
4822,6449518585,6450026117,507532,5.705463429808,22368,77131,1,1,22369,77134,14,1
4823,6450026117,6451091209,1065092,6.027387122673,22369,77134,14,1,31637,109093,3,2
4824,6451091209,6452365033,1273824,6.105109427129,31637,109093,3,2,22373,77148,8,1
4825,6452365033,6454704373,2339340,6.369093346817,22373,77148,8,1,22377,77162,2,1
4826,6454704373,6455117369,412996,5.615945845394,22377,77162,2,1,31647,109127,17,2
4827,6455117369,6455212109,94740,4.976533380392,31647,109127,17,2,22378,77165,15,1
4828,6455212109,6456771841,1559732,6.193049982380,22378,77165,15,1,31651,109141,11,2
4829,6456771841,6457551965,780124,5.892163638890,31651,109141,11,2,22382,77179,9,1
4830,6457551965,6462454973,4903008,6.690462601864,22382,77179,9,1,31665,109189,19,2
4831,6462454973,6462740981,286008,5.456378181057,31665,109189,19,2,22391,77210,10,1
4832,6462740981,6464110385,1369404,6.136531592098,22391,77210,10,1,31669,109203,13,2
4833,6464110385,6465082201,971816,5.987584045020,31669,109203,13,2,22395,77224,4,1
4834,6465082201,6465766009,683808,5.834934177384,22395,77224,4,1,31673,109217,7,2
4835,6465766009,6467421845,1655836,6.219017320479,31673,109217,7,2,31677,109231,1,2
4836,6467421845,6467932081,510236,5.707771097256,31677,109231,1,2,22400,77241,11,1
4837,6467932081,6470274241,2342160,6.369616559713,22400,77241,11,1,22404,77255,5,1
4838,6470274241,6471453097,1178856,6.071460758255,22404,77255,5,1,31687,109265,15,2
4839,6471453097,6473109661,1656564,6.219208219155,31687,109265,15,2,31691,109279,9,2
4840,6473109661,6473125265,15604,4.193235941640,31691,109279,9,2,22409,77272,12,1
4841,6473125265,6478320533,5195268,6.715607955727,22409,77272,12,1,22418,77303,13,1
4842,6478320533,6480457481,2136948,6.329793954271,22418,77303,13,1,31709,109341,11,2
4843,6480457481,6480664573,207092,5.316163322346,31709,109341,11,2,22422,77317,7,1
4844,6480664573,6482115197,1450624,6.161554858415,22422,77317,7,1,31713,109355,5,2
4845,6482115197,6483009037,893840,5.951259785758,31713,109355,5,2,22426,77331,1,1
4846,6483009037,6483517885,508848,5.706588071885,22426,77331,1,1,22427,77334,14,1
4847,6483517885,6485862865,2344980,6.370139143031,22427,77334,14,1,22431,77348,8,1
4848,6485862865,6486151025,288160,5.459633695475,22431,77348,8,1,31723,109389,19,2
4849,6486151025,6487809469,1658444,6.219700811459,31723,109389,19,2,31727,109403,13,2
4850,6487809469,6488208269,398800,5.600755149640,31727,109403,13,2,22435,77362,2,1
4851,6488208269,6488717321,509052,5.706762148073,22435,77362,2,1,22436,77365,15,1
4852,6488717321,6491126993,2409672,6.381957931253,22436,77365,15,1,31735,109431,1,2
4853,6491126993,6493409585,2282592,6.358428290823,31735,109431,1,2,22444,77393,3,1
4854,6493409585,6493506241,96656,4.985228818385,22444,77393,3,1,31741,109451,21,2
4855,6493506241,6496265701,2759460,6.440824103092,31741,109451,21,2,22449,77410,10,1
4856,6496265701,6498485029,2219328,6.346221492436,22449,77410,10,1,31753,109493,3,2
4857,6498485029,6498612985,127956,5.107060655255,31753,109493,3,2,22453,77424,4,1
4858,6498612985,6501470245,2857260,6.455949761358,22453,77424,4,1,22458,77441,11,1
4859,6501470245,6502525949,1055704,6.023542167074,22458,77441,11,1,31763,109527,17,2
4860,6502525949,6503818469,1292520,6.111437271938,31763,109527,17,2,22462,77455,5,1
4861,6503818469,6504186485,368016,5.565866700632,22462,77455,5,1,31767,109541,11,2
4862,6504186485,6505847233,1660748,6.220303738103,31767,109541,11,2,31771,109555,5,2
4863,6505847233,6509026037,3178804,6.502263750833,31771,109555,5,2,22471,77486,6,1
4864,6509026037,6509890441,864404,5.936716767899,22471,77486,6,1,31781,109589,19,2
4865,6509890441,6511885585,1995144,6.299974246463,31781,109589,19,2,22476,77503,13,1
4866,6511885585,6513213605,1328020,6.123204615562,22476,77503,13,1,31789,109617,7,2
4867,6513213605,6514235689,1022084,6.009486589769,31789,109617,7,2,22480,77517,7,1
4868,6514235689,6514875505,639816,5.806055096368,22480,77517,7,1,31793,109631,1,2
4869,6514875505,6516586217,1710712,6.233176901804,31793,109631,1,2,22484,77531,1,1
4870,6516586217,6517096381,510164,5.707709809129,22484,77531,1,1,22485,77534,14,1
4871,6517096381,6517259101,162720,5.211440935579,22485,77534,14,1,31799,109651,21,2
4872,6517259101,6519447425,2188324,6.340111623418,31799,109651,21,2,22489,77548,8,1
4873,6519447425,6520584145,1136720,6.055653501248,22489,77548,8,1,31807,109679,9,2
4874,6520584145,6521798893,1214748,6.084486192699,31807,109679,9,2,22493,77562,2,1
4875,6521798893,6522246985,448092,5.651367190316,22493,77562,2,1,31811,109693,3,2
4876,6522246985,6524661245,2414260,6.382784038953,31811,109693,3,2,22498,77579,9,1
4877,6524661245,6526295285,1634040,6.213262683510,22498,77579,9,1,31821,109727,17,2
4878,6526295285,6527013653,718368,5.856346978263,31821,109727,17,2,22502,77593,3,1
4879,6527013653,6527958853,945200,5.975523712960,22502,77593,3,1,31825,109741,11,2
4880,6527958853,6529622633,1663780,6.221095899417,31825,109741,11,2,31829,109755,5,2
4881,6529622633,6529877149,254516,5.405715089200,31829,109755,5,2,22507,77610,10,1
4882,6529877149,6532230497,2353348,6.371686152975,22507,77610,10,1,22511,77624,4,1
4883,6532230497,6533673221,1442724,6.159183256428,22511,77624,4,1,31839,109789,19,2
4884,6533673221,6535095137,1421916,6.152873941110,31839,109789,19,2,22516,77641,11,1
4885,6535095137,6535337729,242592,5.384876474959,22516,77641,11,1,31843,109803,13,2
4886,6535337729,6537002449,1664720,6.221341197193,31843,109803,13,2,31847,109817,7,2
4887,6537002449,6538667381,1664932,6.221396500528,31847,109817,7,2,31851,109831,1,2
4888,6538667381,6540315209,1647828,6.216911878144,31851,109831,1,2,22525,77672,12,1
4889,6540315209,6542670437,2355228,6.372032955774,22525,77672,12,1,22529,77686,6,1
4890,6542670437,6542720773,50336,4.701878700943,22529,77686,6,1,31861,109865,15,2
4891,6542720773,6544386433,1665660,6.221586356499,31861,109865,15,2,31865,109879,9,2
4892,6544386433,6545537365,1150932,6.061049665161,31865,109879,9,2,22534,77703,13,1
4893,6545537365,6547893533,2356168,6.372206253378,22534,77703,13,1,22538,77717,7,1
4894,6547893533,6550107985,2214452,6.345266271046,22538,77717,7,1,31879,109927,17,2
4895,6550107985,6550250125,142140,5.152716311106,31879,109927,17,2,22542,77731,1,1
4896,6550250125,6550761605,511480,5.708828656505,22542,77731,1,1,22543,77734,14,1
4897,6550761605,6551774585,1012980,6.005600870853,22543,77734,14,1,31883,109941,11,2
4898,6551774585,6553118713,1344128,6.128440628128,31883,109941,11,2,22547,77748,8,1
4899,6553118713,6553441397,322684,5.508777431831,22547,77748,8,1,31887,109955,5,2
4900,6553441397,6555476245,2034848,6.308531973646,31887,109955,5,2,22551,77762,2,1
4901,6555476245,6555987929,511684,5.709001837100,22551,77762,2,1,22552,77765,15,1
4902,6555987929,6557499365,1511436,6.179389762208,22552,77765,15,1,31897,109989,19,2
4903,6557499365,6558345977,846612,5.927684419934,31897,109989,19,2,22556,77779,9,1
4904,6558345977,6559166905,820928,5.914305068722,22556,77779,9,1,31901,110003,13,2
4905,6559166905,6560834657,1667752,6.222131470139,31901,110003,13,2,31905,110017,7,2
4906,6560834657,6562502621,1667964,6.222186672938,31905,110017,7,2,31909,110031,1,2
4907,6562502621,6564894913,2392292,6.378814187962,31909,110031,1,2,31915,110051,21,2
4908,6564894913,6565934737,1039824,6.016959837090,31915,110051,21,2,22569,77824,4,1
4909,6565934737,6566563393,628656,5.798413064890,22569,77824,4,1,31919,110065,15,2
4910,6566563393,6568806757,2243364,6.350899746327,31919,110065,15,2,22574,77841,11,1
4911,6568806757,6569900989,1094232,6.039109411246,22574,77841,11,1,31927,110093,3,2
4912,6569900989,6571167109,1266120,6.102474869084,31927,110093,3,2,22578,77855,5,1
4913,6571167109,6573964049,2796940,6.446683149980,22578,77855,5,1,31937,110127,17,2
4914,6573964049,6574040273,76224,4.882091735467,31937,110127,17,2,22583,77872,12,1
4915,6574040273,6575633681,1593408,6.202326993291,22583,77872,12,1,31941,110141,11,2
4916,6575633681,6579275873,3642192,6.561362836116,31941,110141,11,2,22592,77903,13,1
4917,6579275873,6581368873,2093000,6.320769228339,22592,77903,13,1,31955,110189,19,2
4918,6581368873,6583039445,1670572,6.222865198040,31955,110189,19,2,31959,110203,13,2
4919,6583039445,6584000761,961316,5.982866170705,31959,110203,13,2,22600,77931,1,1
4920,6584000761,6584513557,512796,5.709944628865,22600,77931,1,1,22601,77934,14,1
4921,6584513557,6584710229,196672,5.293742534240,22601,77934,14,1,31963,110217,7,2
4922,6584710229,6586381225,1670996,6.222975410288,31963,110217,7,2,31967,110231,1,2
4923,6586381225,6586876729,495504,5.695047164716,31967,110231,1,2,22605,77948,8,1
4924,6586876729,6588777865,1901136,6.279013185743,22605,77948,8,1,31973,110251,21,2
4925,6588777865,6589240325,462460,5.665074174847,31973,110251,21,2,22609,77962,2,1
4926,6589240325,6592121101,2880776,6.459509490233,22609,77962,2,1,31981,110279,9,2
4927,6592121101,6593793037,1671936,6.223219649073,31981,110279,9,2,31985,110293,3,2
4928,6593793037,6594481973,688936,5.838178879182,31985,110293,3,2,22618,77993,3,1
4929,6594481973,6597360229,2878256,6.459129418663,22618,77993,3,1,22623,78010,10,1
4930,6597360229,6597863477,503248,5.701782057598,22623,78010,10,1,31995,110327,17,2
4931,6597863477,6599725705,1862228,6.270032852306,31995,110327,17,2,22627,78024,4,1
4932,6599725705,6601209017,1483312,6.171232510183,22627,78024,4,1,32003,110355,5,2
4933,6601209017,6602605105,1396088,6.144912794154,32003,110355,5,2,22632,78041,11,1
4934,6602605105,6604971521,2366416,6.374091093049,22632,78041,11,1,22636,78055,5,1
4935,6604971521,6605281745,310224,5.491675393298,22636,78055,5,1,32013,110389,19,2
4936,6605281745,6606955349,1673604,6.223652705175,32013,110389,19,2,32017,110403,13,2
4937,6606955349,6608629165,1673816,6.223707714961,32017,110403,13,2,32021,110417,7,2
4938,6608629165,6610219421,1590256,6.201467042835,32021,110417,7,2,22645,78086,6,1
4939,6610219421,6610303193,83772,4.923098884054,22645,78086,6,1,32025,110431,1,2
4940,6610303193,6613101109,2797916,6.446834671813,32025,110431,1,2,22650,78103,13,1
4941,6613101109,6615469405,2368296,6.374435981468,22650,78103,13,1,22654,78117,7,1
4942,6615469405,6616053481,584076,5.766469361210,22654,78117,7,1,32039,110479,9,2
4943,6616053481,6617838125,1784644,6.251551596216,32039,110479,9,2,22658,78131,1,1
4944,6617838125,6620721473,2883348,6.459897061868,22658,78131,1,1,22663,78148,8,1
4945,6620721473,6621806269,1084796,6.035348075139,22663,78148,8,1,32053,110527,17,2
4946,6621806269,6623091133,1284864,6.108857160994,32053,110527,17,2,22667,78162,2,1
4947,6623091133,6623481965,390832,5.591990115063,22667,78162,2,1,32057,110541,11,2
4948,6623481965,6625157873,1675908,6.224250174086,32057,110541,11,2,32061,110555,5,2
4949,6625157873,6625975625,817752,5.912621614965,32061,110555,5,2,22672,78179,9,1
4950,6625975625,6628346225,2370600,6.374858280065,22672,78179,9,1,22676,78193,3,1
4951,6628346225,6629237981,891756,5.950246040083,22676,78193,3,1,32071,110589,19,2
4952,6629237981,6630914617,1676636,6.224438786905,32071,110589,19,2,32075,110603,13,2
4953,6630914617,6631231861,317244,5.501393417082,32075,110603,13,2,22681,78210,10,1
4954,6631231861,6632591465,1359604,6.133412433622,22681,78210,10,1,32079,110617,7,2
4955,6632591465,6633603401,1011936,6.005153046372,32079,110617,7,2,22685,78224,4,1
4956,6633603401,6634268525,665124,5.822902618981,22685,78224,4,1,32083,110631,1,2
4957,6634268525,6636490181,2221656,6.346676813890,32083,110631,1,2,22690,78241,11,1
4958,6636490181,6636673861,183680,5.264061870718,22690,78241,11,1,32089,110651,21,2
4959,6636673861,6638351437,1677576,6.224682204330,32089,110651,21,2,32093,110665,15,2
4960,6638351437,6638862661,511224,5.708611234084,32093,110665,15,2,22694,78255,5,1
4961,6638862661,6641707225,2844564,6.454015709429,22694,78255,5,1,32101,110693,3,2
4962,6641707225,6641750585,43360,4.637089273530,32101,110693,3,2,22699,78272,12,1
4963,6641750585,6644124005,2373420,6.375374597696,22699,78272,12,1,22703,78286,6,1
4964,6644124005,6645792425,1668420,6.222305387262,22703,78286,6,1,32111,110727,17,2
4965,6645792425,6647013073,1220648,6.086590443881,32111,110727,17,2,22708,78303,13,1
4966,6647013073,6647471153,458080,5.660941330678,22708,78303,13,1,32115,110741,11,2
4967,6647471153,6649150093,1678940,6.225035176106,32115,110741,11,2,32119,110755,5,2
4968,6649150093,6649387433,237340,5.375370938029,32119,110755,5,2,22712,78317,7,1
4969,6649387433,6651762217,2374784,6.375624114224,22712,78317,7,1,22716,78331,1,1
4970,6651762217,6652277645,515428,5.712168007376,22716,78331,1,1,22717,78334,14,1
4971,6652277645,6654652945,2375300,6.375718468747,22717,78334,14,1,22721,78348,8,1
4972,6654652945,6654917249,264304,5.422103735832,22721,78348,8,1,32133,110803,13,2
4973,6654917249,6657028669,2111420,6.324574631005,32133,110803,13,2,22725,78362,2,1
4974,6657028669,6657544301,515632,5.712339861731,22725,78362,2,1,22726,78365,15,1
4975,6657544301,6658277221,732920,5.865056572929,22726,78365,15,1,32141,110831,1,2
4976,6658277221,6659920541,1643320,6.215722140856,32141,110831,1,2,22730,78379,9,1
4977,6659920541,6660686905,766364,5.884435095537,22730,78379,9,1,32147,110851,21,2
4978,6660686905,6664048333,3361428,6.526523813334,32147,110851,21,2,32155,110879,9,2
4979,6664048333,6665190221,1141888,6.057623509017,32155,110879,9,2,22739,78410,10,1
4980,6665190221,6665729365,539144,5.731704776417,22739,78410,10,1,32159,110893,3,2
4981,6665729365,6667567825,1838460,6.264454185215,32159,110893,3,2,22743,78424,4,1
4982,6667567825,6669821945,2254120,6.352977032363,22743,78424,4,1,32169,110927,17,2
4983,6669821945,6671503705,1681760,6.225764018743,32169,110927,17,2,32173,110941,11,2
4984,6671503705,6672840529,1336824,6.126074233844,32173,110941,11,2,22752,78455,5,1
4985,6672840529,6673185677,345148,5.538005361162,22752,78455,5,1,32177,110955,5,2
4986,6673185677,6675735833,2550156,6.406566748225,32177,110955,5,2,22757,78472,12,1
4987,6675735833,6677280545,1544712,6.188847520350,22757,78472,12,1,32187,110989,19,2
4988,6677280545,6678963245,1682700,6.226006694729,32187,110989,19,2,32191,111003,13,2
4989,6678963245,6680646157,1682912,6.226061407174,32191,111003,13,2,32195,111017,7,2
4990,6680646157,6681011765,365608,5.563015690119,32195,111017,7,2,22766,78503,13,1
4991,6681011765,6682329281,1317516,6.119755898017,22766,78503,13,1,32199,111031,1,2
4992,6682329281,6683392189,1062908,6.026495675792,32199,111031,1,2,22770,78517,7,1
4993,6683392189,6685773037,2380848,6.376731669715,22770,78517,7,1,22774,78531,1,1
4994,6685773037,6686289781,516744,5.713275442664,22774,78531,1,1,22775,78534,14,1
4995,6686289781,6686426953,137172,5.137265470799,22775,78534,14,1,32209,111065,15,2
4996,6686426953,6688110805,1683852,6.226303917088,32209,111065,15,2,32213,111079,9,2
4997,6688110805,6688671145,560340,5.748451625786,32213,111079,9,2,22779,78548,8,1
4998,6688671145,6691052933,2381788,6.376903102853,22779,78548,8,1,22783,78562,2,1
4999,6691052933,6691569881,516948,5.713446859440,22783,78562,2,1,22784,78565,15,1
